SellerExternalId,SellerName,SellerEmail,CategoryPath,ProductAsin,ProductTitle,ProductType,Price,Currency,StockQuantity,CustomerExternalId,CustomerFullName,CustomerEmail,OrderExternalId,OrderedAtUtc,OrderStatus,Quantity,ShipmentExternalId,ShipmentStatus,TrackingNumber,DestinationCountry,DestinationCity,DestinationStreet
SEL-001,Seller SEL-001,sel-001@amazon-demo.local,Electronics>Computers>Laptops,ASIN-001-001,Nova Laptop 14,Physical,15.49,USD,20,CUS-001,Customer CUS-001,cus-001@mail.local,ORD-0001,2026-01-01T08:00:00.000Z,Created,1,SHP-0001,Preparing,TRK100000,Ukraine,Kyiv,Shevchenka 10
SEL-002,Seller SEL-002,sel-002@amazon-demo.local,Electronics>Audio>Headphones,ASIN-002-002,EchoSound Pro Headphones,Digital,46.49,USD,21,CUS-002,Customer CUS-002,cus-002@mail.local,ORD-0001,2026-01-02T09:01:00.000Z,Paid,2,SHP-0001,InTransit,TRK100001,Ukraine,Lviv,Soborna 25
SEL-003,Seller SEL-003,sel-003@amazon-demo.local,Books>Technology>Software Engineering,ASIN-003-003,Patterns for Scalable Systems,Physical,77.49,USD,22,CUS-003,Customer CUS-003,cus-003@mail.local,ORD-0002,2026-01-03T10:02:00.000Z,Packed,3,SHP-0002,Delivered,TRK100002,Ukraine,Odesa,Centralna 7
SEL-004,Seller SEL-004,sel-004@amazon-demo.local,Home & Kitchen>Appliances>Coffee Machines,ASIN-004-004,Barista Smart Brewer,Digital,108.49,USD,23,CUS-004,Customer CUS-004,cus-004@mail.local,ORD-0002,2026-01-04T11:03:00.000Z,Shipped,1,SHP-0002,Preparing,TRK100003,Ukraine,Dnipro,Independence 18
SEL-005,Seller SEL-005,sel-005@amazon-demo.local,Toys & Games>Board Games>Strategy,ASIN-005-005,Kingdoms of Logic,Physical,139.49,USD,24,CUS-005,Customer CUS-005,cus-005@mail.local,ORD-0003,2026-01-05T12:04:00.000Z,Delivered,2,SHP-0003,InTransit,TRK100004,Ukraine,Kharkiv,Naukova 12
SEL-006,Seller SEL-006,sel-006@amazon-demo.local,Electronics>Computers>Laptops,ASIN-001-006,Nova Laptop 14,Physical,20.49,USD,25,CUS-006,Customer CUS-006,cus-006@mail.local,ORD-0003,2026-01-06T13:05:00.000Z,Created,3,SHP-0003,Delivered,TRK100005,Ukraine,Kyiv,Shevchenka 10
SEL-007,Seller SEL-007,sel-007@amazon-demo.local,Electronics>Audio>Headphones,ASIN-002-007,EchoSound Pro Headphones,Digital,51.49,USD,26,CUS-007,Customer CUS-007,cus-007@mail.local,ORD-0004,2026-01-07T14:06:00.000Z,Paid,1,SHP-0004,Preparing,TRK100006,Ukraine,Lviv,Soborna 25
SEL-008,Seller SEL-008,sel-008@amazon-demo.local,Books>Technology>Software Engineering,ASIN-003-008,Patterns for Scalable Systems,Physical,82.49,USD,27,CUS-008,Customer CUS-008,cus-008@mail.local,ORD-0004,2026-01-08T15:07:00.000Z,Packed,2,SHP-0004,InTransit,TRK100007,Ukraine,Odesa,Centralna 7
SEL-009,Seller SEL-009,sel-009@amazon-demo.local,Home & Kitchen>Appliances>Coffee Machines,ASIN-004-009,Barista Smart Brewer,Digital,113.49,USD,28,CUS-009,Customer CUS-009,cus-009@mail.local,ORD-0005,2026-01-09T16:08:00.000Z,Shipped,3,SHP-0005,Delivered,TRK100008,Ukraine,Dnipro,Independence 18
SEL-010,Seller SEL-010,sel-010@amazon-demo.local,Toys & Games>Board Games>Strategy,ASIN-005-010,Kingdoms of Logic,Physical,144.49,USD,29,CUS-010,Customer CUS-010,cus-010@mail.local,ORD-0005,2026-01-10T17:09:00.000Z,Delivered,1,SHP-0005,Preparing,TRK100009,Ukraine,Kharkiv,Naukova 12
SEL-011,Seller SEL-011,sel-011@amazon-demo.local,Electronics>Computers>Laptops,ASIN-001-011,Nova Laptop 14,Physical,25.49,USD,30,CUS-011,Customer CUS-011,cus-011@mail.local,ORD-0006,2026-01-11T18:10:00.000Z,Created,2,SHP-0006,InTransit,TRK100010,Ukraine,Kyiv,Shevchenka 10
SEL-012,Seller SEL-012,sel-012@amazon-demo.local,Electronics>Audio>Headphones,ASIN-002-012,EchoSound Pro Headphones,Digital,56.49,USD,31,CUS-012,Customer CUS-012,cus-012@mail.local,ORD-0006,2026-01-12T19:11:00.000Z,Paid,3,SHP-0006,Delivered,TRK100011,Ukraine,Lviv,Soborna 25
SEL-013,Seller SEL-013,sel-013@amazon-demo.local,Books>Technology>Software Engineering,ASIN-003-013,Patterns for Scalable Systems,Physical,87.49,USD,32,CUS-013,Customer CUS-013,cus-013@mail.local,ORD-0007,2026-01-13T08:12:00.000Z,Packed,1,SHP-0007,Preparing,TRK100012,Ukraine,Odesa,Centralna 7
SEL-014,Seller SEL-014,sel-014@amazon-demo.local,Home & Kitchen>Appliances>Coffee Machines,ASIN-004-014,Barista Smart Brewer,Digital,118.49,USD,33,CUS-014,Customer CUS-014,cus-014@mail.local,ORD-0007,2026-01-14T09:13:00.000Z,Shipped,2,SHP-0007,InTransit,TRK100013,Ukraine,Dnipro,Independence 18
SEL-015,Seller SEL-015,sel-015@amazon-demo.local,Toys & Games>Board Games>Strategy,ASIN-005-015,Kingdoms of Logic,Physical,149.49,USD,34,CUS-015,Customer CUS-015,cus-015@mail.local,ORD-0008,2026-01-15T10:14:00.000Z,Delivered,3,SHP-0008,Delivered,TRK100014,Ukraine,Kharkiv,Naukova 12
SEL-016,Seller SEL-016,sel-016@amazon-demo.local,Electronics>Computers>Laptops,ASIN-001-016,Nova Laptop 14,Physical,30.49,USD,35,CUS-016,Customer CUS-016,cus-016@mail.local,ORD-0008,2026-01-16T11:15:00.000Z,Created,1,SHP-0008,Preparing,TRK100015,Ukraine,Kyiv,Shevchenka 10
SEL-017,Seller SEL-017,sel-017@amazon-demo.local,Electronics>Audio>Headphones,ASIN-002-017,EchoSound Pro Headphones,Digital,61.49,USD,36,CUS-017,Customer CUS-017,cus-017@mail.local,ORD-0009,2026-01-17T12:16:00.000Z,Paid,2,SHP-0009,InTransit,TRK100016,Ukraine,Lviv,Soborna 25
SEL-018,Seller SEL-018,sel-018@amazon-demo.local,Books>Technology>Software Engineering,ASIN-003-018,Patterns for Scalable Systems,Physical,75.49,USD,37,CUS-018,Customer CUS-018,cus-018@mail.local,ORD-0009,2026-01-18T13:17:00.000Z,Packed,3,SHP-0009,Delivered,TRK100017,Ukraine,Odesa,Centralna 7
SEL-019,Seller SEL-019,sel-019@amazon-demo.local,Home & Kitchen>Appliances>Coffee Machines,ASIN-004-019,Barista Smart Brewer,Digital,106.49,USD,38,CUS-019,Customer CUS-019,cus-019@mail.local,ORD-0010,2026-01-19T14:18:00.000Z,Shipped,1,SHP-0010,Preparing,TRK100018,Ukraine,Dnipro,Independence 18
SEL-020,Seller SEL-020,sel-020@amazon-demo.local,Toys & Games>Board Games>Strategy,ASIN-005-020,Kingdoms of Logic,Physical,137.49,USD,39,CUS-020,Customer CUS-020,cus-020@mail.local,ORD-0010,2026-01-20T15:19:00.000Z,Delivered,2,SHP-0010,InTransit,TRK100019,Ukraine,Kharkiv,Naukova 12
SEL-021,Seller SEL-021,sel-021@amazon-demo.local,Electronics>Computers>Laptops,ASIN-001-021,Nova Laptop 14,Physical,18.49,USD,40,CUS-021,Customer CUS-021,cus-021@mail.local,ORD-0011,2026-01-21T16:20:00.000Z,Created,3,SHP-0011,Delivered,TRK100020,Ukraine,Kyiv,Shevchenka 10
SEL-022,Seller SEL-022,sel-022@amazon-demo.local,Electronics>Audio>Headphones,ASIN-002-022,EchoSound Pro Headphones,Digital,49.49,USD,41,CUS-022,Customer CUS-022,cus-022@mail.local,ORD-0011,2026-01-22T17:21:00.000Z,Paid,1,SHP-0011,Preparing,TRK100021,Ukraine,Lviv,Soborna 25
SEL-023,Seller SEL-023,sel-023@amazon-demo.local,Books>Technology>Software Engineering,ASIN-003-023,Patterns for Scalable Systems,Physical,80.49,USD,42,CUS-023,Customer CUS-023,cus-023@mail.local,ORD-0012,2026-01-23T18:22:00.000Z,Packed,2,SHP-0012,InTransit,TRK100022,Ukraine,Odesa,Centralna 7
SEL-024,Seller SEL-024,sel-024@amazon-demo.local,Home & Kitchen>Appliances>Coffee Machines,ASIN-004-024,Barista Smart Brewer,Digital,111.49,USD,43,CUS-024,Customer CUS-024,cus-024@mail.local,ORD-0012,2026-01-24T19:23:00.000Z,Shipped,3,SHP-0012,Delivered,TRK100023,Ukraine,Dnipro,Independence 18
SEL-025,Seller SEL-025,sel-025@amazon-demo.local,Toys & Games>Board Games>Strategy,ASIN-005-025,Kingdoms of Logic,Physical,142.49,USD,44,CUS-025,Customer CUS-025,cus-025@mail.local,ORD-0013,2026-01-25T08:24:00.000Z,Delivered,1,SHP-0013,Preparing,TRK100024,Ukraine,Kharkiv,Naukova 12
SEL-026,Seller SEL-026,sel-026@amazon-demo.local,Electronics>Computers>Laptops,ASIN-001-026,Nova Laptop 14,Physical,23.49,USD,45,CUS-026,Customer CUS-026,cus-026@mail.local,ORD-0013,2026-01-26T09:25:00.000Z,Created,2,SHP-0013,InTransit,TRK100025,Ukraine,Kyiv,Shevchenka 10
SEL-027,Seller SEL-027,sel-027@amazon-demo.local,Electronics>Audio>Headphones,ASIN-002-027,EchoSound Pro Headphones,Digital,54.49,USD,46,CUS-027,Customer CUS-027,cus-027@mail.local,ORD-0014,2026-01-27T10:26:00.000Z,Paid,3,SHP-0014,Delivered,TRK100026,Ukraine,Lviv,Soborna 25
SEL-028,Seller SEL-028,sel-028@amazon-demo.local,Books>Technology>Software Engineering,ASIN-003-028,Patterns for Scalable Systems,Physical,85.49,USD,47,CUS-028,Customer CUS-028,cus-028@mail.local,ORD-0014,2026-01-28T11:27:00.000Z,Packed,1,SHP-0014,Preparing,TRK100027,Ukraine,Odesa,Centralna 7
SEL-029,Seller SEL-029,sel-029@amazon-demo.local,Home & Kitchen>Appliances>Coffee Machines,ASIN-004-029,Barista Smart Brewer,Digital,116.49,USD,48,CUS-029,Customer CUS-029,cus-029@mail.local,ORD-0015,2026-01-29T12:28:00.000Z,Shipped,2,SHP-0015,InTransit,TRK100028,Ukraine,Dnipro,Independence 18
SEL-030,Seller SEL-030,sel-030@amazon-demo.local,Toys & Games>Board Games>Strategy,ASIN-005-030,Kingdoms of Logic,Physical,147.49,USD,49,CUS-030,Customer CUS-030,cus-030@mail.local,ORD-0015,2026-01-30T13:29:00.000Z,Delivered,3,SHP-0015,Delivered,TRK100029,Ukraine,Kharkiv,Naukova 12
SEL-031,Seller SEL-031,sel-031@amazon-demo.local,Electronics>Computers>Laptops,ASIN-001-031,Nova Laptop 14,Physical,28.49,USD,50,CUS-031,Customer CUS-031,cus-031@mail.local,ORD-0016,2026-01-31T14:30:00.000Z,Created,1,SHP-0016,Preparing,TRK100030,Ukraine,Kyiv,Shevchenka 10
SEL-032,Seller SEL-032,sel-032@amazon-demo.local,Electronics>Audio>Headphones,ASIN-002-032,EchoSound Pro Headphones,Digital,59.49,USD,51,CUS-032,Customer CUS-032,cus-032@mail.local,ORD-0016,2026-02-01T15:31:00.000Z,Paid,2,SHP-0016,InTransit,TRK100031,Ukraine,Lviv,Soborna 25
SEL-033,Seller SEL-033,sel-033@amazon-demo.local,Books>Technology>Software Engineering,ASIN-003-033,Patterns for Scalable Systems,Physical,90.49,USD,52,CUS-033,Customer CUS-033,cus-033@mail.local,ORD-0017,2026-02-02T16:32:00.000Z,Packed,3,SHP-0017,Delivered,TRK100032,Ukraine,Odesa,Centralna 7
SEL-034,Seller SEL-034,sel-034@amazon-demo.local,Home & Kitchen>Appliances>Coffee Machines,ASIN-004-034,Barista Smart Brewer,Digital,121.49,USD,53,CUS-034,Customer CUS-034,cus-034@mail.local,ORD-0017,2026-02-03T17:33:00.000Z,Shipped,1,SHP-0017,Preparing,TRK100033,Ukraine,Dnipro,Independence 18
SEL-035,Seller SEL-035,sel-035@amazon-demo.local,Toys & Games>Board Games>Strategy,ASIN-005-035,Kingdoms of Logic,Physical,135.49,USD,54,CUS-035,Customer CUS-035,cus-035@mail.local,ORD-0018,2026-02-04T18:34:00.000Z,Delivered,2,SHP-0018,InTransit,TRK100034,Ukraine,Kharkiv,Naukova 12
SEL-036,Seller SEL-036,sel-036@amazon-demo.local,Electronics>Computers>Laptops,ASIN-001-036,Nova Laptop 14,Physical,16.49,USD,55,CUS-036,Customer CUS-036,cus-036@mail.local,ORD-0018,2026-02-05T19:35:00.000Z,Created,3,SHP-0018,Delivered,TRK100035,Ukraine,Kyiv,Shevchenka 10
SEL-037,Seller SEL-037,sel-037@amazon-demo.local,Electronics>Audio>Headphones,ASIN-002-037,EchoSound Pro Headphones,Digital,47.49,USD,56,CUS-037,Customer CUS-037,cus-037@mail.local,ORD-0019,2026-02-06T08:36:00.000Z,Paid,1,SHP-0019,Preparing,TRK100036,Ukraine,Lviv,Soborna 25
SEL-038,Seller SEL-038,sel-038@amazon-demo.local,Books>Technology>Software Engineering,ASIN-003-038,Patterns for Scalable Systems,Physical,78.49,USD,57,CUS-038,Customer CUS-038,cus-038@mail.local,ORD-0019,2026-02-07T09:37:00.000Z,Packed,2,SHP-0019,InTransit,TRK100037,Ukraine,Odesa,Centralna 7
SEL-039,Seller SEL-039,sel-039@amazon-demo.local,Home & Kitchen>Appliances>Coffee Machines,ASIN-004-039,Barista Smart Brewer,Digital,109.49,USD,58,CUS-039,Customer CUS-039,cus-039@mail.local,ORD-0020,2026-02-08T10:38:00.000Z,Shipped,3,SHP-0020,Delivered,TRK100038,Ukraine,Dnipro,Independence 18
SEL-040,Seller SEL-040,sel-040@amazon-demo.local,Toys & Games>Board Games>Strategy,ASIN-005-040,Kingdoms of Logic,Physical,140.49,USD,59,CUS-040,Customer CUS-040,cus-040@mail.local,ORD-0020,2026-02-09T11:39:00.000Z,Delivered,1,SHP-0020,Preparing,TRK100039,Ukraine,Kharkiv,Naukova 12
SEL-041,Seller SEL-041,sel-041@amazon-demo.local,Electronics>Computers>Laptops,ASIN-001-041,Nova Laptop 14,Physical,21.49,USD,60,CUS-041,Customer CUS-041,cus-041@mail.local,ORD-0021,2026-02-10T12:40:00.000Z,Created,2,SHP-0021,InTransit,TRK100040,Ukraine,Kyiv,Shevchenka 10
SEL-042,Seller SEL-042,sel-042@amazon-demo.local,Electronics>Audio>Headphones,ASIN-002-042,EchoSound Pro Headphones,Digital,52.49,USD,61,CUS-042,Customer CUS-042,cus-042@mail.local,ORD-0021,2026-02-11T13:41:00.000Z,Paid,3,SHP-0021,Delivered,TRK100041,Ukraine,Lviv,Soborna 25
SEL-043,Seller SEL-043,sel-043@amazon-demo.local,Books>Technology>Software Engineering,ASIN-003-043,Patterns for Scalable Systems,Physical,83.49,USD,62,CUS-043,Customer CUS-043,cus-043@mail.local,ORD-0022,2026-02-12T14:42:00.000Z,Packed,1,SHP-0022,Preparing,TRK100042,Ukraine,Odesa,Centralna 7
SEL-044,Seller SEL-044,sel-044@amazon-demo.local,Home & Kitchen>Appliances>Coffee Machines,ASIN-004-044,Barista Smart Brewer,Digital,114.49,USD,63,CUS-044,Customer CUS-044,cus-044@mail.local,ORD-0022,2026-02-13T15:43:00.000Z,Shipped,2,SHP-0022,InTransit,TRK100043,Ukraine,Dnipro,Independence 18
SEL-045,Seller SEL-045,sel-045@amazon-demo.local,Toys & Games>Board Games>Strategy,ASIN-005-045,Kingdoms of Logic,Physical,145.49,USD,64,CUS-045,Customer CUS-045,cus-045@mail.local,ORD-0023,2026-02-14T16:44:00.000Z,Delivered,3,SHP-0023,Delivered,TRK100044,Ukraine,Kharkiv,Naukova 12
SEL-046,Seller SEL-046,sel-046@amazon-demo.local,Electronics>Computers>Laptops,ASIN-001-046,Nova Laptop 14,Physical,26.49,USD,65,CUS-046,Customer CUS-046,cus-046@mail.local,ORD-0023,2026-02-15T17:45:00.000Z,Created,1,SHP-0023,Preparing,TRK100045,Ukraine,Kyiv,Shevchenka 10
SEL-047,Seller SEL-047,sel-047@amazon-demo.local,Electronics>Audio>Headphones,ASIN-002-047,EchoSound Pro Headphones,Digital,57.49,USD,66,CUS-047,Customer CUS-047,cus-047@mail.local,ORD-0024,2026-02-16T18:46:00.000Z,Paid,2,SHP-0024,InTransit,TRK100046,Ukraine,Lviv,Soborna 25
SEL-048,Seller SEL-048,sel-048@amazon-demo.local,Books>Technology>Software Engineering,ASIN-003-048,Patterns for Scalable Systems,Physical,88.49,USD,67,CUS-048,Customer CUS-048,cus-048@mail.local,ORD-0024,2026-02-17T19:47:00.000Z,Packed,3,SHP-0024,Delivered,TRK100047,Ukraine,Odesa,Centralna 7
SEL-049,Seller SEL-049,sel-049@amazon-demo.local,Home & Kitchen>Appliances>Coffee Machines,ASIN-004-049,Barista Smart Brewer,Digital,119.49,USD,68,CUS-049,Customer CUS-049,cus-049@mail.local,ORD-0025,2026-02-18T08:48:00.000Z,Shipped,1,SHP-0025,Preparing,TRK100048,Ukraine,Dnipro,Independence 18
SEL-050,Seller SEL-050,sel-050@amazon-demo.local,Toys & Games>Board Games>Strategy,ASIN-005-050,Kingdoms of Logic,Physical,150.49,USD,69,CUS-050,Customer CUS-050,cus-050@mail.local,ORD-0025,2026-02-19T09:49:00.000Z,Delivered,2,SHP-0025,InTransit,TRK100049,Ukraine,Kharkiv,Naukova 12
SEL-051,Seller SEL-051,sel-051@amazon-demo.local,Electronics>Computers>Laptops,ASIN-001-051,Nova Laptop 14,Physical,31.49,USD,70,CUS-051,Customer CUS-051,cus-051@mail.local,ORD-0026,2026-02-20T10:50:00.000Z,Created,3,SHP-0026,Delivered,TRK100050,Ukraine,Kyiv,Shevchenka 10
SEL-052,Seller SEL-052,sel-052@amazon-demo.local,Electronics>Audio>Headphones,ASIN-002-052,EchoSound Pro Headphones,Digital,45.49,USD,71,CUS-052,Customer CUS-052,cus-052@mail.local,ORD-0026,2026-02-21T11:51:00.000Z,Paid,1,SHP-0026,Preparing,TRK100051,Ukraine,Lviv,Soborna 25
SEL-053,Seller SEL-053,sel-053@amazon-demo.local,Books>Technology>Software Engineering,ASIN-003-053,Patterns for Scalable Systems,Physical,76.49,USD,72,CUS-053,Customer CUS-053,cus-053@mail.local,ORD-0027,2026-02-22T12:52:00.000Z,Packed,2,SHP-0027,InTransit,TRK100052,Ukraine,Odesa,Centralna 7
SEL-054,Seller SEL-054,sel-054@amazon-demo.local,Home & Kitchen>Appliances>Coffee Machines,ASIN-004-054,Barista Smart Brewer,Digital,107.49,USD,73,CUS-054,Customer CUS-054,cus-054@mail.local,ORD-0027,2026-02-23T13:53:00.000Z,Shipped,3,SHP-0027,Delivered,TRK100053,Ukraine,Dnipro,Independence 18
SEL-055,Seller SEL-055,sel-055@amazon-demo.local,Toys & Games>Board Games>Strategy,ASIN-005-055,Kingdoms of Logic,Physical,138.49,USD,74,CUS-055,Customer CUS-055,cus-055@mail.local,ORD-0028,2026-02-24T14:54:00.000Z,Delivered,1,SHP-0028,Preparing,TRK100054,Ukraine,Kharkiv,Naukova 12
SEL-056,Seller SEL-056,sel-056@amazon-demo.local,Electronics>Computers>Laptops,ASIN-001-056,Nova Laptop 14,Physical,19.49,USD,75,CUS-056,Customer CUS-056,cus-056@mail.local,ORD-0028,2026-02-25T15:55:00.000Z,Created,2,SHP-0028,InTransit,TRK100055,Ukraine,Kyiv,Shevchenka 10
SEL-057,Seller SEL-057,sel-057@amazon-demo.local,Electronics>Audio>Headphones,ASIN-002-057,EchoSound Pro Headphones,Digital,50.49,USD,76,CUS-057,Customer CUS-057,cus-057@mail.local,ORD-0029,2026-02-26T16:56:00.000Z,Paid,3,SHP-0029,Delivered,TRK100056,Ukraine,Lviv,Soborna 25
SEL-058,Seller SEL-058,sel-058@amazon-demo.local,Books>Technology>Software Engineering,ASIN-003-058,Patterns for Scalable Systems,Physical,81.49,USD,77,CUS-058,Customer CUS-058,cus-058@mail.local,ORD-0029,2026-02-27T17:57:00.000Z,Packed,1,SHP-0029,Preparing,TRK100057,Ukraine,Odesa,Centralna 7
SEL-059,Seller SEL-059,sel-059@amazon-demo.local,Home & Kitchen>Appliances>Coffee Machines,ASIN-004-059,Barista Smart Brewer,Digital,112.49,USD,78,CUS-059,Customer CUS-059,cus-059@mail.local,ORD-0030,2026-02-28T18:58:00.000Z,Shipped,2,SHP-0030,InTransit,TRK100058,Ukraine,Dnipro,Independence 18
SEL-060,Seller SEL-060,sel-060@amazon-demo.local,Toys & Games>Board Games>Strategy,ASIN-005-060,Kingdoms of Logic,Physical,143.49,USD,79,CUS-060,Customer CUS-060,cus-060@mail.local,ORD-0030,2026-03-01T19:59:00.000Z,Delivered,3,SHP-0030,Delivered,TRK100059,Ukraine,Kharkiv,Naukova 12
SEL-001,Seller SEL-001,sel-001@amazon-demo.local,Electronics>Computers>Laptops,ASIN-001-061,Nova Laptop 14,Physical,24.49,USD,80,CUS-061,Customer CUS-061,cus-061@mail.local,ORD-0031,2026-03-02T08:00:00.000Z,Created,1,SHP-0031,Preparing,TRK100060,Ukraine,Kyiv,Shevchenka 10
SEL-002,Seller SEL-002,sel-002@amazon-demo.local,Electronics>Audio>Headphones,ASIN-002-062,EchoSound Pro Headphones,Digital,55.49,USD,81,CUS-062,Customer CUS-062,cus-062@mail.local,ORD-0031,2026-03-03T09:01:00.000Z,Paid,2,SHP-0031,InTransit,TRK100061,Ukraine,Lviv,Soborna 25
SEL-003,Seller SEL-003,sel-003@amazon-demo.local,Books>Technology>Software Engineering,ASIN-003-063,Patterns for Scalable Systems,Physical,86.49,USD,82,CUS-063,Customer CUS-063,cus-063@mail.local,ORD-0032,2026-03-04T10:02:00.000Z,Packed,3,SHP-0032,Delivered,TRK100062,Ukraine,Odesa,Centralna 7
SEL-004,Seller SEL-004,sel-004@amazon-demo.local,Home & Kitchen>Appliances>Coffee Machines,ASIN-004-064,Barista Smart Brewer,Digital,117.49,USD,83,CUS-064,Customer CUS-064,cus-064@mail.local,ORD-0032,2026-03-05T11:03:00.000Z,Shipped,1,SHP-0032,Preparing,TRK100063,Ukraine,Dnipro,Independence 18
SEL-005,Seller SEL-005,sel-005@amazon-demo.local,Toys & Games>Board Games>Strategy,ASIN-005-065,Kingdoms of Logic,Physical,148.49,USD,84,CUS-065,Customer CUS-065,cus-065@mail.local,ORD-0033,2026-03-06T12:04:00.000Z,Delivered,2,SHP-0033,InTransit,TRK100064,Ukraine,Kharkiv,Naukova 12
SEL-006,Seller SEL-006,sel-006@amazon-demo.local,Electronics>Computers>Laptops,ASIN-001-066,Nova Laptop 14,Physical,29.49,USD,85,CUS-066,Customer CUS-066,cus-066@mail.local,ORD-0033,2026-03-07T13:05:00.000Z,Created,3,SHP-0033,Delivered,TRK100065,Ukraine,Kyiv,Shevchenka 10
SEL-007,Seller SEL-007,sel-007@amazon-demo.local,Electronics>Audio>Headphones,ASIN-002-067,EchoSound Pro Headphones,Digital,60.49,USD,86,CUS-067,Customer CUS-067,cus-067@mail.local,ORD-0034,2026-03-08T14:06:00.000Z,Paid,1,SHP-0034,Preparing,TRK100066,Ukraine,Lviv,Soborna 25
SEL-008,Seller SEL-008,sel-008@amazon-demo.local,Books>Technology>Software Engineering,ASIN-003-068,Patterns for Scalable Systems,Physical,91.49,USD,87,CUS-068,Customer CUS-068,cus-068@mail.local,ORD-0034,2026-03-09T15:07:00.000Z,Packed,2,SHP-0034,InTransit,TRK100067,Ukraine,Odesa,Centralna 7
SEL-009,Seller SEL-009,sel-009@amazon-demo.local,Home & Kitchen>Appliances>Coffee Machines,ASIN-004-069,Barista Smart Brewer,Digital,105.49,USD,88,CUS-069,Customer CUS-069,cus-069@mail.local,ORD-0035,2026-03-10T16:08:00.000Z,Shipped,3,SHP-0035,Delivered,TRK100068,Ukraine,Dnipro,Independence 18
SEL-010,Seller SEL-010,sel-010@amazon-demo.local,Toys & Games>Board Games>Strategy,ASIN-005-070,Kingdoms of Logic,Physical,136.49,USD,89,CUS-070,Customer CUS-070,cus-070@mail.local,ORD-0035,2026-03-11T17:09:00.000Z,Delivered,1,SHP-0035,Preparing,TRK100069,Ukraine,Kharkiv,Naukova 12
SEL-011,Seller SEL-011,sel-011@amazon-demo.local,Electronics>Computers>Laptops,ASIN-001-071,Nova Laptop 14,Physical,17.49,USD,90,CUS-071,Customer CUS-071,cus-071@mail.local,ORD-0036,2026-03-12T18:10:00.000Z,Created,2,SHP-0036,InTransit,TRK100070,Ukraine,Kyiv,Shevchenka 10
SEL-012,Seller SEL-012,sel-012@amazon-demo.local,Electronics>Audio>Headphones,ASIN-002-072,EchoSound Pro Headphones,Digital,48.49,USD,91,CUS-072,Customer CUS-072,cus-072@mail.local,ORD-0036,2026-03-13T19:11:00.000Z,Paid,3,SHP-0036,Delivered,TRK100071,Ukraine,Lviv,Soborna 25
SEL-013,Seller SEL-013,sel-013@amazon-demo.local,Books>Technology>Software Engineering,ASIN-003-073,Patterns for Scalable Systems,Physical,79.49,USD,92,CUS-073,Customer CUS-073,cus-073@mail.local,ORD-0037,2026-03-14T08:12:00.000Z,Packed,1,SHP-0037,Preparing,TRK100072,Ukraine,Odesa,Centralna 7
SEL-014,Seller SEL-014,sel-014@amazon-demo.local,Home & Kitchen>Appliances>Coffee Machines,ASIN-004-074,Barista Smart Brewer,Digital,110.49,USD,93,CUS-074,Customer CUS-074,cus-074@mail.local,ORD-0037,2026-03-15T09:13:00.000Z,Shipped,2,SHP-0037,InTransit,TRK100073,Ukraine,Dnipro,Independence 18
SEL-015,Seller SEL-015,sel-015@amazon-demo.local,Toys & Games>Board Games>Strategy,ASIN-005-075,Kingdoms of Logic,Physical,141.49,USD,94,CUS-075,Customer CUS-075,cus-075@mail.local,ORD-0038,2026-03-16T10:14:00.000Z,Delivered,3,SHP-0038,Delivered,TRK100074,Ukraine,Kharkiv,Naukova 12
SEL-016,Seller SEL-016,sel-016@amazon-demo.local,Electronics>Computers>Laptops,ASIN-001-076,Nova Laptop 14,Physical,22.49,USD,95,CUS-076,Customer CUS-076,cus-076@mail.local,ORD-0038,2026-03-17T11:15:00.000Z,Created,1,SHP-0038,Preparing,TRK100075,Ukraine,Kyiv,Shevchenka 10
SEL-017,Seller SEL-017,sel-017@amazon-demo.local,Electronics>Audio>Headphones,ASIN-002-077,EchoSound Pro Headphones,Digital,53.49,USD,96,CUS-077,Customer CUS-077,cus-077@mail.local,ORD-0039,2026-03-18T12:16:00.000Z,Paid,2,SHP-0039,InTransit,TRK100076,Ukraine,Lviv,Soborna 25
SEL-018,Seller SEL-018,sel-018@amazon-demo.local,Books>Technology>Software Engineering,ASIN-003-078,Patterns for Scalable Systems,Physical,84.49,USD,97,CUS-078,Customer CUS-078,cus-078@mail.local,ORD-0039,2026-03-19T13:17:00.000Z,Packed,3,SHP-0039,Delivered,TRK100077,Ukraine,Odesa,Centralna 7
SEL-019,Seller SEL-019,sel-019@amazon-demo.local,Home & Kitchen>Appliances>Coffee Machines,ASIN-004-079,Barista Smart Brewer,Digital,115.49,USD,98,CUS-079,Customer CUS-079,cus-079@mail.local,ORD-0040,2026-03-20T14:18:00.000Z,Shipped,1,SHP-0040,Preparing,TRK100078,Ukraine,Dnipro,Independence 18
SEL-020,Seller SEL-020,sel-020@amazon-demo.local,Toys & Games>Board Games>Strategy,ASIN-005-080,Kingdoms of Logic,Physical,146.49,USD,99,CUS-080,Customer CUS-080,cus-080@mail.local,ORD-0040,2026-03-21T15:19:00.000Z,Delivered,2,SHP-0040,InTransit,TRK100079,Ukraine,Kharkiv,Naukova 12
SEL-021,Seller SEL-021,sel-021@amazon-demo.local,Electronics>Computers>Laptops,ASIN-001-001,Nova Laptop 14,Physical,27.49,USD,100,CUS-081,Customer CUS-081,cus-081@mail.local,ORD-0041,2026-03-22T16:20:00.000Z,Created,3,SHP-0041,Delivered,TRK100080,Ukraine,Kyiv,Shevchenka 10
SEL-022,Seller SEL-022,sel-022@amazon-demo.local,Electronics>Audio>Headphones,ASIN-002-002,EchoSound Pro Headphones,Digital,58.49,USD,101,CUS-082,Customer CUS-082,cus-082@mail.local,ORD-0041,2026-03-23T17:21:00.000Z,Paid,1,SHP-0041,Preparing,TRK100081,Ukraine,Lviv,Soborna 25
SEL-023,Seller SEL-023,sel-023@amazon-demo.local,Books>Technology>Software Engineering,ASIN-003-003,Patterns for Scalable Systems,Physical,89.49,USD,102,CUS-083,Customer CUS-083,cus-083@mail.local,ORD-0042,2026-03-24T18:22:00.000Z,Packed,2,SHP-0042,InTransit,TRK100082,Ukraine,Odesa,Centralna 7
SEL-024,Seller SEL-024,sel-024@amazon-demo.local,Home & Kitchen>Appliances>Coffee Machines,ASIN-004-004,Barista Smart Brewer,Digital,120.49,USD,103,CUS-084,Customer CUS-084,cus-084@mail.local,ORD-0042,2026-03-25T19:23:00.000Z,Shipped,3,SHP-0042,Delivered,TRK100083,Ukraine,Dnipro,Independence 18
SEL-025,Seller SEL-025,sel-025@amazon-demo.local,Toys & Games>Board Games>Strategy,ASIN-005-005,Kingdoms of Logic,Physical,151.49,USD,104,CUS-085,Customer CUS-085,cus-085@mail.local,ORD-0043,2026-03-26T08:24:00.000Z,Delivered,1,SHP-0043,Preparing,TRK100084,Ukraine,Kharkiv,Naukova 12
SEL-026,Seller SEL-026,sel-026@amazon-demo.local,Electronics>Computers>Laptops,ASIN-001-006,Nova Laptop 14,Physical,15.49,USD,105,CUS-086,Customer CUS-086,cus-086@mail.local,ORD-0043,2026-03-27T09:25:00.000Z,Created,2,SHP-0043,InTransit,TRK100085,Ukraine,Kyiv,Shevchenka 10
SEL-027,Seller SEL-027,sel-027@amazon-demo.local,Electronics>Audio>Headphones,ASIN-002-007,EchoSound Pro Headphones,Digital,46.49,USD,106,CUS-087,Customer CUS-087,cus-087@mail.local,ORD-0044,2026-03-28T10:26:00.000Z,Paid,3,SHP-0044,Delivered,TRK100086,Ukraine,Lviv,Soborna 25
SEL-028,Seller SEL-028,sel-028@amazon-demo.local,Books>Technology>Software Engineering,ASIN-003-008,Patterns for Scalable Systems,Physical,77.49,USD,107,CUS-088,Customer CUS-088,cus-088@mail.local,ORD-0044,2026-03-29T11:27:00.000Z,Packed,1,SHP-0044,Preparing,TRK100087,Ukraine,Odesa,Centralna 7
SEL-029,Seller SEL-029,sel-029@amazon-demo.local,Home & Kitchen>Appliances>Coffee Machines,ASIN-004-009,Barista Smart Brewer,Digital,108.49,USD,108,CUS-089,Customer CUS-089,cus-089@mail.local,ORD-0045,2026-03-30T12:28:00.000Z,Shipped,2,SHP-0045,InTransit,TRK100088,Ukraine,Dnipro,Independence 18
SEL-030,Seller SEL-030,sel-030@amazon-demo.local,Toys & Games>Board Games>Strategy,ASIN-005-010,Kingdoms of Logic,Physical,139.49,USD,109,CUS-090,Customer CUS-090,cus-090@mail.local,ORD-0045,2026-03-31T13:29:00.000Z,Delivered,3,SHP-0045,Delivered,TRK100089,Ukraine,Kharkiv,Naukova 12
SEL-031,Seller SEL-031,sel-031@amazon-demo.local,Electronics>Computers>Laptops,ASIN-001-011,Nova Laptop 14,Physical,20.49,USD,110,CUS-091,Customer CUS-091,cus-091@mail.local,ORD-0046,2026-01-01T14:30:00.000Z,Created,1,SHP-0046,Preparing,TRK100090,Ukraine,Kyiv,Shevchenka 10
SEL-032,Seller SEL-032,sel-032@amazon-demo.local,Electronics>Audio>Headphones,ASIN-002-012,EchoSound Pro Headphones,Digital,51.49,USD,111,CUS-092,Customer CUS-092,cus-092@mail.local,ORD-0046,2026-01-02T15:31:00.000Z,Paid,2,SHP-0046,InTransit,TRK100091,Ukraine,Lviv,Soborna 25
SEL-033,Seller SEL-033,sel-033@amazon-demo.local,Books>Technology>Software Engineering,ASIN-003-013,Patterns for Scalable Systems,Physical,82.49,USD,112,CUS-093,Customer CUS-093,cus-093@mail.local,ORD-0047,2026-01-03T16:32:00.000Z,Packed,3,SHP-0047,Delivered,TRK100092,Ukraine,Odesa,Centralna 7
SEL-034,Seller SEL-034,sel-034@amazon-demo.local,Home & Kitchen>Appliances>Coffee Machines,ASIN-004-014,Barista Smart Brewer,Digital,113.49,USD,113,CUS-094,Customer CUS-094,cus-094@mail.local,ORD-0047,2026-01-04T17:33:00.000Z,Shipped,1,SHP-0047,Preparing,TRK100093,Ukraine,Dnipro,Independence 18
SEL-035,Seller SEL-035,sel-035@amazon-demo.local,Toys & Games>Board Games>Strategy,ASIN-005-015,Kingdoms of Logic,Physical,144.49,USD,114,CUS-095,Customer CUS-095,cus-095@mail.local,ORD-0048,2026-01-05T18:34:00.000Z,Delivered,2,SHP-0048,InTransit,TRK100094,Ukraine,Kharkiv,Naukova 12
SEL-036,Seller SEL-036,sel-036@amazon-demo.local,Electronics>Computers>Laptops,ASIN-001-016,Nova Laptop 14,Physical,25.49,USD,115,CUS-096,Customer CUS-096,cus-096@mail.local,ORD-0048,2026-01-06T19:35:00.000Z,Created,3,SHP-0048,Delivered,TRK100095,Ukraine,Kyiv,Shevchenka 10
SEL-037,Seller SEL-037,sel-037@amazon-demo.local,Electronics>Audio>Headphones,ASIN-002-017,EchoSound Pro Headphones,Digital,56.49,USD,116,CUS-097,Customer CUS-097,cus-097@mail.local,ORD-0049,2026-01-07T08:36:00.000Z,Paid,1,SHP-0049,Preparing,TRK100096,Ukraine,Lviv,Soborna 25
SEL-038,Seller SEL-038,sel-038@amazon-demo.local,Books>Technology>Software Engineering,ASIN-003-018,Patterns for Scalable Systems,Physical,87.49,USD,117,CUS-098,Customer CUS-098,cus-098@mail.local,ORD-0049,2026-01-08T09:37:00.000Z,Packed,2,SHP-0049,InTransit,TRK100097,Ukraine,Odesa,Centralna 7
SEL-039,Seller SEL-039,sel-039@amazon-demo.local,Home & Kitchen>Appliances>Coffee Machines,ASIN-004-019,Barista Smart Brewer,Digital,118.49,USD,118,CUS-099,Customer CUS-099,cus-099@mail.local,ORD-0050,2026-01-09T10:38:00.000Z,Shipped,3,SHP-0050,Delivered,TRK100098,Ukraine,Dnipro,Independence 18
SEL-040,Seller SEL-040,sel-040@amazon-demo.local,Toys & Games>Board Games>Strategy,ASIN-005-020,Kingdoms of Logic,Physical,149.49,USD,119,CUS-100,Customer CUS-100,cus-100@mail.local,ORD-0050,2026-01-10T11:39:00.000Z,Delivered,1,SHP-0050,Preparing,TRK100099,Ukraine,Kharkiv,Naukova 12
SEL-041,Seller SEL-041,sel-041@amazon-demo.local,Electronics>Computers>Laptops,ASIN-001-021,Nova Laptop 14,Physical,30.49,USD,120,CUS-101,Customer CUS-101,cus-101@mail.local,ORD-0051,2026-01-11T12:40:00.000Z,Created,2,SHP-0051,InTransit,TRK100100,Ukraine,Kyiv,Shevchenka 10
SEL-042,Seller SEL-042,sel-042@amazon-demo.local,Electronics>Audio>Headphones,ASIN-002-022,EchoSound Pro Headphones,Digital,61.49,USD,121,CUS-102,Customer CUS-102,cus-102@mail.local,ORD-0051,2026-01-12T13:41:00.000Z,Paid,3,SHP-0051,Delivered,TRK100101,Ukraine,Lviv,Soborna 25
SEL-043,Seller SEL-043,sel-043@amazon-demo.local,Books>Technology>Software Engineering,ASIN-003-023,Patterns for Scalable Systems,Physical,75.49,USD,122,CUS-103,Customer CUS-103,cus-103@mail.local,ORD-0052,2026-01-13T14:42:00.000Z,Packed,1,SHP-0052,Preparing,TRK100102,Ukraine,Odesa,Centralna 7
SEL-044,Seller SEL-044,sel-044@amazon-demo.local,Home & Kitchen>Appliances>Coffee Machines,ASIN-004-024,Barista Smart Brewer,Digital,106.49,USD,123,CUS-104,Customer CUS-104,cus-104@mail.local,ORD-0052,2026-01-14T15:43:00.000Z,Shipped,2,SHP-0052,InTransit,TRK100103,Ukraine,Dnipro,Independence 18
SEL-045,Seller SEL-045,sel-045@amazon-demo.local,Toys & Games>Board Games>Strategy,ASIN-005-025,Kingdoms of Logic,Physical,137.49,USD,124,CUS-105,Customer CUS-105,cus-105@mail.local,ORD-0053,2026-01-15T16:44:00.000Z,Delivered,3,SHP-0053,Delivered,TRK100104,Ukraine,Kharkiv,Naukova 12
SEL-046,Seller SEL-046,sel-046@amazon-demo.local,Electronics>Computers>Laptops,ASIN-001-026,Nova Laptop 14,Physical,18.49,USD,125,CUS-106,Customer CUS-106,cus-106@mail.local,ORD-0053,2026-01-16T17:45:00.000Z,Created,1,SHP-0053,Preparing,TRK100105,Ukraine,Kyiv,Shevchenka 10
SEL-047,Seller SEL-047,sel-047@amazon-demo.local,Electronics>Audio>Headphones,ASIN-002-027,EchoSound Pro Headphones,Digital,49.49,USD,126,CUS-107,Customer CUS-107,cus-107@mail.local,ORD-0054,2026-01-17T18:46:00.000Z,Paid,2,SHP-0054,InTransit,TRK100106,Ukraine,Lviv,Soborna 25
SEL-048,Seller SEL-048,sel-048@amazon-demo.local,Books>Technology>Software Engineering,ASIN-003-028,Patterns for Scalable Systems,Physical,80.49,USD,127,CUS-108,Customer CUS-108,cus-108@mail.local,ORD-0054,2026-01-18T19:47:00.000Z,Packed,3,SHP-0054,Delivered,TRK100107,Ukraine,Odesa,Centralna 7
SEL-049,Seller SEL-049,sel-049@amazon-demo.local,Home & Kitchen>Appliances>Coffee Machines,ASIN-004-029,Barista Smart Brewer,Digital,111.49,USD,128,CUS-109,Customer CUS-109,cus-109@mail.local,ORD-0055,2026-01-19T08:48:00.000Z,Shipped,1,SHP-0055,Preparing,TRK100108,Ukraine,Dnipro,Independence 18
SEL-050,Seller SEL-050,sel-050@amazon-demo.local,Toys & Games>Board Games>Strategy,ASIN-005-030,Kingdoms of Logic,Physical,142.49,USD,129,CUS-110,Customer CUS-110,cus-110@mail.local,ORD-0055,2026-01-20T09:49:00.000Z,Delivered,2,SHP-0055,InTransit,TRK100109,Ukraine,Kharkiv,Naukova 12
SEL-051,Seller SEL-051,sel-051@amazon-demo.local,Electronics>Computers>Laptops,ASIN-001-031,Nova Laptop 14,Physical,23.49,USD,130,CUS-111,Customer CUS-111,cus-111@mail.local,ORD-0056,2026-01-21T10:50:00.000Z,Created,3,SHP-0056,Delivered,TRK100110,Ukraine,Kyiv,Shevchenka 10
SEL-052,Seller SEL-052,sel-052@amazon-demo.local,Electronics>Audio>Headphones,ASIN-002-032,EchoSound Pro Headphones,Digital,54.49,USD,131,CUS-112,Customer CUS-112,cus-112@mail.local,ORD-0056,2026-01-22T11:51:00.000Z,Paid,1,SHP-0056,Preparing,TRK100111,Ukraine,Lviv,Soborna 25
SEL-053,Seller SEL-053,sel-053@amazon-demo.local,Books>Technology>Software Engineering,ASIN-003-033,Patterns for Scalable Systems,Physical,85.49,USD,132,CUS-113,Customer CUS-113,cus-113@mail.local,ORD-0057,2026-01-23T12:52:00.000Z,Packed,2,SHP-0057,InTransit,TRK100112,Ukraine,Odesa,Centralna 7
SEL-054,Seller SEL-054,sel-054@amazon-demo.local,Home & Kitchen>Appliances>Coffee Machines,ASIN-004-034,Barista Smart Brewer,Digital,116.49,USD,133,CUS-114,Customer CUS-114,cus-114@mail.local,ORD-0057,2026-01-24T13:53:00.000Z,Shipped,3,SHP-0057,Delivered,TRK100113,Ukraine,Dnipro,Independence 18
SEL-055,Seller SEL-055,sel-055@amazon-demo.local,Toys & Games>Board Games>Strategy,ASIN-005-035,Kingdoms of Logic,Physical,147.49,USD,134,CUS-115,Customer CUS-115,cus-115@mail.local,ORD-0058,2026-01-25T14:54:00.000Z,Delivered,1,SHP-0058,Preparing,TRK100114,Ukraine,Kharkiv,Naukova 12
SEL-056,Seller SEL-056,sel-056@amazon-demo.local,Electronics>Computers>Laptops,ASIN-001-036,Nova Laptop 14,Physical,28.49,USD,135,CUS-116,Customer CUS-116,cus-116@mail.local,ORD-0058,2026-01-26T15:55:00.000Z,Created,2,SHP-0058,InTransit,TRK100115,Ukraine,Kyiv,Shevchenka 10
SEL-057,Seller SEL-057,sel-057@amazon-demo.local,Electronics>Audio>Headphones,ASIN-002-037,EchoSound Pro Headphones,Digital,59.49,USD,136,CUS-117,Customer CUS-117,cus-117@mail.local,ORD-0059,2026-01-27T16:56:00.000Z,Paid,3,SHP-0059,Delivered,TRK100116,Ukraine,Lviv,Soborna 25
SEL-058,Seller SEL-058,sel-058@amazon-demo.local,Books>Technology>Software Engineering,ASIN-003-038,Patterns for Scalable Systems,Physical,90.49,USD,137,CUS-118,Customer CUS-118,cus-118@mail.local,ORD-0059,2026-01-28T17:57:00.000Z,Packed,1,SHP-0059,Preparing,TRK100117,Ukraine,Odesa,Centralna 7
SEL-059,Seller SEL-059,sel-059@amazon-demo.local,Home & Kitchen>Appliances>Coffee Machines,ASIN-004-039,Barista Smart Brewer,Digital,121.49,USD,138,CUS-119,Customer CUS-119,cus-119@mail.local,ORD-0060,2026-01-29T18:58:00.000Z,Shipped,2,SHP-0060,InTransit,TRK100118,Ukraine,Dnipro,Independence 18
SEL-060,Seller SEL-060,sel-060@amazon-demo.local,Toys & Games>Board Games>Strategy,ASIN-005-040,Kingdoms of Logic,Physical,135.49,USD,139,CUS-120,Customer CUS-120,cus-120@mail.local,ORD-0060,2026-01-30T19:59:00.000Z,Delivered,3,SHP-0060,Delivered,TRK100119,Ukraine,Kharkiv,Naukova 12
SEL-001,Seller SEL-001,sel-001@amazon-demo.local,Electronics>Computers>Laptops,ASIN-001-041,Nova Laptop 14,Physical,16.49,USD,140,CUS-121,Customer CUS-121,cus-121@mail.local,ORD-0061,2026-01-31T08:00:00.000Z,Created,1,SHP-0061,Preparing,TRK100120,Ukraine,Kyiv,Shevchenka 10
SEL-002,Seller SEL-002,sel-002@amazon-demo.local,Electronics>Audio>Headphones,ASIN-002-042,EchoSound Pro Headphones,Digital,47.49,USD,141,CUS-122,Customer CUS-122,cus-122@mail.local,ORD-0061,2026-02-01T09:01:00.000Z,Paid,2,SHP-0061,InTransit,TRK100121,Ukraine,Lviv,Soborna 25
SEL-003,Seller SEL-003,sel-003@amazon-demo.local,Books>Technology>Software Engineering,ASIN-003-043,Patterns for Scalable Systems,Physical,78.49,USD,142,CUS-123,Customer CUS-123,cus-123@mail.local,ORD-0062,2026-02-02T10:02:00.000Z,Packed,3,SHP-0062,Delivered,TRK100122,Ukraine,Odesa,Centralna 7
SEL-004,Seller SEL-004,sel-004@amazon-demo.local,Home & Kitchen>Appliances>Coffee Machines,ASIN-004-044,Barista Smart Brewer,Digital,109.49,USD,143,CUS-124,Customer CUS-124,cus-124@mail.local,ORD-0062,2026-02-03T11:03:00.000Z,Shipped,1,SHP-0062,Preparing,TRK100123,Ukraine,Dnipro,Independence 18
SEL-005,Seller SEL-005,sel-005@amazon-demo.local,Toys & Games>Board Games>Strategy,ASIN-005-045,Kingdoms of Logic,Physical,140.49,USD,144,CUS-125,Customer CUS-125,cus-125@mail.local,ORD-0063,2026-02-04T12:04:00.000Z,Delivered,2,SHP-0063,InTransit,TRK100124,Ukraine,Kharkiv,Naukova 12
SEL-006,Seller SEL-006,sel-006@amazon-demo.local,Electronics>Computers>Laptops,ASIN-001-046,Nova Laptop 14,Physical,21.49,USD,145,CUS-126,Customer CUS-126,cus-126@mail.local,ORD-0063,2026-02-05T13:05:00.000Z,Created,3,SHP-0063,Delivered,TRK100125,Ukraine,Kyiv,Shevchenka 10
SEL-007,Seller SEL-007,sel-007@amazon-demo.local,Electronics>Audio>Headphones,ASIN-002-047,EchoSound Pro Headphones,Digital,52.49,USD,146,CUS-127,Customer CUS-127,cus-127@mail.local,ORD-0064,2026-02-06T14:06:00.000Z,Paid,1,SHP-0064,Preparing,TRK100126,Ukraine,Lviv,Soborna 25
SEL-008,Seller SEL-008,sel-008@amazon-demo.local,Books>Technology>Software Engineering,ASIN-003-048,Patterns for Scalable Systems,Physical,83.49,USD,147,CUS-128,Customer CUS-128,cus-128@mail.local,ORD-0064,2026-02-07T15:07:00.000Z,Packed,2,SHP-0064,InTransit,TRK100127,Ukraine,Odesa,Centralna 7
SEL-009,Seller SEL-009,sel-009@amazon-demo.local,Home & Kitchen>Appliances>Coffee Machines,ASIN-004-049,Barista Smart Brewer,Digital,114.49,USD,148,CUS-129,Customer CUS-129,cus-129@mail.local,ORD-0065,2026-02-08T16:08:00.000Z,Shipped,3,SHP-0065,Delivered,TRK100128,Ukraine,Dnipro,Independence 18
SEL-010,Seller SEL-010,sel-010@amazon-demo.local,Toys & Games>Board Games>Strategy,ASIN-005-050,Kingdoms of Logic,Physical,145.49,USD,149,CUS-130,Customer CUS-130,cus-130@mail.local,ORD-0065,2026-02-09T17:09:00.000Z,Delivered,1,SHP-0065,Preparing,TRK100129,Ukraine,Kharkiv,Naukova 12
SEL-011,Seller SEL-011,sel-011@amazon-demo.local,Electronics>Computers>Laptops,ASIN-001-051,Nova Laptop 14,Physical,26.49,USD,150,CUS-131,Customer CUS-131,cus-131@mail.local,ORD-0066,2026-02-10T18:10:00.000Z,Created,2,SHP-0066,InTransit,TRK100130,Ukraine,Kyiv,Shevchenka 10
SEL-012,Seller SEL-012,sel-012@amazon-demo.local,Electronics>Audio>Headphones,ASIN-002-052,EchoSound Pro Headphones,Digital,57.49,USD,151,CUS-132,Customer CUS-132,cus-132@mail.local,ORD-0066,2026-02-11T19:11:00.000Z,Paid,3,SHP-0066,Delivered,TRK100131,Ukraine,Lviv,Soborna 25
SEL-013,Seller SEL-013,sel-013@amazon-demo.local,Books>Technology>Software Engineering,ASIN-003-053,Patterns for Scalable Systems,Physical,88.49,USD,152,CUS-133,Customer CUS-133,cus-133@mail.local,ORD-0067,2026-02-12T08:12:00.000Z,Packed,1,SHP-0067,Preparing,TRK100132,Ukraine,Odesa,Centralna 7
SEL-014,Seller SEL-014,sel-014@amazon-demo.local,Home & Kitchen>Appliances>Coffee Machines,ASIN-004-054,Barista Smart Brewer,Digital,119.49,USD,153,CUS-134,Customer CUS-134,cus-134@mail.local,ORD-0067,2026-02-13T09:13:00.000Z,Shipped,2,SHP-0067,InTransit,TRK100133,Ukraine,Dnipro,Independence 18
SEL-015,Seller SEL-015,sel-015@amazon-demo.local,Toys & Games>Board Games>Strategy,ASIN-005-055,Kingdoms of Logic,Physical,150.49,USD,154,CUS-135,Customer CUS-135,cus-135@mail.local,ORD-0068,2026-02-14T10:14:00.000Z,Delivered,3,SHP-0068,Delivered,TRK100134,Ukraine,Kharkiv,Naukova 12
SEL-016,Seller SEL-016,sel-016@amazon-demo.local,Electronics>Computers>Laptops,ASIN-001-056,Nova Laptop 14,Physical,31.49,USD,155,CUS-136,Customer CUS-136,cus-136@mail.local,ORD-0068,2026-02-15T11:15:00.000Z,Created,1,SHP-0068,Preparing,TRK100135,Ukraine,Kyiv,Shevchenka 10
SEL-017,Seller SEL-017,sel-017@amazon-demo.local,Electronics>Audio>Headphones,ASIN-002-057,EchoSound Pro Headphones,Digital,45.49,USD,156,CUS-137,Customer CUS-137,cus-137@mail.local,ORD-0069,2026-02-16T12:16:00.000Z,Paid,2,SHP-0069,InTransit,TRK100136,Ukraine,Lviv,Soborna 25
SEL-018,Seller SEL-018,sel-018@amazon-demo.local,Books>Technology>Software Engineering,ASIN-003-058,Patterns for Scalable Systems,Physical,76.49,USD,157,CUS-138,Customer CUS-138,cus-138@mail.local,ORD-0069,2026-02-17T13:17:00.000Z,Packed,3,SHP-0069,Delivered,TRK100137,Ukraine,Odesa,Centralna 7
SEL-019,Seller SEL-019,sel-019@amazon-demo.local,Home & Kitchen>Appliances>Coffee Machines,ASIN-004-059,Barista Smart Brewer,Digital,107.49,USD,158,CUS-139,Customer CUS-139,cus-139@mail.local,ORD-0070,2026-02-18T14:18:00.000Z,Shipped,1,SHP-0070,Preparing,TRK100138,Ukraine,Dnipro,Independence 18
SEL-020,Seller SEL-020,sel-020@amazon-demo.local,Toys & Games>Board Games>Strategy,ASIN-005-060,Kingdoms of Logic,Physical,138.49,USD,159,CUS-140,Customer CUS-140,cus-140@mail.local,ORD-0070,2026-02-19T15:19:00.000Z,Delivered,2,SHP-0070,InTransit,TRK100139,Ukraine,Kharkiv,Naukova 12
SEL-021,Seller SEL-021,sel-021@amazon-demo.local,Electronics>Computers>Laptops,ASIN-001-061,Nova Laptop 14,Physical,19.49,USD,160,CUS-141,Customer CUS-141,cus-141@mail.local,ORD-0071,2026-02-20T16:20:00.000Z,Created,3,SHP-0071,Delivered,TRK100140,Ukraine,Kyiv,Shevchenka 10
SEL-022,Seller SEL-022,sel-022@amazon-demo.local,Electronics>Audio>Headphones,ASIN-002-062,EchoSound Pro Headphones,Digital,50.49,USD,161,CUS-142,Customer CUS-142,cus-142@mail.local,ORD-0071,2026-02-21T17:21:00.000Z,Paid,1,SHP-0071,Preparing,TRK100141,Ukraine,Lviv,Soborna 25
SEL-023,Seller SEL-023,sel-023@amazon-demo.local,Books>Technology>Software Engineering,ASIN-003-063,Patterns for Scalable Systems,Physical,81.49,USD,162,CUS-143,Customer CUS-143,cus-143@mail.local,ORD-0072,2026-02-22T18:22:00.000Z,Packed,2,SHP-0072,InTransit,TRK100142,Ukraine,Odesa,Centralna 7
SEL-024,Seller SEL-024,sel-024@amazon-demo.local,Home & Kitchen>Appliances>Coffee Machines,ASIN-004-064,Barista Smart Brewer,Digital,112.49,USD,163,CUS-144,Customer CUS-144,cus-144@mail.local,ORD-0072,2026-02-23T19:23:00.000Z,Shipped,3,SHP-0072,Delivered,TRK100143,Ukraine,Dnipro,Independence 18
SEL-025,Seller SEL-025,sel-025@amazon-demo.local,Toys & Games>Board Games>Strategy,ASIN-005-065,Kingdoms of Logic,Physical,143.49,USD,164,CUS-145,Customer CUS-145,cus-145@mail.local,ORD-0073,2026-02-24T08:24:00.000Z,Delivered,1,SHP-0073,Preparing,TRK100144,Ukraine,Kharkiv,Naukova 12
SEL-026,Seller SEL-026,sel-026@amazon-demo.local,Electronics>Computers>Laptops,ASIN-001-066,Nova Laptop 14,Physical,24.49,USD,165,CUS-146,Customer CUS-146,cus-146@mail.local,ORD-0073,2026-02-25T09:25:00.000Z,Created,2,SHP-0073,InTransit,TRK100145,Ukraine,Kyiv,Shevchenka 10
SEL-027,Seller SEL-027,sel-027@amazon-demo.local,Electronics>Audio>Headphones,ASIN-002-067,EchoSound Pro Headphones,Digital,55.49,USD,166,CUS-147,Customer CUS-147,cus-147@mail.local,ORD-0074,2026-02-26T10:26:00.000Z,Paid,3,SHP-0074,Delivered,TRK100146,Ukraine,Lviv,Soborna 25
SEL-028,Seller SEL-028,sel-028@amazon-demo.local,Books>Technology>Software Engineering,ASIN-003-068,Patterns for Scalable Systems,Physical,86.49,USD,167,CUS-148,Customer CUS-148,cus-148@mail.local,ORD-0074,2026-02-27T11:27:00.000Z,Packed,1,SHP-0074,Preparing,TRK100147,Ukraine,Odesa,Centralna 7
SEL-029,Seller SEL-029,sel-029@amazon-demo.local,Home & Kitchen>Appliances>Coffee Machines,ASIN-004-069,Barista Smart Brewer,Digital,117.49,USD,168,CUS-149,Customer CUS-149,cus-149@mail.local,ORD-0075,2026-02-28T12:28:00.000Z,Shipped,2,SHP-0075,InTransit,TRK100148,Ukraine,Dnipro,Independence 18
SEL-030,Seller SEL-030,sel-030@amazon-demo.local,Toys & Games>Board Games>Strategy,ASIN-005-070,Kingdoms of Logic,Physical,148.49,USD,169,CUS-150,Customer CUS-150,cus-150@mail.local,ORD-0075,2026-03-01T13:29:00.000Z,Delivered,3,SHP-0075,Delivered,TRK100149,Ukraine,Kharkiv,Naukova 12
SEL-031,Seller SEL-031,sel-031@amazon-demo.local,Electronics>Computers>Laptops,ASIN-001-071,Nova Laptop 14,Physical,29.49,USD,20,CUS-151,Customer CUS-151,cus-151@mail.local,ORD-0076,2026-03-02T14:30:00.000Z,Created,1,SHP-0076,Preparing,TRK100150,Ukraine,Kyiv,Shevchenka 10
SEL-032,Seller SEL-032,sel-032@amazon-demo.local,Electronics>Audio>Headphones,ASIN-002-072,EchoSound Pro Headphones,Digital,60.49,USD,21,CUS-152,Customer CUS-152,cus-152@mail.local,ORD-0076,2026-03-03T15:31:00.000Z,Paid,2,SHP-0076,InTransit,TRK100151,Ukraine,Lviv,Soborna 25
SEL-033,Seller SEL-033,sel-033@amazon-demo.local,Books>Technology>Software Engineering,ASIN-003-073,Patterns for Scalable Systems,Physical,91.49,USD,22,CUS-153,Customer CUS-153,cus-153@mail.local,ORD-0077,2026-03-04T16:32:00.000Z,Packed,3,SHP-0077,Delivered,TRK100152,Ukraine,Odesa,Centralna 7
SEL-034,Seller SEL-034,sel-034@amazon-demo.local,Home & Kitchen>Appliances>Coffee Machines,ASIN-004-074,Barista Smart Brewer,Digital,105.49,USD,23,CUS-154,Customer CUS-154,cus-154@mail.local,ORD-0077,2026-03-05T17:33:00.000Z,Shipped,1,SHP-0077,Preparing,TRK100153,Ukraine,Dnipro,Independence 18
SEL-035,Seller SEL-035,sel-035@amazon-demo.local,Toys & Games>Board Games>Strategy,ASIN-005-075,Kingdoms of Logic,Physical,136.49,USD,24,CUS-155,Customer CUS-155,cus-155@mail.local,ORD-0078,2026-03-06T18:34:00.000Z,Delivered,2,SHP-0078,InTransit,TRK100154,Ukraine,Kharkiv,Naukova 12
SEL-036,Seller SEL-036,sel-036@amazon-demo.local,Electronics>Computers>Laptops,ASIN-001-076,Nova Laptop 14,Physical,17.49,USD,25,CUS-156,Customer CUS-156,cus-156@mail.local,ORD-0078,2026-03-07T19:35:00.000Z,Created,3,SHP-0078,Delivered,TRK100155,Ukraine,Kyiv,Shevchenka 10
SEL-037,Seller SEL-037,sel-037@amazon-demo.local,Electronics>Audio>Headphones,ASIN-002-077,EchoSound Pro Headphones,Digital,48.49,USD,26,CUS-157,Customer CUS-157,cus-157@mail.local,ORD-0079,2026-03-08T08:36:00.000Z,Paid,1,SHP-0079,Preparing,TRK100156,Ukraine,Lviv,Soborna 25
SEL-038,Seller SEL-038,sel-038@amazon-demo.local,Books>Technology>Software Engineering,ASIN-003-078,Patterns for Scalable Systems,Physical,79.49,USD,27,CUS-158,Customer CUS-158,cus-158@mail.local,ORD-0079,2026-03-09T09:37:00.000Z,Packed,2,SHP-0079,InTransit,TRK100157,Ukraine,Odesa,Centralna 7
SEL-039,Seller SEL-039,sel-039@amazon-demo.local,Home & Kitchen>Appliances>Coffee Machines,ASIN-004-079,Barista Smart Brewer,Digital,110.49,USD,28,CUS-159,Customer CUS-159,cus-159@mail.local,ORD-0080,2026-03-10T10:38:00.000Z,Shipped,3,SHP-0080,Delivered,TRK100158,Ukraine,Dnipro,Independence 18
SEL-040,Seller SEL-040,sel-040@amazon-demo.local,Toys & Games>Board Games>Strategy,ASIN-005-080,Kingdoms of Logic,Physical,141.49,USD,29,CUS-160,Customer CUS-160,cus-160@mail.local,ORD-0080,2026-03-11T11:39:00.000Z,Delivered,1,SHP-0080,Preparing,TRK100159,Ukraine,Kharkiv,Naukova 12
SEL-041,Seller SEL-041,sel-041@amazon-demo.local,Electronics>Computers>Laptops,ASIN-001-001,Nova Laptop 14,Physical,22.49,USD,30,CUS-161,Customer CUS-161,cus-161@mail.local,ORD-0081,2026-03-12T12:40:00.000Z,Created,2,SHP-0081,InTransit,TRK100160,Ukraine,Kyiv,Shevchenka 10
SEL-042,Seller SEL-042,sel-042@amazon-demo.local,Electronics>Audio>Headphones,ASIN-002-002,EchoSound Pro Headphones,Digital,53.49,USD,31,CUS-162,Customer CUS-162,cus-162@mail.local,ORD-0081,2026-03-13T13:41:00.000Z,Paid,3,SHP-0081,Delivered,TRK100161,Ukraine,Lviv,Soborna 25
SEL-043,Seller SEL-043,sel-043@amazon-demo.local,Books>Technology>Software Engineering,ASIN-003-003,Patterns for Scalable Systems,Physical,84.49,USD,32,CUS-163,Customer CUS-163,cus-163@mail.local,ORD-0082,2026-03-14T14:42:00.000Z,Packed,1,SHP-0082,Preparing,TRK100162,Ukraine,Odesa,Centralna 7
SEL-044,Seller SEL-044,sel-044@amazon-demo.local,Home & Kitchen>Appliances>Coffee Machines,ASIN-004-004,Barista Smart Brewer,Digital,115.49,USD,33,CUS-164,Customer CUS-164,cus-164@mail.local,ORD-0082,2026-03-15T15:43:00.000Z,Shipped,2,SHP-0082,InTransit,TRK100163,Ukraine,Dnipro,Independence 18
SEL-045,Seller SEL-045,sel-045@amazon-demo.local,Toys & Games>Board Games>Strategy,ASIN-005-005,Kingdoms of Logic,Physical,146.49,USD,34,CUS-165,Customer CUS-165,cus-165@mail.local,ORD-0083,2026-03-16T16:44:00.000Z,Delivered,3,SHP-0083,Delivered,TRK100164,Ukraine,Kharkiv,Naukova 12
SEL-046,Seller SEL-046,sel-046@amazon-demo.local,Electronics>Computers>Laptops,ASIN-001-006,Nova Laptop 14,Physical,27.49,USD,35,CUS-166,Customer CUS-166,cus-166@mail.local,ORD-0083,2026-03-17T17:45:00.000Z,Created,1,SHP-0083,Preparing,TRK100165,Ukraine,Kyiv,Shevchenka 10
SEL-047,Seller SEL-047,sel-047@amazon-demo.local,Electronics>Audio>Headphones,ASIN-002-007,EchoSound Pro Headphones,Digital,58.49,USD,36,CUS-167,Customer CUS-167,cus-167@mail.local,ORD-0084,2026-03-18T18:46:00.000Z,Paid,2,SHP-0084,InTransit,TRK100166,Ukraine,Lviv,Soborna 25
SEL-048,Seller SEL-048,sel-048@amazon-demo.local,Books>Technology>Software Engineering,ASIN-003-008,Patterns for Scalable Systems,Physical,89.49,USD,37,CUS-168,Customer CUS-168,cus-168@mail.local,ORD-0084,2026-03-19T19:47:00.000Z,Packed,3,SHP-0084,Delivered,TRK100167,Ukraine,Odesa,Centralna 7
SEL-049,Seller SEL-049,sel-049@amazon-demo.local,Home & Kitchen>Appliances>Coffee Machines,ASIN-004-009,Barista Smart Brewer,Digital,120.49,USD,38,CUS-169,Customer CUS-169,cus-169@mail.local,ORD-0085,2026-03-20T08:48:00.000Z,Shipped,1,SHP-0085,Preparing,TRK100168,Ukraine,Dnipro,Independence 18
SEL-050,Seller SEL-050,sel-050@amazon-demo.local,Toys & Games>Board Games>Strategy,ASIN-005-010,Kingdoms of Logic,Physical,151.49,USD,39,CUS-170,Customer CUS-170,cus-170@mail.local,ORD-0085,2026-03-21T09:49:00.000Z,Delivered,2,SHP-0085,InTransit,TRK100169,Ukraine,Kharkiv,Naukova 12
SEL-051,Seller SEL-051,sel-051@amazon-demo.local,Electronics>Computers>Laptops,ASIN-001-011,Nova Laptop 14,Physical,15.49,USD,40,CUS-171,Customer CUS-171,cus-171@mail.local,ORD-0086,2026-03-22T10:50:00.000Z,Created,3,SHP-0086,Delivered,TRK100170,Ukraine,Kyiv,Shevchenka 10
SEL-052,Seller SEL-052,sel-052@amazon-demo.local,Electronics>Audio>Headphones,ASIN-002-012,EchoSound Pro Headphones,Digital,46.49,USD,41,CUS-172,Customer CUS-172,cus-172@mail.local,ORD-0086,2026-03-23T11:51:00.000Z,Paid,1,SHP-0086,Preparing,TRK100171,Ukraine,Lviv,Soborna 25
SEL-053,Seller SEL-053,sel-053@amazon-demo.local,Books>Technology>Software Engineering,ASIN-003-013,Patterns for Scalable Systems,Physical,77.49,USD,42,CUS-173,Customer CUS-173,cus-173@mail.local,ORD-0087,2026-03-24T12:52:00.000Z,Packed,2,SHP-0087,InTransit,TRK100172,Ukraine,Odesa,Centralna 7
SEL-054,Seller SEL-054,sel-054@amazon-demo.local,Home & Kitchen>Appliances>Coffee Machines,ASIN-004-014,Barista Smart Brewer,Digital,108.49,USD,43,CUS-174,Customer CUS-174,cus-174@mail.local,ORD-0087,2026-03-25T13:53:00.000Z,Shipped,3,SHP-0087,Delivered,TRK100173,Ukraine,Dnipro,Independence 18
SEL-055,Seller SEL-055,sel-055@amazon-demo.local,Toys & Games>Board Games>Strategy,ASIN-005-015,Kingdoms of Logic,Physical,139.49,USD,44,CUS-175,Customer CUS-175,cus-175@mail.local,ORD-0088,2026-03-26T14:54:00.000Z,Delivered,1,SHP-0088,Preparing,TRK100174,Ukraine,Kharkiv,Naukova 12
SEL-056,Seller SEL-056,sel-056@amazon-demo.local,Electronics>Computers>Laptops,ASIN-001-016,Nova Laptop 14,Physical,20.49,USD,45,CUS-176,Customer CUS-176,cus-176@mail.local,ORD-0088,2026-03-27T15:55:00.000Z,Created,2,SHP-0088,InTransit,TRK100175,Ukraine,Kyiv,Shevchenka 10
SEL-057,Seller SEL-057,sel-057@amazon-demo.local,Electronics>Audio>Headphones,ASIN-002-017,EchoSound Pro Headphones,Digital,51.49,USD,46,CUS-177,Customer CUS-177,cus-177@mail.local,ORD-0089,2026-03-28T16:56:00.000Z,Paid,3,SHP-0089,Delivered,TRK100176,Ukraine,Lviv,Soborna 25
SEL-058,Seller SEL-058,sel-058@amazon-demo.local,Books>Technology>Software Engineering,ASIN-003-018,Patterns for Scalable Systems,Physical,82.49,USD,47,CUS-178,Customer CUS-178,cus-178@mail.local,ORD-0089,2026-03-29T17:57:00.000Z,Packed,1,SHP-0089,Preparing,TRK100177,Ukraine,Odesa,Centralna 7
SEL-059,Seller SEL-059,sel-059@amazon-demo.local,Home & Kitchen>Appliances>Coffee Machines,ASIN-004-019,Barista Smart Brewer,Digital,113.49,USD,48,CUS-179,Customer CUS-179,cus-179@mail.local,ORD-0090,2026-03-30T18:58:00.000Z,Shipped,2,SHP-0090,InTransit,TRK100178,Ukraine,Dnipro,Independence 18
SEL-060,Seller SEL-060,sel-060@amazon-demo.local,Toys & Games>Board Games>Strategy,ASIN-005-020,Kingdoms of Logic,Physical,144.49,USD,49,CUS-180,Customer CUS-180,cus-180@mail.local,ORD-0090,2026-03-31T19:59:00.000Z,Delivered,3,SHP-0090,Delivered,TRK100179,Ukraine,Kharkiv,Naukova 12
SEL-001,Seller SEL-001,sel-001@amazon-demo.local,Electronics>Computers>Laptops,ASIN-001-021,Nova Laptop 14,Physical,25.49,USD,50,CUS-181,Customer CUS-181,cus-181@mail.local,ORD-0091,2026-01-01T08:00:00.000Z,Created,1,SHP-0091,Preparing,TRK100180,Ukraine,Kyiv,Shevchenka 10
SEL-002,Seller SEL-002,sel-002@amazon-demo.local,Electronics>Audio>Headphones,ASIN-002-022,EchoSound Pro Headphones,Digital,56.49,USD,51,CUS-182,Customer CUS-182,cus-182@mail.local,ORD-0091,2026-01-02T09:01:00.000Z,Paid,2,SHP-0091,InTransit,TRK100181,Ukraine,Lviv,Soborna 25
SEL-003,Seller SEL-003,sel-003@amazon-demo.local,Books>Technology>Software Engineering,ASIN-003-023,Patterns for Scalable Systems,Physical,87.49,USD,52,CUS-183,Customer CUS-183,cus-183@mail.local,ORD-0092,2026-01-03T10:02:00.000Z,Packed,3,SHP-0092,Delivered,TRK100182,Ukraine,Odesa,Centralna 7
SEL-004,Seller SEL-004,sel-004@amazon-demo.local,Home & Kitchen>Appliances>Coffee Machines,ASIN-004-024,Barista Smart Brewer,Digital,118.49,USD,53,CUS-184,Customer CUS-184,cus-184@mail.local,ORD-0092,2026-01-04T11:03:00.000Z,Shipped,1,SHP-0092,Preparing,TRK100183,Ukraine,Dnipro,Independence 18
SEL-005,Seller SEL-005,sel-005@amazon-demo.local,Toys & Games>Board Games>Strategy,ASIN-005-025,Kingdoms of Logic,Physical,149.49,USD,54,CUS-185,Customer CUS-185,cus-185@mail.local,ORD-0093,2026-01-05T12:04:00.000Z,Delivered,2,SHP-0093,InTransit,TRK100184,Ukraine,Kharkiv,Naukova 12
SEL-006,Seller SEL-006,sel-006@amazon-demo.local,Electronics>Computers>Laptops,ASIN-001-026,Nova Laptop 14,Physical,30.49,USD,55,CUS-186,Customer CUS-186,cus-186@mail.local,ORD-0093,2026-01-06T13:05:00.000Z,Created,3,SHP-0093,Delivered,TRK100185,Ukraine,Kyiv,Shevchenka 10
SEL-007,Seller SEL-007,sel-007@amazon-demo.local,Electronics>Audio>Headphones,ASIN-002-027,EchoSound Pro Headphones,Digital,61.49,USD,56,CUS-187,Customer CUS-187,cus-187@mail.local,ORD-0094,2026-01-07T14:06:00.000Z,Paid,1,SHP-0094,Preparing,TRK100186,Ukraine,Lviv,Soborna 25
SEL-008,Seller SEL-008,sel-008@amazon-demo.local,Books>Technology>Software Engineering,ASIN-003-028,Patterns for Scalable Systems,Physical,75.49,USD,57,CUS-188,Customer CUS-188,cus-188@mail.local,ORD-0094,2026-01-08T15:07:00.000Z,Packed,2,SHP-0094,InTransit,TRK100187,Ukraine,Odesa,Centralna 7
SEL-009,Seller SEL-009,sel-009@amazon-demo.local,Home & Kitchen>Appliances>Coffee Machines,ASIN-004-029,Barista Smart Brewer,Digital,106.49,USD,58,CUS-189,Customer CUS-189,cus-189@mail.local,ORD-0095,2026-01-09T16:08:00.000Z,Shipped,3,SHP-0095,Delivered,TRK100188,Ukraine,Dnipro,Independence 18
SEL-010,Seller SEL-010,sel-010@amazon-demo.local,Toys & Games>Board Games>Strategy,ASIN-005-030,Kingdoms of Logic,Physical,137.49,USD,59,CUS-190,Customer CUS-190,cus-190@mail.local,ORD-0095,2026-01-10T17:09:00.000Z,Delivered,1,SHP-0095,Preparing,TRK100189,Ukraine,Kharkiv,Naukova 12
SEL-011,Seller SEL-011,sel-011@amazon-demo.local,Electronics>Computers>Laptops,ASIN-001-031,Nova Laptop 14,Physical,18.49,USD,60,CUS-191,Customer CUS-191,cus-191@mail.local,ORD-0096,2026-01-11T18:10:00.000Z,Created,2,SHP-0096,InTransit,TRK100190,Ukraine,Kyiv,Shevchenka 10
SEL-012,Seller SEL-012,sel-012@amazon-demo.local,Electronics>Audio>Headphones,ASIN-002-032,EchoSound Pro Headphones,Digital,49.49,USD,61,CUS-192,Customer CUS-192,cus-192@mail.local,ORD-0096,2026-01-12T19:11:00.000Z,Paid,3,SHP-0096,Delivered,TRK100191,Ukraine,Lviv,Soborna 25
SEL-013,Seller SEL-013,sel-013@amazon-demo.local,Books>Technology>Software Engineering,ASIN-003-033,Patterns for Scalable Systems,Physical,80.49,USD,62,CUS-193,Customer CUS-193,cus-193@mail.local,ORD-0097,2026-01-13T08:12:00.000Z,Packed,1,SHP-0097,Preparing,TRK100192,Ukraine,Odesa,Centralna 7
SEL-014,Seller SEL-014,sel-014@amazon-demo.local,Home & Kitchen>Appliances>Coffee Machines,ASIN-004-034,Barista Smart Brewer,Digital,111.49,USD,63,CUS-194,Customer CUS-194,cus-194@mail.local,ORD-0097,2026-01-14T09:13:00.000Z,Shipped,2,SHP-0097,InTransit,TRK100193,Ukraine,Dnipro,Independence 18
SEL-015,Seller SEL-015,sel-015@amazon-demo.local,Toys & Games>Board Games>Strategy,ASIN-005-035,Kingdoms of Logic,Physical,142.49,USD,64,CUS-195,Customer CUS-195,cus-195@mail.local,ORD-0098,2026-01-15T10:14:00.000Z,Delivered,3,SHP-0098,Delivered,TRK100194,Ukraine,Kharkiv,Naukova 12
SEL-016,Seller SEL-016,sel-016@amazon-demo.local,Electronics>Computers>Laptops,ASIN-001-036,Nova Laptop 14,Physical,23.49,USD,65,CUS-196,Customer CUS-196,cus-196@mail.local,ORD-0098,2026-01-16T11:15:00.000Z,Created,1,SHP-0098,Preparing,TRK100195,Ukraine,Kyiv,Shevchenka 10
SEL-017,Seller SEL-017,sel-017@amazon-demo.local,Electronics>Audio>Headphones,ASIN-002-037,EchoSound Pro Headphones,Digital,54.49,USD,66,CUS-197,Customer CUS-197,cus-197@mail.local,ORD-0099,2026-01-17T12:16:00.000Z,Paid,2,SHP-0099,InTransit,TRK100196,Ukraine,Lviv,Soborna 25
SEL-018,Seller SEL-018,sel-018@amazon-demo.local,Books>Technology>Software Engineering,ASIN-003-038,Patterns for Scalable Systems,Physical,85.49,USD,67,CUS-198,Customer CUS-198,cus-198@mail.local,ORD-0099,2026-01-18T13:17:00.000Z,Packed,3,SHP-0099,Delivered,TRK100197,Ukraine,Odesa,Centralna 7
SEL-019,Seller SEL-019,sel-019@amazon-demo.local,Home & Kitchen>Appliances>Coffee Machines,ASIN-004-039,Barista Smart Brewer,Digital,116.49,USD,68,CUS-199,Customer CUS-199,cus-199@mail.local,ORD-0100,2026-01-19T14:18:00.000Z,Shipped,1,SHP-0100,Preparing,TRK100198,Ukraine,Dnipro,Independence 18
SEL-020,Seller SEL-020,sel-020@amazon-demo.local,Toys & Games>Board Games>Strategy,ASIN-005-040,Kingdoms of Logic,Physical,147.49,USD,69,CUS-200,Customer CUS-200,cus-200@mail.local,ORD-0100,2026-01-20T15:19:00.000Z,Delivered,2,SHP-0100,InTransit,TRK100199,Ukraine,Kharkiv,Naukova 12
SEL-021,Seller SEL-021,sel-021@amazon-demo.local,Electronics>Computers>Laptops,ASIN-001-041,Nova Laptop 14,Physical,28.49,USD,70,CUS-201,Customer CUS-201,cus-201@mail.local,ORD-0101,2026-01-21T16:20:00.000Z,Created,3,SHP-0101,Delivered,TRK100200,Ukraine,Kyiv,Shevchenka 10
SEL-022,Seller SEL-022,sel-022@amazon-demo.local,Electronics>Audio>Headphones,ASIN-002-042,EchoSound Pro Headphones,Digital,59.49,USD,71,CUS-202,Customer CUS-202,cus-202@mail.local,ORD-0101,2026-01-22T17:21:00.000Z,Paid,1,SHP-0101,Preparing,TRK100201,Ukraine,Lviv,Soborna 25
SEL-023,Seller SEL-023,sel-023@amazon-demo.local,Books>Technology>Software Engineering,ASIN-003-043,Patterns for Scalable Systems,Physical,90.49,USD,72,CUS-203,Customer CUS-203,cus-203@mail.local,ORD-0102,2026-01-23T18:22:00.000Z,Packed,2,SHP-0102,InTransit,TRK100202,Ukraine,Odesa,Centralna 7
SEL-024,Seller SEL-024,sel-024@amazon-demo.local,Home & Kitchen>Appliances>Coffee Machines,ASIN-004-044,Barista Smart Brewer,Digital,121.49,USD,73,CUS-204,Customer CUS-204,cus-204@mail.local,ORD-0102,2026-01-24T19:23:00.000Z,Shipped,3,SHP-0102,Delivered,TRK100203,Ukraine,Dnipro,Independence 18
SEL-025,Seller SEL-025,sel-025@amazon-demo.local,Toys & Games>Board Games>Strategy,ASIN-005-045,Kingdoms of Logic,Physical,135.49,USD,74,CUS-205,Customer CUS-205,cus-205@mail.local,ORD-0103,2026-01-25T08:24:00.000Z,Delivered,1,SHP-0103,Preparing,TRK100204,Ukraine,Kharkiv,Naukova 12
SEL-026,Seller SEL-026,sel-026@amazon-demo.local,Electronics>Computers>Laptops,ASIN-001-046,Nova Laptop 14,Physical,16.49,USD,75,CUS-206,Customer CUS-206,cus-206@mail.local,ORD-0103,2026-01-26T09:25:00.000Z,Created,2,SHP-0103,InTransit,TRK100205,Ukraine,Kyiv,Shevchenka 10
SEL-027,Seller SEL-027,sel-027@amazon-demo.local,Electronics>Audio>Headphones,ASIN-002-047,EchoSound Pro Headphones,Digital,47.49,USD,76,CUS-207,Customer CUS-207,cus-207@mail.local,ORD-0104,2026-01-27T10:26:00.000Z,Paid,3,SHP-0104,Delivered,TRK100206,Ukraine,Lviv,Soborna 25
SEL-028,Seller SEL-028,sel-028@amazon-demo.local,Books>Technology>Software Engineering,ASIN-003-048,Patterns for Scalable Systems,Physical,78.49,USD,77,CUS-208,Customer CUS-208,cus-208@mail.local,ORD-0104,2026-01-28T11:27:00.000Z,Packed,1,SHP-0104,Preparing,TRK100207,Ukraine,Odesa,Centralna 7
SEL-029,Seller SEL-029,sel-029@amazon-demo.local,Home & Kitchen>Appliances>Coffee Machines,ASIN-004-049,Barista Smart Brewer,Digital,109.49,USD,78,CUS-209,Customer CUS-209,cus-209@mail.local,ORD-0105,2026-01-29T12:28:00.000Z,Shipped,2,SHP-0105,InTransit,TRK100208,Ukraine,Dnipro,Independence 18
SEL-030,Seller SEL-030,sel-030@amazon-demo.local,Toys & Games>Board Games>Strategy,ASIN-005-050,Kingdoms of Logic,Physical,140.49,USD,79,CUS-210,Customer CUS-210,cus-210@mail.local,ORD-0105,2026-01-30T13:29:00.000Z,Delivered,3,SHP-0105,Delivered,TRK100209,Ukraine,Kharkiv,Naukova 12
SEL-031,Seller SEL-031,sel-031@amazon-demo.local,Electronics>Computers>Laptops,ASIN-001-051,Nova Laptop 14,Physical,21.49,USD,80,CUS-211,Customer CUS-211,cus-211@mail.local,ORD-0106,2026-01-31T14:30:00.000Z,Created,1,SHP-0106,Preparing,TRK100210,Ukraine,Kyiv,Shevchenka 10
SEL-032,Seller SEL-032,sel-032@amazon-demo.local,Electronics>Audio>Headphones,ASIN-002-052,EchoSound Pro Headphones,Digital,52.49,USD,81,CUS-212,Customer CUS-212,cus-212@mail.local,ORD-0106,2026-02-01T15:31:00.000Z,Paid,2,SHP-0106,InTransit,TRK100211,Ukraine,Lviv,Soborna 25
SEL-033,Seller SEL-033,sel-033@amazon-demo.local,Books>Technology>Software Engineering,ASIN-003-053,Patterns for Scalable Systems,Physical,83.49,USD,82,CUS-213,Customer CUS-213,cus-213@mail.local,ORD-0107,2026-02-02T16:32:00.000Z,Packed,3,SHP-0107,Delivered,TRK100212,Ukraine,Odesa,Centralna 7
SEL-034,Seller SEL-034,sel-034@amazon-demo.local,Home & Kitchen>Appliances>Coffee Machines,ASIN-004-054,Barista Smart Brewer,Digital,114.49,USD,83,CUS-214,Customer CUS-214,cus-214@mail.local,ORD-0107,2026-02-03T17:33:00.000Z,Shipped,1,SHP-0107,Preparing,TRK100213,Ukraine,Dnipro,Independence 18
SEL-035,Seller SEL-035,sel-035@amazon-demo.local,Toys & Games>Board Games>Strategy,ASIN-005-055,Kingdoms of Logic,Physical,145.49,USD,84,CUS-215,Customer CUS-215,cus-215@mail.local,ORD-0108,2026-02-04T18:34:00.000Z,Delivered,2,SHP-0108,InTransit,TRK100214,Ukraine,Kharkiv,Naukova 12
SEL-036,Seller SEL-036,sel-036@amazon-demo.local,Electronics>Computers>Laptops,ASIN-001-056,Nova Laptop 14,Physical,26.49,USD,85,CUS-216,Customer CUS-216,cus-216@mail.local,ORD-0108,2026-02-05T19:35:00.000Z,Created,3,SHP-0108,Delivered,TRK100215,Ukraine,Kyiv,Shevchenka 10
SEL-037,Seller SEL-037,sel-037@amazon-demo.local,Electronics>Audio>Headphones,ASIN-002-057,EchoSound Pro Headphones,Digital,57.49,USD,86,CUS-217,Customer CUS-217,cus-217@mail.local,ORD-0109,2026-02-06T08:36:00.000Z,Paid,1,SHP-0109,Preparing,TRK100216,Ukraine,Lviv,Soborna 25
SEL-038,Seller SEL-038,sel-038@amazon-demo.local,Books>Technology>Software Engineering,ASIN-003-058,Patterns for Scalable Systems,Physical,88.49,USD,87,CUS-218,Customer CUS-218,cus-218@mail.local,ORD-0109,2026-02-07T09:37:00.000Z,Packed,2,SHP-0109,InTransit,TRK100217,Ukraine,Odesa,Centralna 7
SEL-039,Seller SEL-039,sel-039@amazon-demo.local,Home & Kitchen>Appliances>Coffee Machines,ASIN-004-059,Barista Smart Brewer,Digital,119.49,USD,88,CUS-219,Customer CUS-219,cus-219@mail.local,ORD-0110,2026-02-08T10:38:00.000Z,Shipped,3,SHP-0110,Delivered,TRK100218,Ukraine,Dnipro,Independence 18
SEL-040,Seller SEL-040,sel-040@amazon-demo.local,Toys & Games>Board Games>Strategy,ASIN-005-060,Kingdoms of Logic,Physical,150.49,USD,89,CUS-220,Customer CUS-220,cus-220@mail.local,ORD-0110,2026-02-09T11:39:00.000Z,Delivered,1,SHP-0110,Preparing,TRK100219,Ukraine,Kharkiv,Naukova 12
SEL-041,Seller SEL-041,sel-041@amazon-demo.local,Electronics>Computers>Laptops,ASIN-001-061,Nova Laptop 14,Physical,31.49,USD,90,CUS-221,Customer CUS-221,cus-221@mail.local,ORD-0111,2026-02-10T12:40:00.000Z,Created,2,SHP-0111,InTransit,TRK100220,Ukraine,Kyiv,Shevchenka 10
SEL-042,Seller SEL-042,sel-042@amazon-demo.local,Electronics>Audio>Headphones,ASIN-002-062,EchoSound Pro Headphones,Digital,45.49,USD,91,CUS-222,Customer CUS-222,cus-222@mail.local,ORD-0111,2026-02-11T13:41:00.000Z,Paid,3,SHP-0111,Delivered,TRK100221,Ukraine,Lviv,Soborna 25
SEL-043,Seller SEL-043,sel-043@amazon-demo.local,Books>Technology>Software Engineering,ASIN-003-063,Patterns for Scalable Systems,Physical,76.49,USD,92,CUS-223,Customer CUS-223,cus-223@mail.local,ORD-0112,2026-02-12T14:42:00.000Z,Packed,1,SHP-0112,Preparing,TRK100222,Ukraine,Odesa,Centralna 7
SEL-044,Seller SEL-044,sel-044@amazon-demo.local,Home & Kitchen>Appliances>Coffee Machines,ASIN-004-064,Barista Smart Brewer,Digital,107.49,USD,93,CUS-224,Customer CUS-224,cus-224@mail.local,ORD-0112,2026-02-13T15:43:00.000Z,Shipped,2,SHP-0112,InTransit,TRK100223,Ukraine,Dnipro,Independence 18
SEL-045,Seller SEL-045,sel-045@amazon-demo.local,Toys & Games>Board Games>Strategy,ASIN-005-065,Kingdoms of Logic,Physical,138.49,USD,94,CUS-225,Customer CUS-225,cus-225@mail.local,ORD-0113,2026-02-14T16:44:00.000Z,Delivered,3,SHP-0113,Delivered,TRK100224,Ukraine,Kharkiv,Naukova 12
SEL-046,Seller SEL-046,sel-046@amazon-demo.local,Electronics>Computers>Laptops,ASIN-001-066,Nova Laptop 14,Physical,19.49,USD,95,CUS-226,Customer CUS-226,cus-226@mail.local,ORD-0113,2026-02-15T17:45:00.000Z,Created,1,SHP-0113,Preparing,TRK100225,Ukraine,Kyiv,Shevchenka 10
SEL-047,Seller SEL-047,sel-047@amazon-demo.local,Electronics>Audio>Headphones,ASIN-002-067,EchoSound Pro Headphones,Digital,50.49,USD,96,CUS-227,Customer CUS-227,cus-227@mail.local,ORD-0114,2026-02-16T18:46:00.000Z,Paid,2,SHP-0114,InTransit,TRK100226,Ukraine,Lviv,Soborna 25
SEL-048,Seller SEL-048,sel-048@amazon-demo.local,Books>Technology>Software Engineering,ASIN-003-068,Patterns for Scalable Systems,Physical,81.49,USD,97,CUS-228,Customer CUS-228,cus-228@mail.local,ORD-0114,2026-02-17T19:47:00.000Z,Packed,3,SHP-0114,Delivered,TRK100227,Ukraine,Odesa,Centralna 7
SEL-049,Seller SEL-049,sel-049@amazon-demo.local,Home & Kitchen>Appliances>Coffee Machines,ASIN-004-069,Barista Smart Brewer,Digital,112.49,USD,98,CUS-229,Customer CUS-229,cus-229@mail.local,ORD-0115,2026-02-18T08:48:00.000Z,Shipped,1,SHP-0115,Preparing,TRK100228,Ukraine,Dnipro,Independence 18
SEL-050,Seller SEL-050,sel-050@amazon-demo.local,Toys & Games>Board Games>Strategy,ASIN-005-070,Kingdoms of Logic,Physical,143.49,USD,99,CUS-230,Customer CUS-230,cus-230@mail.local,ORD-0115,2026-02-19T09:49:00.000Z,Delivered,2,SHP-0115,InTransit,TRK100229,Ukraine,Kharkiv,Naukova 12
SEL-051,Seller SEL-051,sel-051@amazon-demo.local,Electronics>Computers>Laptops,ASIN-001-071,Nova Laptop 14,Physical,24.49,USD,100,CUS-231,Customer CUS-231,cus-231@mail.local,ORD-0116,2026-02-20T10:50:00.000Z,Created,3,SHP-0116,Delivered,TRK100230,Ukraine,Kyiv,Shevchenka 10
SEL-052,Seller SEL-052,sel-052@amazon-demo.local,Electronics>Audio>Headphones,ASIN-002-072,EchoSound Pro Headphones,Digital,55.49,USD,101,CUS-232,Customer CUS-232,cus-232@mail.local,ORD-0116,2026-02-21T11:51:00.000Z,Paid,1,SHP-0116,Preparing,TRK100231,Ukraine,Lviv,Soborna 25
SEL-053,Seller SEL-053,sel-053@amazon-demo.local,Books>Technology>Software Engineering,ASIN-003-073,Patterns for Scalable Systems,Physical,86.49,USD,102,CUS-233,Customer CUS-233,cus-233@mail.local,ORD-0117,2026-02-22T12:52:00.000Z,Packed,2,SHP-0117,InTransit,TRK100232,Ukraine,Odesa,Centralna 7
SEL-054,Seller SEL-054,sel-054@amazon-demo.local,Home & Kitchen>Appliances>Coffee Machines,ASIN-004-074,Barista Smart Brewer,Digital,117.49,USD,103,CUS-234,Customer CUS-234,cus-234@mail.local,ORD-0117,2026-02-23T13:53:00.000Z,Shipped,3,SHP-0117,Delivered,TRK100233,Ukraine,Dnipro,Independence 18
SEL-055,Seller SEL-055,sel-055@amazon-demo.local,Toys & Games>Board Games>Strategy,ASIN-005-075,Kingdoms of Logic,Physical,148.49,USD,104,CUS-235,Customer CUS-235,cus-235@mail.local,ORD-0118,2026-02-24T14:54:00.000Z,Delivered,1,SHP-0118,Preparing,TRK100234,Ukraine,Kharkiv,Naukova 12
SEL-056,Seller SEL-056,sel-056@amazon-demo.local,Electronics>Computers>Laptops,ASIN-001-076,Nova Laptop 14,Physical,29.49,USD,105,CUS-236,Customer CUS-236,cus-236@mail.local,ORD-0118,2026-02-25T15:55:00.000Z,Created,2,SHP-0118,InTransit,TRK100235,Ukraine,Kyiv,Shevchenka 10
SEL-057,Seller SEL-057,sel-057@amazon-demo.local,Electronics>Audio>Headphones,ASIN-002-077,EchoSound Pro Headphones,Digital,60.49,USD,106,CUS-237,Customer CUS-237,cus-237@mail.local,ORD-0119,2026-02-26T16:56:00.000Z,Paid,3,SHP-0119,Delivered,TRK100236,Ukraine,Lviv,Soborna 25
SEL-058,Seller SEL-058,sel-058@amazon-demo.local,Books>Technology>Software Engineering,ASIN-003-078,Patterns for Scalable Systems,Physical,91.49,USD,107,CUS-238,Customer CUS-238,cus-238@mail.local,ORD-0119,2026-02-27T17:57:00.000Z,Packed,1,SHP-0119,Preparing,TRK100237,Ukraine,Odesa,Centralna 7
SEL-059,Seller SEL-059,sel-059@amazon-demo.local,Home & Kitchen>Appliances>Coffee Machines,ASIN-004-079,Barista Smart Brewer,Digital,105.49,USD,108,CUS-239,Customer CUS-239,cus-239@mail.local,ORD-0120,2026-02-28T18:58:00.000Z,Shipped,2,SHP-0120,InTransit,TRK100238,Ukraine,Dnipro,Independence 18
SEL-060,Seller SEL-060,sel-060@amazon-demo.local,Toys & Games>Board Games>Strategy,ASIN-005-080,Kingdoms of Logic,Physical,136.49,USD,109,CUS-240,Customer CUS-240,cus-240@mail.local,ORD-0120,2026-03-01T19:59:00.000Z,Delivered,3,SHP-0120,Delivered,TRK100239,Ukraine,Kharkiv,Naukova 12
SEL-001,Seller SEL-001,sel-001@amazon-demo.local,Electronics>Computers>Laptops,ASIN-001-001,Nova Laptop 14,Physical,17.49,USD,110,CUS-241,Customer CUS-241,cus-241@mail.local,ORD-0121,2026-03-02T08:00:00.000Z,Created,1,SHP-0121,Preparing,TRK100240,Ukraine,Kyiv,Shevchenka 10
SEL-002,Seller SEL-002,sel-002@amazon-demo.local,Electronics>Audio>Headphones,ASIN-002-002,EchoSound Pro Headphones,Digital,48.49,USD,111,CUS-242,Customer CUS-242,cus-242@mail.local,ORD-0121,2026-03-03T09:01:00.000Z,Paid,2,SHP-0121,InTransit,TRK100241,Ukraine,Lviv,Soborna 25
SEL-003,Seller SEL-003,sel-003@amazon-demo.local,Books>Technology>Software Engineering,ASIN-003-003,Patterns for Scalable Systems,Physical,79.49,USD,112,CUS-243,Customer CUS-243,cus-243@mail.local,ORD-0122,2026-03-04T10:02:00.000Z,Packed,3,SHP-0122,Delivered,TRK100242,Ukraine,Odesa,Centralna 7
SEL-004,Seller SEL-004,sel-004@amazon-demo.local,Home & Kitchen>Appliances>Coffee Machines,ASIN-004-004,Barista Smart Brewer,Digital,110.49,USD,113,CUS-244,Customer CUS-244,cus-244@mail.local,ORD-0122,2026-03-05T11:03:00.000Z,Shipped,1,SHP-0122,Preparing,TRK100243,Ukraine,Dnipro,Independence 18
SEL-005,Seller SEL-005,sel-005@amazon-demo.local,Toys & Games>Board Games>Strategy,ASIN-005-005,Kingdoms of Logic,Physical,141.49,USD,114,CUS-245,Customer CUS-245,cus-245@mail.local,ORD-0123,2026-03-06T12:04:00.000Z,Delivered,2,SHP-0123,InTransit,TRK100244,Ukraine,Kharkiv,Naukova 12
SEL-006,Seller SEL-006,sel-006@amazon-demo.local,Electronics>Computers>Laptops,ASIN-001-006,Nova Laptop 14,Physical,22.49,USD,115,CUS-246,Customer CUS-246,cus-246@mail.local,ORD-0123,2026-03-07T13:05:00.000Z,Created,3,SHP-0123,Delivered,TRK100245,Ukraine,Kyiv,Shevchenka 10
SEL-007,Seller SEL-007,sel-007@amazon-demo.local,Electronics>Audio>Headphones,ASIN-002-007,EchoSound Pro Headphones,Digital,53.49,USD,116,CUS-247,Customer CUS-247,cus-247@mail.local,ORD-0124,2026-03-08T14:06:00.000Z,Paid,1,SHP-0124,Preparing,TRK100246,Ukraine,Lviv,Soborna 25
SEL-008,Seller SEL-008,sel-008@amazon-demo.local,Books>Technology>Software Engineering,ASIN-003-008,Patterns for Scalable Systems,Physical,84.49,USD,117,CUS-248,Customer CUS-248,cus-248@mail.local,ORD-0124,2026-03-09T15:07:00.000Z,Packed,2,SHP-0124,InTransit,TRK100247,Ukraine,Odesa,Centralna 7
SEL-009,Seller SEL-009,sel-009@amazon-demo.local,Home & Kitchen>Appliances>Coffee Machines,ASIN-004-009,Barista Smart Brewer,Digital,115.49,USD,118,CUS-249,Customer CUS-249,cus-249@mail.local,ORD-0125,2026-03-10T16:08:00.000Z,Shipped,3,SHP-0125,Delivered,TRK100248,Ukraine,Dnipro,Independence 18
SEL-010,Seller SEL-010,sel-010@amazon-demo.local,Toys & Games>Board Games>Strategy,ASIN-005-010,Kingdoms of Logic,Physical,146.49,USD,119,CUS-250,Customer CUS-250,cus-250@mail.local,ORD-0125,2026-03-11T17:09:00.000Z,Delivered,1,SHP-0125,Preparing,TRK100249,Ukraine,Kharkiv,Naukova 12
SEL-011,Seller SEL-011,sel-011@amazon-demo.local,Electronics>Computers>Laptops,ASIN-001-011,Nova Laptop 14,Physical,27.49,USD,120,CUS-001,Customer CUS-001,cus-001@mail.local,ORD-0126,2026-03-12T18:10:00.000Z,Created,2,SHP-0126,InTransit,TRK100250,Ukraine,Kyiv,Shevchenka 10
SEL-012,Seller SEL-012,sel-012@amazon-demo.local,Electronics>Audio>Headphones,ASIN-002-012,EchoSound Pro Headphones,Digital,58.49,USD,121,CUS-002,Customer CUS-002,cus-002@mail.local,ORD-0126,2026-03-13T19:11:00.000Z,Paid,3,SHP-0126,Delivered,TRK100251,Ukraine,Lviv,Soborna 25
SEL-013,Seller SEL-013,sel-013@amazon-demo.local,Books>Technology>Software Engineering,ASIN-003-013,Patterns for Scalable Systems,Physical,89.49,USD,122,CUS-003,Customer CUS-003,cus-003@mail.local,ORD-0127,2026-03-14T08:12:00.000Z,Packed,1,SHP-0127,Preparing,TRK100252,Ukraine,Odesa,Centralna 7
SEL-014,Seller SEL-014,sel-014@amazon-demo.local,Home & Kitchen>Appliances>Coffee Machines,ASIN-004-014,Barista Smart Brewer,Digital,120.49,USD,123,CUS-004,Customer CUS-004,cus-004@mail.local,ORD-0127,2026-03-15T09:13:00.000Z,Shipped,2,SHP-0127,InTransit,TRK100253,Ukraine,Dnipro,Independence 18
SEL-015,Seller SEL-015,sel-015@amazon-demo.local,Toys & Games>Board Games>Strategy,ASIN-005-015,Kingdoms of Logic,Physical,151.49,USD,124,CUS-005,Customer CUS-005,cus-005@mail.local,ORD-0128,2026-03-16T10:14:00.000Z,Delivered,3,SHP-0128,Delivered,TRK100254,Ukraine,Kharkiv,Naukova 12
SEL-016,Seller SEL-016,sel-016@amazon-demo.local,Electronics>Computers>Laptops,ASIN-001-016,Nova Laptop 14,Physical,15.49,USD,125,CUS-006,Customer CUS-006,cus-006@mail.local,ORD-0128,2026-03-17T11:15:00.000Z,Created,1,SHP-0128,Preparing,TRK100255,Ukraine,Kyiv,Shevchenka 10
SEL-017,Seller SEL-017,sel-017@amazon-demo.local,Electronics>Audio>Headphones,ASIN-002-017,EchoSound Pro Headphones,Digital,46.49,USD,126,CUS-007,Customer CUS-007,cus-007@mail.local,ORD-0129,2026-03-18T12:16:00.000Z,Paid,2,SHP-0129,InTransit,TRK100256,Ukraine,Lviv,Soborna 25
SEL-018,Seller SEL-018,sel-018@amazon-demo.local,Books>Technology>Software Engineering,ASIN-003-018,Patterns for Scalable Systems,Physical,77.49,USD,127,CUS-008,Customer CUS-008,cus-008@mail.local,ORD-0129,2026-03-19T13:17:00.000Z,Packed,3,SHP-0129,Delivered,TRK100257,Ukraine,Odesa,Centralna 7
SEL-019,Seller SEL-019,sel-019@amazon-demo.local,Home & Kitchen>Appliances>Coffee Machines,ASIN-004-019,Barista Smart Brewer,Digital,108.49,USD,128,CUS-009,Customer CUS-009,cus-009@mail.local,ORD-0130,2026-03-20T14:18:00.000Z,Shipped,1,SHP-0130,Preparing,TRK100258,Ukraine,Dnipro,Independence 18
SEL-020,Seller SEL-020,sel-020@amazon-demo.local,Toys & Games>Board Games>Strategy,ASIN-005-020,Kingdoms of Logic,Physical,139.49,USD,129,CUS-010,Customer CUS-010,cus-010@mail.local,ORD-0130,2026-03-21T15:19:00.000Z,Delivered,2,SHP-0130,InTransit,TRK100259,Ukraine,Kharkiv,Naukova 12
SEL-021,Seller SEL-021,sel-021@amazon-demo.local,Electronics>Computers>Laptops,ASIN-001-021,Nova Laptop 14,Physical,20.49,USD,130,CUS-011,Customer CUS-011,cus-011@mail.local,ORD-0131,2026-03-22T16:20:00.000Z,Created,3,SHP-0131,Delivered,TRK100260,Ukraine,Kyiv,Shevchenka 10
SEL-022,Seller SEL-022,sel-022@amazon-demo.local,Electronics>Audio>Headphones,ASIN-002-022,EchoSound Pro Headphones,Digital,51.49,USD,131,CUS-012,Customer CUS-012,cus-012@mail.local,ORD-0131,2026-03-23T17:21:00.000Z,Paid,1,SHP-0131,Preparing,TRK100261,Ukraine,Lviv,Soborna 25
SEL-023,Seller SEL-023,sel-023@amazon-demo.local,Books>Technology>Software Engineering,ASIN-003-023,Patterns for Scalable Systems,Physical,82.49,USD,132,CUS-013,Customer CUS-013,cus-013@mail.local,ORD-0132,2026-03-24T18:22:00.000Z,Packed,2,SHP-0132,InTransit,TRK100262,Ukraine,Odesa,Centralna 7
SEL-024,Seller SEL-024,sel-024@amazon-demo.local,Home & Kitchen>Appliances>Coffee Machines,ASIN-004-024,Barista Smart Brewer,Digital,113.49,USD,133,CUS-014,Customer CUS-014,cus-014@mail.local,ORD-0132,2026-03-25T19:23:00.000Z,Shipped,3,SHP-0132,Delivered,TRK100263,Ukraine,Dnipro,Independence 18
SEL-025,Seller SEL-025,sel-025@amazon-demo.local,Toys & Games>Board Games>Strategy,ASIN-005-025,Kingdoms of Logic,Physical,144.49,USD,134,CUS-015,Customer CUS-015,cus-015@mail.local,ORD-0133,2026-03-26T08:24:00.000Z,Delivered,1,SHP-0133,Preparing,TRK100264,Ukraine,Kharkiv,Naukova 12
SEL-026,Seller SEL-026,sel-026@amazon-demo.local,Electronics>Computers>Laptops,ASIN-001-026,Nova Laptop 14,Physical,25.49,USD,135,CUS-016,Customer CUS-016,cus-016@mail.local,ORD-0133,2026-03-27T09:25:00.000Z,Created,2,SHP-0133,InTransit,TRK100265,Ukraine,Kyiv,Shevchenka 10
SEL-027,Seller SEL-027,sel-027@amazon-demo.local,Electronics>Audio>Headphones,ASIN-002-027,EchoSound Pro Headphones,Digital,56.49,USD,136,CUS-017,Customer CUS-017,cus-017@mail.local,ORD-0134,2026-03-28T10:26:00.000Z,Paid,3,SHP-0134,Delivered,TRK100266,Ukraine,Lviv,Soborna 25
SEL-028,Seller SEL-028,sel-028@amazon-demo.local,Books>Technology>Software Engineering,ASIN-003-028,Patterns for Scalable Systems,Physical,87.49,USD,137,CUS-018,Customer CUS-018,cus-018@mail.local,ORD-0134,2026-03-29T11:27:00.000Z,Packed,1,SHP-0134,Preparing,TRK100267,Ukraine,Odesa,Centralna 7
SEL-029,Seller SEL-029,sel-029@amazon-demo.local,Home & Kitchen>Appliances>Coffee Machines,ASIN-004-029,Barista Smart Brewer,Digital,118.49,USD,138,CUS-019,Customer CUS-019,cus-019@mail.local,ORD-0135,2026-03-30T12:28:00.000Z,Shipped,2,SHP-0135,InTransit,TRK100268,Ukraine,Dnipro,Independence 18
SEL-030,Seller SEL-030,sel-030@amazon-demo.local,Toys & Games>Board Games>Strategy,ASIN-005-030,Kingdoms of Logic,Physical,149.49,USD,139,CUS-020,Customer CUS-020,cus-020@mail.local,ORD-0135,2026-03-31T13:29:00.000Z,Delivered,3,SHP-0135,Delivered,TRK100269,Ukraine,Kharkiv,Naukova 12
SEL-031,Seller SEL-031,sel-031@amazon-demo.local,Electronics>Computers>Laptops,ASIN-001-031,Nova Laptop 14,Physical,30.49,USD,140,CUS-021,Customer CUS-021,cus-021@mail.local,ORD-0136,2026-01-01T14:30:00.000Z,Created,1,SHP-0136,Preparing,TRK100270,Ukraine,Kyiv,Shevchenka 10
SEL-032,Seller SEL-032,sel-032@amazon-demo.local,Electronics>Audio>Headphones,ASIN-002-032,EchoSound Pro Headphones,Digital,61.49,USD,141,CUS-022,Customer CUS-022,cus-022@mail.local,ORD-0136,2026-01-02T15:31:00.000Z,Paid,2,SHP-0136,InTransit,TRK100271,Ukraine,Lviv,Soborna 25
SEL-033,Seller SEL-033,sel-033@amazon-demo.local,Books>Technology>Software Engineering,ASIN-003-033,Patterns for Scalable Systems,Physical,75.49,USD,142,CUS-023,Customer CUS-023,cus-023@mail.local,ORD-0137,2026-01-03T16:32:00.000Z,Packed,3,SHP-0137,Delivered,TRK100272,Ukraine,Odesa,Centralna 7
SEL-034,Seller SEL-034,sel-034@amazon-demo.local,Home & Kitchen>Appliances>Coffee Machines,ASIN-004-034,Barista Smart Brewer,Digital,106.49,USD,143,CUS-024,Customer CUS-024,cus-024@mail.local,ORD-0137,2026-01-04T17:33:00.000Z,Shipped,1,SHP-0137,Preparing,TRK100273,Ukraine,Dnipro,Independence 18
SEL-035,Seller SEL-035,sel-035@amazon-demo.local,Toys & Games>Board Games>Strategy,ASIN-005-035,Kingdoms of Logic,Physical,137.49,USD,144,CUS-025,Customer CUS-025,cus-025@mail.local,ORD-0138,2026-01-05T18:34:00.000Z,Delivered,2,SHP-0138,InTransit,TRK100274,Ukraine,Kharkiv,Naukova 12
SEL-036,Seller SEL-036,sel-036@amazon-demo.local,Electronics>Computers>Laptops,ASIN-001-036,Nova Laptop 14,Physical,18.49,USD,145,CUS-026,Customer CUS-026,cus-026@mail.local,ORD-0138,2026-01-06T19:35:00.000Z,Created,3,SHP-0138,Delivered,TRK100275,Ukraine,Kyiv,Shevchenka 10
SEL-037,Seller SEL-037,sel-037@amazon-demo.local,Electronics>Audio>Headphones,ASIN-002-037,EchoSound Pro Headphones,Digital,49.49,USD,146,CUS-027,Customer CUS-027,cus-027@mail.local,ORD-0139,2026-01-07T08:36:00.000Z,Paid,1,SHP-0139,Preparing,TRK100276,Ukraine,Lviv,Soborna 25
SEL-038,Seller SEL-038,sel-038@amazon-demo.local,Books>Technology>Software Engineering,ASIN-003-038,Patterns for Scalable Systems,Physical,80.49,USD,147,CUS-028,Customer CUS-028,cus-028@mail.local,ORD-0139,2026-01-08T09:37:00.000Z,Packed,2,SHP-0139,InTransit,TRK100277,Ukraine,Odesa,Centralna 7
SEL-039,Seller SEL-039,sel-039@amazon-demo.local,Home & Kitchen>Appliances>Coffee Machines,ASIN-004-039,Barista Smart Brewer,Digital,111.49,USD,148,CUS-029,Customer CUS-029,cus-029@mail.local,ORD-0140,2026-01-09T10:38:00.000Z,Shipped,3,SHP-0140,Delivered,TRK100278,Ukraine,Dnipro,Independence 18
SEL-040,Seller SEL-040,sel-040@amazon-demo.local,Toys & Games>Board Games>Strategy,ASIN-005-040,Kingdoms of Logic,Physical,142.49,USD,149,CUS-030,Customer CUS-030,cus-030@mail.local,ORD-0140,2026-01-10T11:39:00.000Z,Delivered,1,SHP-0140,Preparing,TRK100279,Ukraine,Kharkiv,Naukova 12
SEL-041,Seller SEL-041,sel-041@amazon-demo.local,Electronics>Computers>Laptops,ASIN-001-041,Nova Laptop 14,Physical,23.49,USD,150,CUS-031,Customer CUS-031,cus-031@mail.local,ORD-0141,2026-01-11T12:40:00.000Z,Created,2,SHP-0141,InTransit,TRK100280,Ukraine,Kyiv,Shevchenka 10
SEL-042,Seller SEL-042,sel-042@amazon-demo.local,Electronics>Audio>Headphones,ASIN-002-042,EchoSound Pro Headphones,Digital,54.49,USD,151,CUS-032,Customer CUS-032,cus-032@mail.local,ORD-0141,2026-01-12T13:41:00.000Z,Paid,3,SHP-0141,Delivered,TRK100281,Ukraine,Lviv,Soborna 25
SEL-043,Seller SEL-043,sel-043@amazon-demo.local,Books>Technology>Software Engineering,ASIN-003-043,Patterns for Scalable Systems,Physical,85.49,USD,152,CUS-033,Customer CUS-033,cus-033@mail.local,ORD-0142,2026-01-13T14:42:00.000Z,Packed,1,SHP-0142,Preparing,TRK100282,Ukraine,Odesa,Centralna 7
SEL-044,Seller SEL-044,sel-044@amazon-demo.local,Home & Kitchen>Appliances>Coffee Machines,ASIN-004-044,Barista Smart Brewer,Digital,116.49,USD,153,CUS-034,Customer CUS-034,cus-034@mail.local,ORD-0142,2026-01-14T15:43:00.000Z,Shipped,2,SHP-0142,InTransit,TRK100283,Ukraine,Dnipro,Independence 18
SEL-045,Seller SEL-045,sel-045@amazon-demo.local,Toys & Games>Board Games>Strategy,ASIN-005-045,Kingdoms of Logic,Physical,147.49,USD,154,CUS-035,Customer CUS-035,cus-035@mail.local,ORD-0143,2026-01-15T16:44:00.000Z,Delivered,3,SHP-0143,Delivered,TRK100284,Ukraine,Kharkiv,Naukova 12
SEL-046,Seller SEL-046,sel-046@amazon-demo.local,Electronics>Computers>Laptops,ASIN-001-046,Nova Laptop 14,Physical,28.49,USD,155,CUS-036,Customer CUS-036,cus-036@mail.local,ORD-0143,2026-01-16T17:45:00.000Z,Created,1,SHP-0143,Preparing,TRK100285,Ukraine,Kyiv,Shevchenka 10
SEL-047,Seller SEL-047,sel-047@amazon-demo.local,Electronics>Audio>Headphones,ASIN-002-047,EchoSound Pro Headphones,Digital,59.49,USD,156,CUS-037,Customer CUS-037,cus-037@mail.local,ORD-0144,2026-01-17T18:46:00.000Z,Paid,2,SHP-0144,InTransit,TRK100286,Ukraine,Lviv,Soborna 25
SEL-048,Seller SEL-048,sel-048@amazon-demo.local,Books>Technology>Software Engineering,ASIN-003-048,Patterns for Scalable Systems,Physical,90.49,USD,157,CUS-038,Customer CUS-038,cus-038@mail.local,ORD-0144,2026-01-18T19:47:00.000Z,Packed,3,SHP-0144,Delivered,TRK100287,Ukraine,Odesa,Centralna 7
SEL-049,Seller SEL-049,sel-049@amazon-demo.local,Home & Kitchen>Appliances>Coffee Machines,ASIN-004-049,Barista Smart Brewer,Digital,121.49,USD,158,CUS-039,Customer CUS-039,cus-039@mail.local,ORD-0145,2026-01-19T08:48:00.000Z,Shipped,1,SHP-0145,Preparing,TRK100288,Ukraine,Dnipro,Independence 18
SEL-050,Seller SEL-050,sel-050@amazon-demo.local,Toys & Games>Board Games>Strategy,ASIN-005-050,Kingdoms of Logic,Physical,135.49,USD,159,CUS-040,Customer CUS-040,cus-040@mail.local,ORD-0145,2026-01-20T09:49:00.000Z,Delivered,2,SHP-0145,InTransit,TRK100289,Ukraine,Kharkiv,Naukova 12
SEL-051,Seller SEL-051,sel-051@amazon-demo.local,Electronics>Computers>Laptops,ASIN-001-051,Nova Laptop 14,Physical,16.49,USD,160,CUS-041,Customer CUS-041,cus-041@mail.local,ORD-0146,2026-01-21T10:50:00.000Z,Created,3,SHP-0146,Delivered,TRK100290,Ukraine,Kyiv,Shevchenka 10
SEL-052,Seller SEL-052,sel-052@amazon-demo.local,Electronics>Audio>Headphones,ASIN-002-052,EchoSound Pro Headphones,Digital,47.49,USD,161,CUS-042,Customer CUS-042,cus-042@mail.local,ORD-0146,2026-01-22T11:51:00.000Z,Paid,1,SHP-0146,Preparing,TRK100291,Ukraine,Lviv,Soborna 25
SEL-053,Seller SEL-053,sel-053@amazon-demo.local,Books>Technology>Software Engineering,ASIN-003-053,Patterns for Scalable Systems,Physical,78.49,USD,162,CUS-043,Customer CUS-043,cus-043@mail.local,ORD-0147,2026-01-23T12:52:00.000Z,Packed,2,SHP-0147,InTransit,TRK100292,Ukraine,Odesa,Centralna 7
SEL-054,Seller SEL-054,sel-054@amazon-demo.local,Home & Kitchen>Appliances>Coffee Machines,ASIN-004-054,Barista Smart Brewer,Digital,109.49,USD,163,CUS-044,Customer CUS-044,cus-044@mail.local,ORD-0147,2026-01-24T13:53:00.000Z,Shipped,3,SHP-0147,Delivered,TRK100293,Ukraine,Dnipro,Independence 18
SEL-055,Seller SEL-055,sel-055@amazon-demo.local,Toys & Games>Board Games>Strategy,ASIN-005-055,Kingdoms of Logic,Physical,140.49,USD,164,CUS-045,Customer CUS-045,cus-045@mail.local,ORD-0148,2026-01-25T14:54:00.000Z,Delivered,1,SHP-0148,Preparing,TRK100294,Ukraine,Kharkiv,Naukova 12
SEL-056,Seller SEL-056,sel-056@amazon-demo.local,Electronics>Computers>Laptops,ASIN-001-056,Nova Laptop 14,Physical,21.49,USD,165,CUS-046,Customer CUS-046,cus-046@mail.local,ORD-0148,2026-01-26T15:55:00.000Z,Created,2,SHP-0148,InTransit,TRK100295,Ukraine,Kyiv,Shevchenka 10
SEL-057,Seller SEL-057,sel-057@amazon-demo.local,Electronics>Audio>Headphones,ASIN-002-057,EchoSound Pro Headphones,Digital,52.49,USD,166,CUS-047,Customer CUS-047,cus-047@mail.local,ORD-0149,2026-01-27T16:56:00.000Z,Paid,3,SHP-0149,Delivered,TRK100296,Ukraine,Lviv,Soborna 25
SEL-058,Seller SEL-058,sel-058@amazon-demo.local,Books>Technology>Software Engineering,ASIN-003-058,Patterns for Scalable Systems,Physical,83.49,USD,167,CUS-048,Customer CUS-048,cus-048@mail.local,ORD-0149,2026-01-28T17:57:00.000Z,Packed,1,SHP-0149,Preparing,TRK100297,Ukraine,Odesa,Centralna 7
SEL-059,Seller SEL-059,sel-059@amazon-demo.local,Home & Kitchen>Appliances>Coffee Machines,ASIN-004-059,Barista Smart Brewer,Digital,114.49,USD,168,CUS-049,Customer CUS-049,cus-049@mail.local,ORD-0150,2026-01-29T18:58:00.000Z,Shipped,2,SHP-0150,InTransit,TRK100298,Ukraine,Dnipro,Independence 18
SEL-060,Seller SEL-060,sel-060@amazon-demo.local,Toys & Games>Board Games>Strategy,ASIN-005-060,Kingdoms of Logic,Physical,145.49,USD,169,CUS-050,Customer CUS-050,cus-050@mail.local,ORD-0150,2026-01-30T19:59:00.000Z,Delivered,3,SHP-0150,Delivered,TRK100299,Ukraine,Kharkiv,Naukova 12
SEL-001,Seller SEL-001,sel-001@amazon-demo.local,Electronics>Computers>Laptops,ASIN-001-061,Nova Laptop 14,Physical,26.49,USD,20,CUS-051,Customer CUS-051,cus-051@mail.local,ORD-0151,2026-01-31T08:00:00.000Z,Created,1,SHP-0151,Preparing,TRK100300,Ukraine,Kyiv,Shevchenka 10
SEL-002,Seller SEL-002,sel-002@amazon-demo.local,Electronics>Audio>Headphones,ASIN-002-062,EchoSound Pro Headphones,Digital,57.49,USD,21,CUS-052,Customer CUS-052,cus-052@mail.local,ORD-0151,2026-02-01T09:01:00.000Z,Paid,2,SHP-0151,InTransit,TRK100301,Ukraine,Lviv,Soborna 25
SEL-003,Seller SEL-003,sel-003@amazon-demo.local,Books>Technology>Software Engineering,ASIN-003-063,Patterns for Scalable Systems,Physical,88.49,USD,22,CUS-053,Customer CUS-053,cus-053@mail.local,ORD-0152,2026-02-02T10:02:00.000Z,Packed,3,SHP-0152,Delivered,TRK100302,Ukraine,Odesa,Centralna 7
SEL-004,Seller SEL-004,sel-004@amazon-demo.local,Home & Kitchen>Appliances>Coffee Machines,ASIN-004-064,Barista Smart Brewer,Digital,119.49,USD,23,CUS-054,Customer CUS-054,cus-054@mail.local,ORD-0152,2026-02-03T11:03:00.000Z,Shipped,1,SHP-0152,Preparing,TRK100303,Ukraine,Dnipro,Independence 18
SEL-005,Seller SEL-005,sel-005@amazon-demo.local,Toys & Games>Board Games>Strategy,ASIN-005-065,Kingdoms of Logic,Physical,150.49,USD,24,CUS-055,Customer CUS-055,cus-055@mail.local,ORD-0153,2026-02-04T12:04:00.000Z,Delivered,2,SHP-0153,InTransit,TRK100304,Ukraine,Kharkiv,Naukova 12
SEL-006,Seller SEL-006,sel-006@amazon-demo.local,Electronics>Computers>Laptops,ASIN-001-066,Nova Laptop 14,Physical,31.49,USD,25,CUS-056,Customer CUS-056,cus-056@mail.local,ORD-0153,2026-02-05T13:05:00.000Z,Created,3,SHP-0153,Delivered,TRK100305,Ukraine,Kyiv,Shevchenka 10
SEL-007,Seller SEL-007,sel-007@amazon-demo.local,Electronics>Audio>Headphones,ASIN-002-067,EchoSound Pro Headphones,Digital,45.49,USD,26,CUS-057,Customer CUS-057,cus-057@mail.local,ORD-0154,2026-02-06T14:06:00.000Z,Paid,1,SHP-0154,Preparing,TRK100306,Ukraine,Lviv,Soborna 25
SEL-008,Seller SEL-008,sel-008@amazon-demo.local,Books>Technology>Software Engineering,ASIN-003-068,Patterns for Scalable Systems,Physical,76.49,USD,27,CUS-058,Customer CUS-058,cus-058@mail.local,ORD-0154,2026-02-07T15:07:00.000Z,Packed,2,SHP-0154,InTransit,TRK100307,Ukraine,Odesa,Centralna 7
SEL-009,Seller SEL-009,sel-009@amazon-demo.local,Home & Kitchen>Appliances>Coffee Machines,ASIN-004-069,Barista Smart Brewer,Digital,107.49,USD,28,CUS-059,Customer CUS-059,cus-059@mail.local,ORD-0155,2026-02-08T16:08:00.000Z,Shipped,3,SHP-0155,Delivered,TRK100308,Ukraine,Dnipro,Independence 18
SEL-010,Seller SEL-010,sel-010@amazon-demo.local,Toys & Games>Board Games>Strategy,ASIN-005-070,Kingdoms of Logic,Physical,138.49,USD,29,CUS-060,Customer CUS-060,cus-060@mail.local,ORD-0155,2026-02-09T17:09:00.000Z,Delivered,1,SHP-0155,Preparing,TRK100309,Ukraine,Kharkiv,Naukova 12
SEL-011,Seller SEL-011,sel-011@amazon-demo.local,Electronics>Computers>Laptops,ASIN-001-071,Nova Laptop 14,Physical,19.49,USD,30,CUS-061,Customer CUS-061,cus-061@mail.local,ORD-0156,2026-02-10T18:10:00.000Z,Created,2,SHP-0156,InTransit,TRK100310,Ukraine,Kyiv,Shevchenka 10
SEL-012,Seller SEL-012,sel-012@amazon-demo.local,Electronics>Audio>Headphones,ASIN-002-072,EchoSound Pro Headphones,Digital,50.49,USD,31,CUS-062,Customer CUS-062,cus-062@mail.local,ORD-0156,2026-02-11T19:11:00.000Z,Paid,3,SHP-0156,Delivered,TRK100311,Ukraine,Lviv,Soborna 25
SEL-013,Seller SEL-013,sel-013@amazon-demo.local,Books>Technology>Software Engineering,ASIN-003-073,Patterns for Scalable Systems,Physical,81.49,USD,32,CUS-063,Customer CUS-063,cus-063@mail.local,ORD-0157,2026-02-12T08:12:00.000Z,Packed,1,SHP-0157,Preparing,TRK100312,Ukraine,Odesa,Centralna 7
SEL-014,Seller SEL-014,sel-014@amazon-demo.local,Home & Kitchen>Appliances>Coffee Machines,ASIN-004-074,Barista Smart Brewer,Digital,112.49,USD,33,CUS-064,Customer CUS-064,cus-064@mail.local,ORD-0157,2026-02-13T09:13:00.000Z,Shipped,2,SHP-0157,InTransit,TRK100313,Ukraine,Dnipro,Independence 18
SEL-015,Seller SEL-015,sel-015@amazon-demo.local,Toys & Games>Board Games>Strategy,ASIN-005-075,Kingdoms of Logic,Physical,143.49,USD,34,CUS-065,Customer CUS-065,cus-065@mail.local,ORD-0158,2026-02-14T10:14:00.000Z,Delivered,3,SHP-0158,Delivered,TRK100314,Ukraine,Kharkiv,Naukova 12
SEL-016,Seller SEL-016,sel-016@amazon-demo.local,Electronics>Computers>Laptops,ASIN-001-076,Nova Laptop 14,Physical,24.49,USD,35,CUS-066,Customer CUS-066,cus-066@mail.local,ORD-0158,2026-02-15T11:15:00.000Z,Created,1,SHP-0158,Preparing,TRK100315,Ukraine,Kyiv,Shevchenka 10
SEL-017,Seller SEL-017,sel-017@amazon-demo.local,Electronics>Audio>Headphones,ASIN-002-077,EchoSound Pro Headphones,Digital,55.49,USD,36,CUS-067,Customer CUS-067,cus-067@mail.local,ORD-0159,2026-02-16T12:16:00.000Z,Paid,2,SHP-0159,InTransit,TRK100316,Ukraine,Lviv,Soborna 25
SEL-018,Seller SEL-018,sel-018@amazon-demo.local,Books>Technology>Software Engineering,ASIN-003-078,Patterns for Scalable Systems,Physical,86.49,USD,37,CUS-068,Customer CUS-068,cus-068@mail.local,ORD-0159,2026-02-17T13:17:00.000Z,Packed,3,SHP-0159,Delivered,TRK100317,Ukraine,Odesa,Centralna 7
SEL-019,Seller SEL-019,sel-019@amazon-demo.local,Home & Kitchen>Appliances>Coffee Machines,ASIN-004-079,Barista Smart Brewer,Digital,117.49,USD,38,CUS-069,Customer CUS-069,cus-069@mail.local,ORD-0160,2026-02-18T14:18:00.000Z,Shipped,1,SHP-0160,Preparing,TRK100318,Ukraine,Dnipro,Independence 18
SEL-020,Seller SEL-020,sel-020@amazon-demo.local,Toys & Games>Board Games>Strategy,ASIN-005-080,Kingdoms of Logic,Physical,148.49,USD,39,CUS-070,Customer CUS-070,cus-070@mail.local,ORD-0160,2026-02-19T15:19:00.000Z,Delivered,2,SHP-0160,InTransit,TRK100319,Ukraine,Kharkiv,Naukova 12
SEL-021,Seller SEL-021,sel-021@amazon-demo.local,Electronics>Computers>Laptops,ASIN-001-001,Nova Laptop 14,Physical,29.49,USD,40,CUS-071,Customer CUS-071,cus-071@mail.local,ORD-0161,2026-02-20T16:20:00.000Z,Created,3,SHP-0161,Delivered,TRK100320,Ukraine,Kyiv,Shevchenka 10
SEL-022,Seller SEL-022,sel-022@amazon-demo.local,Electronics>Audio>Headphones,ASIN-002-002,EchoSound Pro Headphones,Digital,60.49,USD,41,CUS-072,Customer CUS-072,cus-072@mail.local,ORD-0161,2026-02-21T17:21:00.000Z,Paid,1,SHP-0161,Preparing,TRK100321,Ukraine,Lviv,Soborna 25
SEL-023,Seller SEL-023,sel-023@amazon-demo.local,Books>Technology>Software Engineering,ASIN-003-003,Patterns for Scalable Systems,Physical,91.49,USD,42,CUS-073,Customer CUS-073,cus-073@mail.local,ORD-0162,2026-02-22T18:22:00.000Z,Packed,2,SHP-0162,InTransit,TRK100322,Ukraine,Odesa,Centralna 7
SEL-024,Seller SEL-024,sel-024@amazon-demo.local,Home & Kitchen>Appliances>Coffee Machines,ASIN-004-004,Barista Smart Brewer,Digital,105.49,USD,43,CUS-074,Customer CUS-074,cus-074@mail.local,ORD-0162,2026-02-23T19:23:00.000Z,Shipped,3,SHP-0162,Delivered,TRK100323,Ukraine,Dnipro,Independence 18
SEL-025,Seller SEL-025,sel-025@amazon-demo.local,Toys & Games>Board Games>Strategy,ASIN-005-005,Kingdoms of Logic,Physical,136.49,USD,44,CUS-075,Customer CUS-075,cus-075@mail.local,ORD-0163,2026-02-24T08:24:00.000Z,Delivered,1,SHP-0163,Preparing,TRK100324,Ukraine,Kharkiv,Naukova 12
SEL-026,Seller SEL-026,sel-026@amazon-demo.local,Electronics>Computers>Laptops,ASIN-001-006,Nova Laptop 14,Physical,17.49,USD,45,CUS-076,Customer CUS-076,cus-076@mail.local,ORD-0163,2026-02-25T09:25:00.000Z,Created,2,SHP-0163,InTransit,TRK100325,Ukraine,Kyiv,Shevchenka 10
SEL-027,Seller SEL-027,sel-027@amazon-demo.local,Electronics>Audio>Headphones,ASIN-002-007,EchoSound Pro Headphones,Digital,48.49,USD,46,CUS-077,Customer CUS-077,cus-077@mail.local,ORD-0164,2026-02-26T10:26:00.000Z,Paid,3,SHP-0164,Delivered,TRK100326,Ukraine,Lviv,Soborna 25
SEL-028,Seller SEL-028,sel-028@amazon-demo.local,Books>Technology>Software Engineering,ASIN-003-008,Patterns for Scalable Systems,Physical,79.49,USD,47,CUS-078,Customer CUS-078,cus-078@mail.local,ORD-0164,2026-02-27T11:27:00.000Z,Packed,1,SHP-0164,Preparing,TRK100327,Ukraine,Odesa,Centralna 7
SEL-029,Seller SEL-029,sel-029@amazon-demo.local,Home & Kitchen>Appliances>Coffee Machines,ASIN-004-009,Barista Smart Brewer,Digital,110.49,USD,48,CUS-079,Customer CUS-079,cus-079@mail.local,ORD-0165,2026-02-28T12:28:00.000Z,Shipped,2,SHP-0165,InTransit,TRK100328,Ukraine,Dnipro,Independence 18
SEL-030,Seller SEL-030,sel-030@amazon-demo.local,Toys & Games>Board Games>Strategy,ASIN-005-010,Kingdoms of Logic,Physical,141.49,USD,49,CUS-080,Customer CUS-080,cus-080@mail.local,ORD-0165,2026-03-01T13:29:00.000Z,Delivered,3,SHP-0165,Delivered,TRK100329,Ukraine,Kharkiv,Naukova 12
SEL-031,Seller SEL-031,sel-031@amazon-demo.local,Electronics>Computers>Laptops,ASIN-001-011,Nova Laptop 14,Physical,22.49,USD,50,CUS-081,Customer CUS-081,cus-081@mail.local,ORD-0166,2026-03-02T14:30:00.000Z,Created,1,SHP-0166,Preparing,TRK100330,Ukraine,Kyiv,Shevchenka 10
SEL-032,Seller SEL-032,sel-032@amazon-demo.local,Electronics>Audio>Headphones,ASIN-002-012,EchoSound Pro Headphones,Digital,53.49,USD,51,CUS-082,Customer CUS-082,cus-082@mail.local,ORD-0166,2026-03-03T15:31:00.000Z,Paid,2,SHP-0166,InTransit,TRK100331,Ukraine,Lviv,Soborna 25
SEL-033,Seller SEL-033,sel-033@amazon-demo.local,Books>Technology>Software Engineering,ASIN-003-013,Patterns for Scalable Systems,Physical,84.49,USD,52,CUS-083,Customer CUS-083,cus-083@mail.local,ORD-0167,2026-03-04T16:32:00.000Z,Packed,3,SHP-0167,Delivered,TRK100332,Ukraine,Odesa,Centralna 7
SEL-034,Seller SEL-034,sel-034@amazon-demo.local,Home & Kitchen>Appliances>Coffee Machines,ASIN-004-014,Barista Smart Brewer,Digital,115.49,USD,53,CUS-084,Customer CUS-084,cus-084@mail.local,ORD-0167,2026-03-05T17:33:00.000Z,Shipped,1,SHP-0167,Preparing,TRK100333,Ukraine,Dnipro,Independence 18
SEL-035,Seller SEL-035,sel-035@amazon-demo.local,Toys & Games>Board Games>Strategy,ASIN-005-015,Kingdoms of Logic,Physical,146.49,USD,54,CUS-085,Customer CUS-085,cus-085@mail.local,ORD-0168,2026-03-06T18:34:00.000Z,Delivered,2,SHP-0168,InTransit,TRK100334,Ukraine,Kharkiv,Naukova 12
SEL-036,Seller SEL-036,sel-036@amazon-demo.local,Electronics>Computers>Laptops,ASIN-001-016,Nova Laptop 14,Physical,27.49,USD,55,CUS-086,Customer CUS-086,cus-086@mail.local,ORD-0168,2026-03-07T19:35:00.000Z,Created,3,SHP-0168,Delivered,TRK100335,Ukraine,Kyiv,Shevchenka 10
SEL-037,Seller SEL-037,sel-037@amazon-demo.local,Electronics>Audio>Headphones,ASIN-002-017,EchoSound Pro Headphones,Digital,58.49,USD,56,CUS-087,Customer CUS-087,cus-087@mail.local,ORD-0169,2026-03-08T08:36:00.000Z,Paid,1,SHP-0169,Preparing,TRK100336,Ukraine,Lviv,Soborna 25
SEL-038,Seller SEL-038,sel-038@amazon-demo.local,Books>Technology>Software Engineering,ASIN-003-018,Patterns for Scalable Systems,Physical,89.49,USD,57,CUS-088,Customer CUS-088,cus-088@mail.local,ORD-0169,2026-03-09T09:37:00.000Z,Packed,2,SHP-0169,InTransit,TRK100337,Ukraine,Odesa,Centralna 7
SEL-039,Seller SEL-039,sel-039@amazon-demo.local,Home & Kitchen>Appliances>Coffee Machines,ASIN-004-019,Barista Smart Brewer,Digital,120.49,USD,58,CUS-089,Customer CUS-089,cus-089@mail.local,ORD-0170,2026-03-10T10:38:00.000Z,Shipped,3,SHP-0170,Delivered,TRK100338,Ukraine,Dnipro,Independence 18
SEL-040,Seller SEL-040,sel-040@amazon-demo.local,Toys & Games>Board Games>Strategy,ASIN-005-020,Kingdoms of Logic,Physical,151.49,USD,59,CUS-090,Customer CUS-090,cus-090@mail.local,ORD-0170,2026-03-11T11:39:00.000Z,Delivered,1,SHP-0170,Preparing,TRK100339,Ukraine,Kharkiv,Naukova 12
SEL-041,Seller SEL-041,sel-041@amazon-demo.local,Electronics>Computers>Laptops,ASIN-001-021,Nova Laptop 14,Physical,15.49,USD,60,CUS-091,Customer CUS-091,cus-091@mail.local,ORD-0171,2026-03-12T12:40:00.000Z,Created,2,SHP-0171,InTransit,TRK100340,Ukraine,Kyiv,Shevchenka 10
SEL-042,Seller SEL-042,sel-042@amazon-demo.local,Electronics>Audio>Headphones,ASIN-002-022,EchoSound Pro Headphones,Digital,46.49,USD,61,CUS-092,Customer CUS-092,cus-092@mail.local,ORD-0171,2026-03-13T13:41:00.000Z,Paid,3,SHP-0171,Delivered,TRK100341,Ukraine,Lviv,Soborna 25
SEL-043,Seller SEL-043,sel-043@amazon-demo.local,Books>Technology>Software Engineering,ASIN-003-023,Patterns for Scalable Systems,Physical,77.49,USD,62,CUS-093,Customer CUS-093,cus-093@mail.local,ORD-0172,2026-03-14T14:42:00.000Z,Packed,1,SHP-0172,Preparing,TRK100342,Ukraine,Odesa,Centralna 7
SEL-044,Seller SEL-044,sel-044@amazon-demo.local,Home & Kitchen>Appliances>Coffee Machines,ASIN-004-024,Barista Smart Brewer,Digital,108.49,USD,63,CUS-094,Customer CUS-094,cus-094@mail.local,ORD-0172,2026-03-15T15:43:00.000Z,Shipped,2,SHP-0172,InTransit,TRK100343,Ukraine,Dnipro,Independence 18
SEL-045,Seller SEL-045,sel-045@amazon-demo.local,Toys & Games>Board Games>Strategy,ASIN-005-025,Kingdoms of Logic,Physical,139.49,USD,64,CUS-095,Customer CUS-095,cus-095@mail.local,ORD-0173,2026-03-16T16:44:00.000Z,Delivered,3,SHP-0173,Delivered,TRK100344,Ukraine,Kharkiv,Naukova 12
SEL-046,Seller SEL-046,sel-046@amazon-demo.local,Electronics>Computers>Laptops,ASIN-001-026,Nova Laptop 14,Physical,20.49,USD,65,CUS-096,Customer CUS-096,cus-096@mail.local,ORD-0173,2026-03-17T17:45:00.000Z,Created,1,SHP-0173,Preparing,TRK100345,Ukraine,Kyiv,Shevchenka 10
SEL-047,Seller SEL-047,sel-047@amazon-demo.local,Electronics>Audio>Headphones,ASIN-002-027,EchoSound Pro Headphones,Digital,51.49,USD,66,CUS-097,Customer CUS-097,cus-097@mail.local,ORD-0174,2026-03-18T18:46:00.000Z,Paid,2,SHP-0174,InTransit,TRK100346,Ukraine,Lviv,Soborna 25
SEL-048,Seller SEL-048,sel-048@amazon-demo.local,Books>Technology>Software Engineering,ASIN-003-028,Patterns for Scalable Systems,Physical,82.49,USD,67,CUS-098,Customer CUS-098,cus-098@mail.local,ORD-0174,2026-03-19T19:47:00.000Z,Packed,3,SHP-0174,Delivered,TRK100347,Ukraine,Odesa,Centralna 7
SEL-049,Seller SEL-049,sel-049@amazon-demo.local,Home & Kitchen>Appliances>Coffee Machines,ASIN-004-029,Barista Smart Brewer,Digital,113.49,USD,68,CUS-099,Customer CUS-099,cus-099@mail.local,ORD-0175,2026-03-20T08:48:00.000Z,Shipped,1,SHP-0175,Preparing,TRK100348,Ukraine,Dnipro,Independence 18
SEL-050,Seller SEL-050,sel-050@amazon-demo.local,Toys & Games>Board Games>Strategy,ASIN-005-030,Kingdoms of Logic,Physical,144.49,USD,69,CUS-100,Customer CUS-100,cus-100@mail.local,ORD-0175,2026-03-21T09:49:00.000Z,Delivered,2,SHP-0175,InTransit,TRK100349,Ukraine,Kharkiv,Naukova 12
SEL-051,Seller SEL-051,sel-051@amazon-demo.local,Electronics>Computers>Laptops,ASIN-001-031,Nova Laptop 14,Physical,25.49,USD,70,CUS-101,Customer CUS-101,cus-101@mail.local,ORD-0176,2026-03-22T10:50:00.000Z,Created,3,SHP-0176,Delivered,TRK100350,Ukraine,Kyiv,Shevchenka 10
SEL-052,Seller SEL-052,sel-052@amazon-demo.local,Electronics>Audio>Headphones,ASIN-002-032,EchoSound Pro Headphones,Digital,56.49,USD,71,CUS-102,Customer CUS-102,cus-102@mail.local,ORD-0176,2026-03-23T11:51:00.000Z,Paid,1,SHP-0176,Preparing,TRK100351,Ukraine,Lviv,Soborna 25
SEL-053,Seller SEL-053,sel-053@amazon-demo.local,Books>Technology>Software Engineering,ASIN-003-033,Patterns for Scalable Systems,Physical,87.49,USD,72,CUS-103,Customer CUS-103,cus-103@mail.local,ORD-0177,2026-03-24T12:52:00.000Z,Packed,2,SHP-0177,InTransit,TRK100352,Ukraine,Odesa,Centralna 7
SEL-054,Seller SEL-054,sel-054@amazon-demo.local,Home & Kitchen>Appliances>Coffee Machines,ASIN-004-034,Barista Smart Brewer,Digital,118.49,USD,73,CUS-104,Customer CUS-104,cus-104@mail.local,ORD-0177,2026-03-25T13:53:00.000Z,Shipped,3,SHP-0177,Delivered,TRK100353,Ukraine,Dnipro,Independence 18
SEL-055,Seller SEL-055,sel-055@amazon-demo.local,Toys & Games>Board Games>Strategy,ASIN-005-035,Kingdoms of Logic,Physical,149.49,USD,74,CUS-105,Customer CUS-105,cus-105@mail.local,ORD-0178,2026-03-26T14:54:00.000Z,Delivered,1,SHP-0178,Preparing,TRK100354,Ukraine,Kharkiv,Naukova 12
SEL-056,Seller SEL-056,sel-056@amazon-demo.local,Electronics>Computers>Laptops,ASIN-001-036,Nova Laptop 14,Physical,30.49,USD,75,CUS-106,Customer CUS-106,cus-106@mail.local,ORD-0178,2026-03-27T15:55:00.000Z,Created,2,SHP-0178,InTransit,TRK100355,Ukraine,Kyiv,Shevchenka 10
SEL-057,Seller SEL-057,sel-057@amazon-demo.local,Electronics>Audio>Headphones,ASIN-002-037,EchoSound Pro Headphones,Digital,61.49,USD,76,CUS-107,Customer CUS-107,cus-107@mail.local,ORD-0179,2026-03-28T16:56:00.000Z,Paid,3,SHP-0179,Delivered,TRK100356,Ukraine,Lviv,Soborna 25
SEL-058,Seller SEL-058,sel-058@amazon-demo.local,Books>Technology>Software Engineering,ASIN-003-038,Patterns for Scalable Systems,Physical,75.49,USD,77,CUS-108,Customer CUS-108,cus-108@mail.local,ORD-0179,2026-03-29T17:57:00.000Z,Packed,1,SHP-0179,Preparing,TRK100357,Ukraine,Odesa,Centralna 7
SEL-059,Seller SEL-059,sel-059@amazon-demo.local,Home & Kitchen>Appliances>Coffee Machines,ASIN-004-039,Barista Smart Brewer,Digital,106.49,USD,78,CUS-109,Customer CUS-109,cus-109@mail.local,ORD-0180,2026-03-30T18:58:00.000Z,Shipped,2,SHP-0180,InTransit,TRK100358,Ukraine,Dnipro,Independence 18
SEL-060,Seller SEL-060,sel-060@amazon-demo.local,Toys & Games>Board Games>Strategy,ASIN-005-040,Kingdoms of Logic,Physical,137.49,USD,79,CUS-110,Customer CUS-110,cus-110@mail.local,ORD-0180,2026-03-31T19:59:00.000Z,Delivered,3,SHP-0180,Delivered,TRK100359,Ukraine,Kharkiv,Naukova 12
SEL-001,Seller SEL-001,sel-001@amazon-demo.local,Electronics>Computers>Laptops,ASIN-001-041,Nova Laptop 14,Physical,18.49,USD,80,CUS-111,Customer CUS-111,cus-111@mail.local,ORD-0181,2026-01-01T08:00:00.000Z,Created,1,SHP-0181,Preparing,TRK100360,Ukraine,Kyiv,Shevchenka 10
SEL-002,Seller SEL-002,sel-002@amazon-demo.local,Electronics>Audio>Headphones,ASIN-002-042,EchoSound Pro Headphones,Digital,49.49,USD,81,CUS-112,Customer CUS-112,cus-112@mail.local,ORD-0181,2026-01-02T09:01:00.000Z,Paid,2,SHP-0181,InTransit,TRK100361,Ukraine,Lviv,Soborna 25
SEL-003,Seller SEL-003,sel-003@amazon-demo.local,Books>Technology>Software Engineering,ASIN-003-043,Patterns for Scalable Systems,Physical,80.49,USD,82,CUS-113,Customer CUS-113,cus-113@mail.local,ORD-0182,2026-01-03T10:02:00.000Z,Packed,3,SHP-0182,Delivered,TRK100362,Ukraine,Odesa,Centralna 7
SEL-004,Seller SEL-004,sel-004@amazon-demo.local,Home & Kitchen>Appliances>Coffee Machines,ASIN-004-044,Barista Smart Brewer,Digital,111.49,USD,83,CUS-114,Customer CUS-114,cus-114@mail.local,ORD-0182,2026-01-04T11:03:00.000Z,Shipped,1,SHP-0182,Preparing,TRK100363,Ukraine,Dnipro,Independence 18
SEL-005,Seller SEL-005,sel-005@amazon-demo.local,Toys & Games>Board Games>Strategy,ASIN-005-045,Kingdoms of Logic,Physical,142.49,USD,84,CUS-115,Customer CUS-115,cus-115@mail.local,ORD-0183,2026-01-05T12:04:00.000Z,Delivered,2,SHP-0183,InTransit,TRK100364,Ukraine,Kharkiv,Naukova 12
SEL-006,Seller SEL-006,sel-006@amazon-demo.local,Electronics>Computers>Laptops,ASIN-001-046,Nova Laptop 14,Physical,23.49,USD,85,CUS-116,Customer CUS-116,cus-116@mail.local,ORD-0183,2026-01-06T13:05:00.000Z,Created,3,SHP-0183,Delivered,TRK100365,Ukraine,Kyiv,Shevchenka 10
SEL-007,Seller SEL-007,sel-007@amazon-demo.local,Electronics>Audio>Headphones,ASIN-002-047,EchoSound Pro Headphones,Digital,54.49,USD,86,CUS-117,Customer CUS-117,cus-117@mail.local,ORD-0184,2026-01-07T14:06:00.000Z,Paid,1,SHP-0184,Preparing,TRK100366,Ukraine,Lviv,Soborna 25
SEL-008,Seller SEL-008,sel-008@amazon-demo.local,Books>Technology>Software Engineering,ASIN-003-048,Patterns for Scalable Systems,Physical,85.49,USD,87,CUS-118,Customer CUS-118,cus-118@mail.local,ORD-0184,2026-01-08T15:07:00.000Z,Packed,2,SHP-0184,InTransit,TRK100367,Ukraine,Odesa,Centralna 7
SEL-009,Seller SEL-009,sel-009@amazon-demo.local,Home & Kitchen>Appliances>Coffee Machines,ASIN-004-049,Barista Smart Brewer,Digital,116.49,USD,88,CUS-119,Customer CUS-119,cus-119@mail.local,ORD-0185,2026-01-09T16:08:00.000Z,Shipped,3,SHP-0185,Delivered,TRK100368,Ukraine,Dnipro,Independence 18
SEL-010,Seller SEL-010,sel-010@amazon-demo.local,Toys & Games>Board Games>Strategy,ASIN-005-050,Kingdoms of Logic,Physical,147.49,USD,89,CUS-120,Customer CUS-120,cus-120@mail.local,ORD-0185,2026-01-10T17:09:00.000Z,Delivered,1,SHP-0185,Preparing,TRK100369,Ukraine,Kharkiv,Naukova 12
SEL-011,Seller SEL-011,sel-011@amazon-demo.local,Electronics>Computers>Laptops,ASIN-001-051,Nova Laptop 14,Physical,28.49,USD,90,CUS-121,Customer CUS-121,cus-121@mail.local,ORD-0186,2026-01-11T18:10:00.000Z,Created,2,SHP-0186,InTransit,TRK100370,Ukraine,Kyiv,Shevchenka 10
SEL-012,Seller SEL-012,sel-012@amazon-demo.local,Electronics>Audio>Headphones,ASIN-002-052,EchoSound Pro Headphones,Digital,59.49,USD,91,CUS-122,Customer CUS-122,cus-122@mail.local,ORD-0186,2026-01-12T19:11:00.000Z,Paid,3,SHP-0186,Delivered,TRK100371,Ukraine,Lviv,Soborna 25
SEL-013,Seller SEL-013,sel-013@amazon-demo.local,Books>Technology>Software Engineering,ASIN-003-053,Patterns for Scalable Systems,Physical,90.49,USD,92,CUS-123,Customer CUS-123,cus-123@mail.local,ORD-0187,2026-01-13T08:12:00.000Z,Packed,1,SHP-0187,Preparing,TRK100372,Ukraine,Odesa,Centralna 7
SEL-014,Seller SEL-014,sel-014@amazon-demo.local,Home & Kitchen>Appliances>Coffee Machines,ASIN-004-054,Barista Smart Brewer,Digital,121.49,USD,93,CUS-124,Customer CUS-124,cus-124@mail.local,ORD-0187,2026-01-14T09:13:00.000Z,Shipped,2,SHP-0187,InTransit,TRK100373,Ukraine,Dnipro,Independence 18
SEL-015,Seller SEL-015,sel-015@amazon-demo.local,Toys & Games>Board Games>Strategy,ASIN-005-055,Kingdoms of Logic,Physical,135.49,USD,94,CUS-125,Customer CUS-125,cus-125@mail.local,ORD-0188,2026-01-15T10:14:00.000Z,Delivered,3,SHP-0188,Delivered,TRK100374,Ukraine,Kharkiv,Naukova 12
SEL-016,Seller SEL-016,sel-016@amazon-demo.local,Electronics>Computers>Laptops,ASIN-001-056,Nova Laptop 14,Physical,16.49,USD,95,CUS-126,Customer CUS-126,cus-126@mail.local,ORD-0188,2026-01-16T11:15:00.000Z,Created,1,SHP-0188,Preparing,TRK100375,Ukraine,Kyiv,Shevchenka 10
SEL-017,Seller SEL-017,sel-017@amazon-demo.local,Electronics>Audio>Headphones,ASIN-002-057,EchoSound Pro Headphones,Digital,47.49,USD,96,CUS-127,Customer CUS-127,cus-127@mail.local,ORD-0189,2026-01-17T12:16:00.000Z,Paid,2,SHP-0189,InTransit,TRK100376,Ukraine,Lviv,Soborna 25
SEL-018,Seller SEL-018,sel-018@amazon-demo.local,Books>Technology>Software Engineering,ASIN-003-058,Patterns for Scalable Systems,Physical,78.49,USD,97,CUS-128,Customer CUS-128,cus-128@mail.local,ORD-0189,2026-01-18T13:17:00.000Z,Packed,3,SHP-0189,Delivered,TRK100377,Ukraine,Odesa,Centralna 7
SEL-019,Seller SEL-019,sel-019@amazon-demo.local,Home & Kitchen>Appliances>Coffee Machines,ASIN-004-059,Barista Smart Brewer,Digital,109.49,USD,98,CUS-129,Customer CUS-129,cus-129@mail.local,ORD-0190,2026-01-19T14:18:00.000Z,Shipped,1,SHP-0190,Preparing,TRK100378,Ukraine,Dnipro,Independence 18
SEL-020,Seller SEL-020,sel-020@amazon-demo.local,Toys & Games>Board Games>Strategy,ASIN-005-060,Kingdoms of Logic,Physical,140.49,USD,99,CUS-130,Customer CUS-130,cus-130@mail.local,ORD-0190,2026-01-20T15:19:00.000Z,Delivered,2,SHP-0190,InTransit,TRK100379,Ukraine,Kharkiv,Naukova 12
SEL-021,Seller SEL-021,sel-021@amazon-demo.local,Electronics>Computers>Laptops,ASIN-001-061,Nova Laptop 14,Physical,21.49,USD,100,CUS-131,Customer CUS-131,cus-131@mail.local,ORD-0191,2026-01-21T16:20:00.000Z,Created,3,SHP-0191,Delivered,TRK100380,Ukraine,Kyiv,Shevchenka 10
SEL-022,Seller SEL-022,sel-022@amazon-demo.local,Electronics>Audio>Headphones,ASIN-002-062,EchoSound Pro Headphones,Digital,52.49,USD,101,CUS-132,Customer CUS-132,cus-132@mail.local,ORD-0191,2026-01-22T17:21:00.000Z,Paid,1,SHP-0191,Preparing,TRK100381,Ukraine,Lviv,Soborna 25
SEL-023,Seller SEL-023,sel-023@amazon-demo.local,Books>Technology>Software Engineering,ASIN-003-063,Patterns for Scalable Systems,Physical,83.49,USD,102,CUS-133,Customer CUS-133,cus-133@mail.local,ORD-0192,2026-01-23T18:22:00.000Z,Packed,2,SHP-0192,InTransit,TRK100382,Ukraine,Odesa,Centralna 7
SEL-024,Seller SEL-024,sel-024@amazon-demo.local,Home & Kitchen>Appliances>Coffee Machines,ASIN-004-064,Barista Smart Brewer,Digital,114.49,USD,103,CUS-134,Customer CUS-134,cus-134@mail.local,ORD-0192,2026-01-24T19:23:00.000Z,Shipped,3,SHP-0192,Delivered,TRK100383,Ukraine,Dnipro,Independence 18
SEL-025,Seller SEL-025,sel-025@amazon-demo.local,Toys & Games>Board Games>Strategy,ASIN-005-065,Kingdoms of Logic,Physical,145.49,USD,104,CUS-135,Customer CUS-135,cus-135@mail.local,ORD-0193,2026-01-25T08:24:00.000Z,Delivered,1,SHP-0193,Preparing,TRK100384,Ukraine,Kharkiv,Naukova 12
SEL-026,Seller SEL-026,sel-026@amazon-demo.local,Electronics>Computers>Laptops,ASIN-001-066,Nova Laptop 14,Physical,26.49,USD,105,CUS-136,Customer CUS-136,cus-136@mail.local,ORD-0193,2026-01-26T09:25:00.000Z,Created,2,SHP-0193,InTransit,TRK100385,Ukraine,Kyiv,Shevchenka 10
SEL-027,Seller SEL-027,sel-027@amazon-demo.local,Electronics>Audio>Headphones,ASIN-002-067,EchoSound Pro Headphones,Digital,57.49,USD,106,CUS-137,Customer CUS-137,cus-137@mail.local,ORD-0194,2026-01-27T10:26:00.000Z,Paid,3,SHP-0194,Delivered,TRK100386,Ukraine,Lviv,Soborna 25
SEL-028,Seller SEL-028,sel-028@amazon-demo.local,Books>Technology>Software Engineering,ASIN-003-068,Patterns for Scalable Systems,Physical,88.49,USD,107,CUS-138,Customer CUS-138,cus-138@mail.local,ORD-0194,2026-01-28T11:27:00.000Z,Packed,1,SHP-0194,Preparing,TRK100387,Ukraine,Odesa,Centralna 7
SEL-029,Seller SEL-029,sel-029@amazon-demo.local,Home & Kitchen>Appliances>Coffee Machines,ASIN-004-069,Barista Smart Brewer,Digital,119.49,USD,108,CUS-139,Customer CUS-139,cus-139@mail.local,ORD-0195,2026-01-29T12:28:00.000Z,Shipped,2,SHP-0195,InTransit,TRK100388,Ukraine,Dnipro,Independence 18
SEL-030,Seller SEL-030,sel-030@amazon-demo.local,Toys & Games>Board Games>Strategy,ASIN-005-070,Kingdoms of Logic,Physical,150.49,USD,109,CUS-140,Customer CUS-140,cus-140@mail.local,ORD-0195,2026-01-30T13:29:00.000Z,Delivered,3,SHP-0195,Delivered,TRK100389,Ukraine,Kharkiv,Naukova 12
SEL-031,Seller SEL-031,sel-031@amazon-demo.local,Electronics>Computers>Laptops,ASIN-001-071,Nova Laptop 14,Physical,31.49,USD,110,CUS-141,Customer CUS-141,cus-141@mail.local,ORD-0196,2026-01-31T14:30:00.000Z,Created,1,SHP-0196,Preparing,TRK100390,Ukraine,Kyiv,Shevchenka 10
SEL-032,Seller SEL-032,sel-032@amazon-demo.local,Electronics>Audio>Headphones,ASIN-002-072,EchoSound Pro Headphones,Digital,45.49,USD,111,CUS-142,Customer CUS-142,cus-142@mail.local,ORD-0196,2026-02-01T15:31:00.000Z,Paid,2,SHP-0196,InTransit,TRK100391,Ukraine,Lviv,Soborna 25
SEL-033,Seller SEL-033,sel-033@amazon-demo.local,Books>Technology>Software Engineering,ASIN-003-073,Patterns for Scalable Systems,Physical,76.49,USD,112,CUS-143,Customer CUS-143,cus-143@mail.local,ORD-0197,2026-02-02T16:32:00.000Z,Packed,3,SHP-0197,Delivered,TRK100392,Ukraine,Odesa,Centralna 7
SEL-034,Seller SEL-034,sel-034@amazon-demo.local,Home & Kitchen>Appliances>Coffee Machines,ASIN-004-074,Barista Smart Brewer,Digital,107.49,USD,113,CUS-144,Customer CUS-144,cus-144@mail.local,ORD-0197,2026-02-03T17:33:00.000Z,Shipped,1,SHP-0197,Preparing,TRK100393,Ukraine,Dnipro,Independence 18
SEL-035,Seller SEL-035,sel-035@amazon-demo.local,Toys & Games>Board Games>Strategy,ASIN-005-075,Kingdoms of Logic,Physical,138.49,USD,114,CUS-145,Customer CUS-145,cus-145@mail.local,ORD-0198,2026-02-04T18:34:00.000Z,Delivered,2,SHP-0198,InTransit,TRK100394,Ukraine,Kharkiv,Naukova 12
SEL-036,Seller SEL-036,sel-036@amazon-demo.local,Electronics>Computers>Laptops,ASIN-001-076,Nova Laptop 14,Physical,19.49,USD,115,CUS-146,Customer CUS-146,cus-146@mail.local,ORD-0198,2026-02-05T19:35:00.000Z,Created,3,SHP-0198,Delivered,TRK100395,Ukraine,Kyiv,Shevchenka 10
SEL-037,Seller SEL-037,sel-037@amazon-demo.local,Electronics>Audio>Headphones,ASIN-002-077,EchoSound Pro Headphones,Digital,50.49,USD,116,CUS-147,Customer CUS-147,cus-147@mail.local,ORD-0199,2026-02-06T08:36:00.000Z,Paid,1,SHP-0199,Preparing,TRK100396,Ukraine,Lviv,Soborna 25
SEL-038,Seller SEL-038,sel-038@amazon-demo.local,Books>Technology>Software Engineering,ASIN-003-078,Patterns for Scalable Systems,Physical,81.49,USD,117,CUS-148,Customer CUS-148,cus-148@mail.local,ORD-0199,2026-02-07T09:37:00.000Z,Packed,2,SHP-0199,InTransit,TRK100397,Ukraine,Odesa,Centralna 7
SEL-039,Seller SEL-039,sel-039@amazon-demo.local,Home & Kitchen>Appliances>Coffee Machines,ASIN-004-079,Barista Smart Brewer,Digital,112.49,USD,118,CUS-149,Customer CUS-149,cus-149@mail.local,ORD-0200,2026-02-08T10:38:00.000Z,Shipped,3,SHP-0200,Delivered,TRK100398,Ukraine,Dnipro,Independence 18
SEL-040,Seller SEL-040,sel-040@amazon-demo.local,Toys & Games>Board Games>Strategy,ASIN-005-080,Kingdoms of Logic,Physical,143.49,USD,119,CUS-150,Customer CUS-150,cus-150@mail.local,ORD-0200,2026-02-09T11:39:00.000Z,Delivered,1,SHP-0200,Preparing,TRK100399,Ukraine,Kharkiv,Naukova 12
SEL-041,Seller SEL-041,sel-041@amazon-demo.local,Electronics>Computers>Laptops,ASIN-001-001,Nova Laptop 14,Physical,24.49,USD,120,CUS-151,Customer CUS-151,cus-151@mail.local,ORD-0201,2026-02-10T12:40:00.000Z,Created,2,SHP-0201,InTransit,TRK100400,Ukraine,Kyiv,Shevchenka 10
SEL-042,Seller SEL-042,sel-042@amazon-demo.local,Electronics>Audio>Headphones,ASIN-002-002,EchoSound Pro Headphones,Digital,55.49,USD,121,CUS-152,Customer CUS-152,cus-152@mail.local,ORD-0201,2026-02-11T13:41:00.000Z,Paid,3,SHP-0201,Delivered,TRK100401,Ukraine,Lviv,Soborna 25
SEL-043,Seller SEL-043,sel-043@amazon-demo.local,Books>Technology>Software Engineering,ASIN-003-003,Patterns for Scalable Systems,Physical,86.49,USD,122,CUS-153,Customer CUS-153,cus-153@mail.local,ORD-0202,2026-02-12T14:42:00.000Z,Packed,1,SHP-0202,Preparing,TRK100402,Ukraine,Odesa,Centralna 7
SEL-044,Seller SEL-044,sel-044@amazon-demo.local,Home & Kitchen>Appliances>Coffee Machines,ASIN-004-004,Barista Smart Brewer,Digital,117.49,USD,123,CUS-154,Customer CUS-154,cus-154@mail.local,ORD-0202,2026-02-13T15:43:00.000Z,Shipped,2,SHP-0202,InTransit,TRK100403,Ukraine,Dnipro,Independence 18
SEL-045,Seller SEL-045,sel-045@amazon-demo.local,Toys & Games>Board Games>Strategy,ASIN-005-005,Kingdoms of Logic,Physical,148.49,USD,124,CUS-155,Customer CUS-155,cus-155@mail.local,ORD-0203,2026-02-14T16:44:00.000Z,Delivered,3,SHP-0203,Delivered,TRK100404,Ukraine,Kharkiv,Naukova 12
SEL-046,Seller SEL-046,sel-046@amazon-demo.local,Electronics>Computers>Laptops,ASIN-001-006,Nova Laptop 14,Physical,29.49,USD,125,CUS-156,Customer CUS-156,cus-156@mail.local,ORD-0203,2026-02-15T17:45:00.000Z,Created,1,SHP-0203,Preparing,TRK100405,Ukraine,Kyiv,Shevchenka 10
SEL-047,Seller SEL-047,sel-047@amazon-demo.local,Electronics>Audio>Headphones,ASIN-002-007,EchoSound Pro Headphones,Digital,60.49,USD,126,CUS-157,Customer CUS-157,cus-157@mail.local,ORD-0204,2026-02-16T18:46:00.000Z,Paid,2,SHP-0204,InTransit,TRK100406,Ukraine,Lviv,Soborna 25
SEL-048,Seller SEL-048,sel-048@amazon-demo.local,Books>Technology>Software Engineering,ASIN-003-008,Patterns for Scalable Systems,Physical,91.49,USD,127,CUS-158,Customer CUS-158,cus-158@mail.local,ORD-0204,2026-02-17T19:47:00.000Z,Packed,3,SHP-0204,Delivered,TRK100407,Ukraine,Odesa,Centralna 7
SEL-049,Seller SEL-049,sel-049@amazon-demo.local,Home & Kitchen>Appliances>Coffee Machines,ASIN-004-009,Barista Smart Brewer,Digital,105.49,USD,128,CUS-159,Customer CUS-159,cus-159@mail.local,ORD-0205,2026-02-18T08:48:00.000Z,Shipped,1,SHP-0205,Preparing,TRK100408,Ukraine,Dnipro,Independence 18
SEL-050,Seller SEL-050,sel-050@amazon-demo.local,Toys & Games>Board Games>Strategy,ASIN-005-010,Kingdoms of Logic,Physical,136.49,USD,129,CUS-160,Customer CUS-160,cus-160@mail.local,ORD-0205,2026-02-19T09:49:00.000Z,Delivered,2,SHP-0205,InTransit,TRK100409,Ukraine,Kharkiv,Naukova 12
SEL-051,Seller SEL-051,sel-051@amazon-demo.local,Electronics>Computers>Laptops,ASIN-001-011,Nova Laptop 14,Physical,17.49,USD,130,CUS-161,Customer CUS-161,cus-161@mail.local,ORD-0206,2026-02-20T10:50:00.000Z,Created,3,SHP-0206,Delivered,TRK100410,Ukraine,Kyiv,Shevchenka 10
SEL-052,Seller SEL-052,sel-052@amazon-demo.local,Electronics>Audio>Headphones,ASIN-002-012,EchoSound Pro Headphones,Digital,48.49,USD,131,CUS-162,Customer CUS-162,cus-162@mail.local,ORD-0206,2026-02-21T11:51:00.000Z,Paid,1,SHP-0206,Preparing,TRK100411,Ukraine,Lviv,Soborna 25
SEL-053,Seller SEL-053,sel-053@amazon-demo.local,Books>Technology>Software Engineering,ASIN-003-013,Patterns for Scalable Systems,Physical,79.49,USD,132,CUS-163,Customer CUS-163,cus-163@mail.local,ORD-0207,2026-02-22T12:52:00.000Z,Packed,2,SHP-0207,InTransit,TRK100412,Ukraine,Odesa,Centralna 7
SEL-054,Seller SEL-054,sel-054@amazon-demo.local,Home & Kitchen>Appliances>Coffee Machines,ASIN-004-014,Barista Smart Brewer,Digital,110.49,USD,133,CUS-164,Customer CUS-164,cus-164@mail.local,ORD-0207,2026-02-23T13:53:00.000Z,Shipped,3,SHP-0207,Delivered,TRK100413,Ukraine,Dnipro,Independence 18
SEL-055,Seller SEL-055,sel-055@amazon-demo.local,Toys & Games>Board Games>Strategy,ASIN-005-015,Kingdoms of Logic,Physical,141.49,USD,134,CUS-165,Customer CUS-165,cus-165@mail.local,ORD-0208,2026-02-24T14:54:00.000Z,Delivered,1,SHP-0208,Preparing,TRK100414,Ukraine,Kharkiv,Naukova 12
SEL-056,Seller SEL-056,sel-056@amazon-demo.local,Electronics>Computers>Laptops,ASIN-001-016,Nova Laptop 14,Physical,22.49,USD,135,CUS-166,Customer CUS-166,cus-166@mail.local,ORD-0208,2026-02-25T15:55:00.000Z,Created,2,SHP-0208,InTransit,TRK100415,Ukraine,Kyiv,Shevchenka 10
SEL-057,Seller SEL-057,sel-057@amazon-demo.local,Electronics>Audio>Headphones,ASIN-002-017,EchoSound Pro Headphones,Digital,53.49,USD,136,CUS-167,Customer CUS-167,cus-167@mail.local,ORD-0209,2026-02-26T16:56:00.000Z,Paid,3,SHP-0209,Delivered,TRK100416,Ukraine,Lviv,Soborna 25
SEL-058,Seller SEL-058,sel-058@amazon-demo.local,Books>Technology>Software Engineering,ASIN-003-018,Patterns for Scalable Systems,Physical,84.49,USD,137,CUS-168,Customer CUS-168,cus-168@mail.local,ORD-0209,2026-02-27T17:57:00.000Z,Packed,1,SHP-0209,Preparing,TRK100417,Ukraine,Odesa,Centralna 7
SEL-059,Seller SEL-059,sel-059@amazon-demo.local,Home & Kitchen>Appliances>Coffee Machines,ASIN-004-019,Barista Smart Brewer,Digital,115.49,USD,138,CUS-169,Customer CUS-169,cus-169@mail.local,ORD-0210,2026-02-28T18:58:00.000Z,Shipped,2,SHP-0210,InTransit,TRK100418,Ukraine,Dnipro,Independence 18
SEL-060,Seller SEL-060,sel-060@amazon-demo.local,Toys & Games>Board Games>Strategy,ASIN-005-020,Kingdoms of Logic,Physical,146.49,USD,139,CUS-170,Customer CUS-170,cus-170@mail.local,ORD-0210,2026-03-01T19:59:00.000Z,Delivered,3,SHP-0210,Delivered,TRK100419,Ukraine,Kharkiv,Naukova 12
SEL-001,Seller SEL-001,sel-001@amazon-demo.local,Electronics>Computers>Laptops,ASIN-001-021,Nova Laptop 14,Physical,27.49,USD,140,CUS-171,Customer CUS-171,cus-171@mail.local,ORD-0211,2026-03-02T08:00:00.000Z,Created,1,SHP-0211,Preparing,TRK100420,Ukraine,Kyiv,Shevchenka 10
SEL-002,Seller SEL-002,sel-002@amazon-demo.local,Electronics>Audio>Headphones,ASIN-002-022,EchoSound Pro Headphones,Digital,58.49,USD,141,CUS-172,Customer CUS-172,cus-172@mail.local,ORD-0211,2026-03-03T09:01:00.000Z,Paid,2,SHP-0211,InTransit,TRK100421,Ukraine,Lviv,Soborna 25
SEL-003,Seller SEL-003,sel-003@amazon-demo.local,Books>Technology>Software Engineering,ASIN-003-023,Patterns for Scalable Systems,Physical,89.49,USD,142,CUS-173,Customer CUS-173,cus-173@mail.local,ORD-0212,2026-03-04T10:02:00.000Z,Packed,3,SHP-0212,Delivered,TRK100422,Ukraine,Odesa,Centralna 7
SEL-004,Seller SEL-004,sel-004@amazon-demo.local,Home & Kitchen>Appliances>Coffee Machines,ASIN-004-024,Barista Smart Brewer,Digital,120.49,USD,143,CUS-174,Customer CUS-174,cus-174@mail.local,ORD-0212,2026-03-05T11:03:00.000Z,Shipped,1,SHP-0212,Preparing,TRK100423,Ukraine,Dnipro,Independence 18
SEL-005,Seller SEL-005,sel-005@amazon-demo.local,Toys & Games>Board Games>Strategy,ASIN-005-025,Kingdoms of Logic,Physical,151.49,USD,144,CUS-175,Customer CUS-175,cus-175@mail.local,ORD-0213,2026-03-06T12:04:00.000Z,Delivered,2,SHP-0213,InTransit,TRK100424,Ukraine,Kharkiv,Naukova 12
SEL-006,Seller SEL-006,sel-006@amazon-demo.local,Electronics>Computers>Laptops,ASIN-001-026,Nova Laptop 14,Physical,15.49,USD,145,CUS-176,Customer CUS-176,cus-176@mail.local,ORD-0213,2026-03-07T13:05:00.000Z,Created,3,SHP-0213,Delivered,TRK100425,Ukraine,Kyiv,Shevchenka 10
SEL-007,Seller SEL-007,sel-007@amazon-demo.local,Electronics>Audio>Headphones,ASIN-002-027,EchoSound Pro Headphones,Digital,46.49,USD,146,CUS-177,Customer CUS-177,cus-177@mail.local,ORD-0214,2026-03-08T14:06:00.000Z,Paid,1,SHP-0214,Preparing,TRK100426,Ukraine,Lviv,Soborna 25
SEL-008,Seller SEL-008,sel-008@amazon-demo.local,Books>Technology>Software Engineering,ASIN-003-028,Patterns for Scalable Systems,Physical,77.49,USD,147,CUS-178,Customer CUS-178,cus-178@mail.local,ORD-0214,2026-03-09T15:07:00.000Z,Packed,2,SHP-0214,InTransit,TRK100427,Ukraine,Odesa,Centralna 7
SEL-009,Seller SEL-009,sel-009@amazon-demo.local,Home & Kitchen>Appliances>Coffee Machines,ASIN-004-029,Barista Smart Brewer,Digital,108.49,USD,148,CUS-179,Customer CUS-179,cus-179@mail.local,ORD-0215,2026-03-10T16:08:00.000Z,Shipped,3,SHP-0215,Delivered,TRK100428,Ukraine,Dnipro,Independence 18
SEL-010,Seller SEL-010,sel-010@amazon-demo.local,Toys & Games>Board Games>Strategy,ASIN-005-030,Kingdoms of Logic,Physical,139.49,USD,149,CUS-180,Customer CUS-180,cus-180@mail.local,ORD-0215,2026-03-11T17:09:00.000Z,Delivered,1,SHP-0215,Preparing,TRK100429,Ukraine,Kharkiv,Naukova 12
SEL-011,Seller SEL-011,sel-011@amazon-demo.local,Electronics>Computers>Laptops,ASIN-001-031,Nova Laptop 14,Physical,20.49,USD,150,CUS-181,Customer CUS-181,cus-181@mail.local,ORD-0216,2026-03-12T18:10:00.000Z,Created,2,SHP-0216,InTransit,TRK100430,Ukraine,Kyiv,Shevchenka 10
SEL-012,Seller SEL-012,sel-012@amazon-demo.local,Electronics>Audio>Headphones,ASIN-002-032,EchoSound Pro Headphones,Digital,51.49,USD,151,CUS-182,Customer CUS-182,cus-182@mail.local,ORD-0216,2026-03-13T19:11:00.000Z,Paid,3,SHP-0216,Delivered,TRK100431,Ukraine,Lviv,Soborna 25
SEL-013,Seller SEL-013,sel-013@amazon-demo.local,Books>Technology>Software Engineering,ASIN-003-033,Patterns for Scalable Systems,Physical,82.49,USD,152,CUS-183,Customer CUS-183,cus-183@mail.local,ORD-0217,2026-03-14T08:12:00.000Z,Packed,1,SHP-0217,Preparing,TRK100432,Ukraine,Odesa,Centralna 7
SEL-014,Seller SEL-014,sel-014@amazon-demo.local,Home & Kitchen>Appliances>Coffee Machines,ASIN-004-034,Barista Smart Brewer,Digital,113.49,USD,153,CUS-184,Customer CUS-184,cus-184@mail.local,ORD-0217,2026-03-15T09:13:00.000Z,Shipped,2,SHP-0217,InTransit,TRK100433,Ukraine,Dnipro,Independence 18
SEL-015,Seller SEL-015,sel-015@amazon-demo.local,Toys & Games>Board Games>Strategy,ASIN-005-035,Kingdoms of Logic,Physical,144.49,USD,154,CUS-185,Customer CUS-185,cus-185@mail.local,ORD-0218,2026-03-16T10:14:00.000Z,Delivered,3,SHP-0218,Delivered,TRK100434,Ukraine,Kharkiv,Naukova 12
SEL-016,Seller SEL-016,sel-016@amazon-demo.local,Electronics>Computers>Laptops,ASIN-001-036,Nova Laptop 14,Physical,25.49,USD,155,CUS-186,Customer CUS-186,cus-186@mail.local,ORD-0218,2026-03-17T11:15:00.000Z,Created,1,SHP-0218,Preparing,TRK100435,Ukraine,Kyiv,Shevchenka 10
SEL-017,Seller SEL-017,sel-017@amazon-demo.local,Electronics>Audio>Headphones,ASIN-002-037,EchoSound Pro Headphones,Digital,56.49,USD,156,CUS-187,Customer CUS-187,cus-187@mail.local,ORD-0219,2026-03-18T12:16:00.000Z,Paid,2,SHP-0219,InTransit,TRK100436,Ukraine,Lviv,Soborna 25
SEL-018,Seller SEL-018,sel-018@amazon-demo.local,Books>Technology>Software Engineering,ASIN-003-038,Patterns for Scalable Systems,Physical,87.49,USD,157,CUS-188,Customer CUS-188,cus-188@mail.local,ORD-0219,2026-03-19T13:17:00.000Z,Packed,3,SHP-0219,Delivered,TRK100437,Ukraine,Odesa,Centralna 7
SEL-019,Seller SEL-019,sel-019@amazon-demo.local,Home & Kitchen>Appliances>Coffee Machines,ASIN-004-039,Barista Smart Brewer,Digital,118.49,USD,158,CUS-189,Customer CUS-189,cus-189@mail.local,ORD-0220,2026-03-20T14:18:00.000Z,Shipped,1,SHP-0220,Preparing,TRK100438,Ukraine,Dnipro,Independence 18
SEL-020,Seller SEL-020,sel-020@amazon-demo.local,Toys & Games>Board Games>Strategy,ASIN-005-040,Kingdoms of Logic,Physical,149.49,USD,159,CUS-190,Customer CUS-190,cus-190@mail.local,ORD-0220,2026-03-21T15:19:00.000Z,Delivered,2,SHP-0220,InTransit,TRK100439,Ukraine,Kharkiv,Naukova 12
SEL-021,Seller SEL-021,sel-021@amazon-demo.local,Electronics>Computers>Laptops,ASIN-001-041,Nova Laptop 14,Physical,30.49,USD,160,CUS-191,Customer CUS-191,cus-191@mail.local,ORD-0221,2026-03-22T16:20:00.000Z,Created,3,SHP-0221,Delivered,TRK100440,Ukraine,Kyiv,Shevchenka 10
SEL-022,Seller SEL-022,sel-022@amazon-demo.local,Electronics>Audio>Headphones,ASIN-002-042,EchoSound Pro Headphones,Digital,61.49,USD,161,CUS-192,Customer CUS-192,cus-192@mail.local,ORD-0221,2026-03-23T17:21:00.000Z,Paid,1,SHP-0221,Preparing,TRK100441,Ukraine,Lviv,Soborna 25
SEL-023,Seller SEL-023,sel-023@amazon-demo.local,Books>Technology>Software Engineering,ASIN-003-043,Patterns for Scalable Systems,Physical,75.49,USD,162,CUS-193,Customer CUS-193,cus-193@mail.local,ORD-0222,2026-03-24T18:22:00.000Z,Packed,2,SHP-0222,InTransit,TRK100442,Ukraine,Odesa,Centralna 7
SEL-024,Seller SEL-024,sel-024@amazon-demo.local,Home & Kitchen>Appliances>Coffee Machines,ASIN-004-044,Barista Smart Brewer,Digital,106.49,USD,163,CUS-194,Customer CUS-194,cus-194@mail.local,ORD-0222,2026-03-25T19:23:00.000Z,Shipped,3,SHP-0222,Delivered,TRK100443,Ukraine,Dnipro,Independence 18
SEL-025,Seller SEL-025,sel-025@amazon-demo.local,Toys & Games>Board Games>Strategy,ASIN-005-045,Kingdoms of Logic,Physical,137.49,USD,164,CUS-195,Customer CUS-195,cus-195@mail.local,ORD-0223,2026-03-26T08:24:00.000Z,Delivered,1,SHP-0223,Preparing,TRK100444,Ukraine,Kharkiv,Naukova 12
SEL-026,Seller SEL-026,sel-026@amazon-demo.local,Electronics>Computers>Laptops,ASIN-001-046,Nova Laptop 14,Physical,18.49,USD,165,CUS-196,Customer CUS-196,cus-196@mail.local,ORD-0223,2026-03-27T09:25:00.000Z,Created,2,SHP-0223,InTransit,TRK100445,Ukraine,Kyiv,Shevchenka 10
SEL-027,Seller SEL-027,sel-027@amazon-demo.local,Electronics>Audio>Headphones,ASIN-002-047,EchoSound Pro Headphones,Digital,49.49,USD,166,CUS-197,Customer CUS-197,cus-197@mail.local,ORD-0224,2026-03-28T10:26:00.000Z,Paid,3,SHP-0224,Delivered,TRK100446,Ukraine,Lviv,Soborna 25
SEL-028,Seller SEL-028,sel-028@amazon-demo.local,Books>Technology>Software Engineering,ASIN-003-048,Patterns for Scalable Systems,Physical,80.49,USD,167,CUS-198,Customer CUS-198,cus-198@mail.local,ORD-0224,2026-03-29T11:27:00.000Z,Packed,1,SHP-0224,Preparing,TRK100447,Ukraine,Odesa,Centralna 7
SEL-029,Seller SEL-029,sel-029@amazon-demo.local,Home & Kitchen>Appliances>Coffee Machines,ASIN-004-049,Barista Smart Brewer,Digital,111.49,USD,168,CUS-199,Customer CUS-199,cus-199@mail.local,ORD-0225,2026-03-30T12:28:00.000Z,Shipped,2,SHP-0225,InTransit,TRK100448,Ukraine,Dnipro,Independence 18
SEL-030,Seller SEL-030,sel-030@amazon-demo.local,Toys & Games>Board Games>Strategy,ASIN-005-050,Kingdoms of Logic,Physical,142.49,USD,169,CUS-200,Customer CUS-200,cus-200@mail.local,ORD-0225,2026-03-31T13:29:00.000Z,Delivered,3,SHP-0225,Delivered,TRK100449,Ukraine,Kharkiv,Naukova 12
SEL-031,Seller SEL-031,sel-031@amazon-demo.local,Electronics>Computers>Laptops,ASIN-001-051,Nova Laptop 14,Physical,23.49,USD,20,CUS-201,Customer CUS-201,cus-201@mail.local,ORD-0226,2026-01-01T14:30:00.000Z,Created,1,SHP-0226,Preparing,TRK100450,Ukraine,Kyiv,Shevchenka 10
SEL-032,Seller SEL-032,sel-032@amazon-demo.local,Electronics>Audio>Headphones,ASIN-002-052,EchoSound Pro Headphones,Digital,54.49,USD,21,CUS-202,Customer CUS-202,cus-202@mail.local,ORD-0226,2026-01-02T15:31:00.000Z,Paid,2,SHP-0226,InTransit,TRK100451,Ukraine,Lviv,Soborna 25
SEL-033,Seller SEL-033,sel-033@amazon-demo.local,Books>Technology>Software Engineering,ASIN-003-053,Patterns for Scalable Systems,Physical,85.49,USD,22,CUS-203,Customer CUS-203,cus-203@mail.local,ORD-0227,2026-01-03T16:32:00.000Z,Packed,3,SHP-0227,Delivered,TRK100452,Ukraine,Odesa,Centralna 7
SEL-034,Seller SEL-034,sel-034@amazon-demo.local,Home & Kitchen>Appliances>Coffee Machines,ASIN-004-054,Barista Smart Brewer,Digital,116.49,USD,23,CUS-204,Customer CUS-204,cus-204@mail.local,ORD-0227,2026-01-04T17:33:00.000Z,Shipped,1,SHP-0227,Preparing,TRK100453,Ukraine,Dnipro,Independence 18
SEL-035,Seller SEL-035,sel-035@amazon-demo.local,Toys & Games>Board Games>Strategy,ASIN-005-055,Kingdoms of Logic,Physical,147.49,USD,24,CUS-205,Customer CUS-205,cus-205@mail.local,ORD-0228,2026-01-05T18:34:00.000Z,Delivered,2,SHP-0228,InTransit,TRK100454,Ukraine,Kharkiv,Naukova 12
SEL-036,Seller SEL-036,sel-036@amazon-demo.local,Electronics>Computers>Laptops,ASIN-001-056,Nova Laptop 14,Physical,28.49,USD,25,CUS-206,Customer CUS-206,cus-206@mail.local,ORD-0228,2026-01-06T19:35:00.000Z,Created,3,SHP-0228,Delivered,TRK100455,Ukraine,Kyiv,Shevchenka 10
SEL-037,Seller SEL-037,sel-037@amazon-demo.local,Electronics>Audio>Headphones,ASIN-002-057,EchoSound Pro Headphones,Digital,59.49,USD,26,CUS-207,Customer CUS-207,cus-207@mail.local,ORD-0229,2026-01-07T08:36:00.000Z,Paid,1,SHP-0229,Preparing,TRK100456,Ukraine,Lviv,Soborna 25
SEL-038,Seller SEL-038,sel-038@amazon-demo.local,Books>Technology>Software Engineering,ASIN-003-058,Patterns for Scalable Systems,Physical,90.49,USD,27,CUS-208,Customer CUS-208,cus-208@mail.local,ORD-0229,2026-01-08T09:37:00.000Z,Packed,2,SHP-0229,InTransit,TRK100457,Ukraine,Odesa,Centralna 7
SEL-039,Seller SEL-039,sel-039@amazon-demo.local,Home & Kitchen>Appliances>Coffee Machines,ASIN-004-059,Barista Smart Brewer,Digital,121.49,USD,28,CUS-209,Customer CUS-209,cus-209@mail.local,ORD-0230,2026-01-09T10:38:00.000Z,Shipped,3,SHP-0230,Delivered,TRK100458,Ukraine,Dnipro,Independence 18
SEL-040,Seller SEL-040,sel-040@amazon-demo.local,Toys & Games>Board Games>Strategy,ASIN-005-060,Kingdoms of Logic,Physical,135.49,USD,29,CUS-210,Customer CUS-210,cus-210@mail.local,ORD-0230,2026-01-10T11:39:00.000Z,Delivered,1,SHP-0230,Preparing,TRK100459,Ukraine,Kharkiv,Naukova 12
SEL-041,Seller SEL-041,sel-041@amazon-demo.local,Electronics>Computers>Laptops,ASIN-001-061,Nova Laptop 14,Physical,16.49,USD,30,CUS-211,Customer CUS-211,cus-211@mail.local,ORD-0231,2026-01-11T12:40:00.000Z,Created,2,SHP-0231,InTransit,TRK100460,Ukraine,Kyiv,Shevchenka 10
SEL-042,Seller SEL-042,sel-042@amazon-demo.local,Electronics>Audio>Headphones,ASIN-002-062,EchoSound Pro Headphones,Digital,47.49,USD,31,CUS-212,Customer CUS-212,cus-212@mail.local,ORD-0231,2026-01-12T13:41:00.000Z,Paid,3,SHP-0231,Delivered,TRK100461,Ukraine,Lviv,Soborna 25
SEL-043,Seller SEL-043,sel-043@amazon-demo.local,Books>Technology>Software Engineering,ASIN-003-063,Patterns for Scalable Systems,Physical,78.49,USD,32,CUS-213,Customer CUS-213,cus-213@mail.local,ORD-0232,2026-01-13T14:42:00.000Z,Packed,1,SHP-0232,Preparing,TRK100462,Ukraine,Odesa,Centralna 7
SEL-044,Seller SEL-044,sel-044@amazon-demo.local,Home & Kitchen>Appliances>Coffee Machines,ASIN-004-064,Barista Smart Brewer,Digital,109.49,USD,33,CUS-214,Customer CUS-214,cus-214@mail.local,ORD-0232,2026-01-14T15:43:00.000Z,Shipped,2,SHP-0232,InTransit,TRK100463,Ukraine,Dnipro,Independence 18
SEL-045,Seller SEL-045,sel-045@amazon-demo.local,Toys & Games>Board Games>Strategy,ASIN-005-065,Kingdoms of Logic,Physical,140.49,USD,34,CUS-215,Customer CUS-215,cus-215@mail.local,ORD-0233,2026-01-15T16:44:00.000Z,Delivered,3,SHP-0233,Delivered,TRK100464,Ukraine,Kharkiv,Naukova 12
SEL-046,Seller SEL-046,sel-046@amazon-demo.local,Electronics>Computers>Laptops,ASIN-001-066,Nova Laptop 14,Physical,21.49,USD,35,CUS-216,Customer CUS-216,cus-216@mail.local,ORD-0233,2026-01-16T17:45:00.000Z,Created,1,SHP-0233,Preparing,TRK100465,Ukraine,Kyiv,Shevchenka 10
SEL-047,Seller SEL-047,sel-047@amazon-demo.local,Electronics>Audio>Headphones,ASIN-002-067,EchoSound Pro Headphones,Digital,52.49,USD,36,CUS-217,Customer CUS-217,cus-217@mail.local,ORD-0234,2026-01-17T18:46:00.000Z,Paid,2,SHP-0234,InTransit,TRK100466,Ukraine,Lviv,Soborna 25
SEL-048,Seller SEL-048,sel-048@amazon-demo.local,Books>Technology>Software Engineering,ASIN-003-068,Patterns for Scalable Systems,Physical,83.49,USD,37,CUS-218,Customer CUS-218,cus-218@mail.local,ORD-0234,2026-01-18T19:47:00.000Z,Packed,3,SHP-0234,Delivered,TRK100467,Ukraine,Odesa,Centralna 7
SEL-049,Seller SEL-049,sel-049@amazon-demo.local,Home & Kitchen>Appliances>Coffee Machines,ASIN-004-069,Barista Smart Brewer,Digital,114.49,USD,38,CUS-219,Customer CUS-219,cus-219@mail.local,ORD-0235,2026-01-19T08:48:00.000Z,Shipped,1,SHP-0235,Preparing,TRK100468,Ukraine,Dnipro,Independence 18
SEL-050,Seller SEL-050,sel-050@amazon-demo.local,Toys & Games>Board Games>Strategy,ASIN-005-070,Kingdoms of Logic,Physical,145.49,USD,39,CUS-220,Customer CUS-220,cus-220@mail.local,ORD-0235,2026-01-20T09:49:00.000Z,Delivered,2,SHP-0235,InTransit,TRK100469,Ukraine,Kharkiv,Naukova 12
SEL-051,Seller SEL-051,sel-051@amazon-demo.local,Electronics>Computers>Laptops,ASIN-001-071,Nova Laptop 14,Physical,26.49,USD,40,CUS-221,Customer CUS-221,cus-221@mail.local,ORD-0236,2026-01-21T10:50:00.000Z,Created,3,SHP-0236,Delivered,TRK100470,Ukraine,Kyiv,Shevchenka 10
SEL-052,Seller SEL-052,sel-052@amazon-demo.local,Electronics>Audio>Headphones,ASIN-002-072,EchoSound Pro Headphones,Digital,57.49,USD,41,CUS-222,Customer CUS-222,cus-222@mail.local,ORD-0236,2026-01-22T11:51:00.000Z,Paid,1,SHP-0236,Preparing,TRK100471,Ukraine,Lviv,Soborna 25
SEL-053,Seller SEL-053,sel-053@amazon-demo.local,Books>Technology>Software Engineering,ASIN-003-073,Patterns for Scalable Systems,Physical,88.49,USD,42,CUS-223,Customer CUS-223,cus-223@mail.local,ORD-0237,2026-01-23T12:52:00.000Z,Packed,2,SHP-0237,InTransit,TRK100472,Ukraine,Odesa,Centralna 7
SEL-054,Seller SEL-054,sel-054@amazon-demo.local,Home & Kitchen>Appliances>Coffee Machines,ASIN-004-074,Barista Smart Brewer,Digital,119.49,USD,43,CUS-224,Customer CUS-224,cus-224@mail.local,ORD-0237,2026-01-24T13:53:00.000Z,Shipped,3,SHP-0237,Delivered,TRK100473,Ukraine,Dnipro,Independence 18
SEL-055,Seller SEL-055,sel-055@amazon-demo.local,Toys & Games>Board Games>Strategy,ASIN-005-075,Kingdoms of Logic,Physical,150.49,USD,44,CUS-225,Customer CUS-225,cus-225@mail.local,ORD-0238,2026-01-25T14:54:00.000Z,Delivered,1,SHP-0238,Preparing,TRK100474,Ukraine,Kharkiv,Naukova 12
SEL-056,Seller SEL-056,sel-056@amazon-demo.local,Electronics>Computers>Laptops,ASIN-001-076,Nova Laptop 14,Physical,31.49,USD,45,CUS-226,Customer CUS-226,cus-226@mail.local,ORD-0238,2026-01-26T15:55:00.000Z,Created,2,SHP-0238,InTransit,TRK100475,Ukraine,Kyiv,Shevchenka 10
SEL-057,Seller SEL-057,sel-057@amazon-demo.local,Electronics>Audio>Headphones,ASIN-002-077,EchoSound Pro Headphones,Digital,45.49,USD,46,CUS-227,Customer CUS-227,cus-227@mail.local,ORD-0239,2026-01-27T16:56:00.000Z,Paid,3,SHP-0239,Delivered,TRK100476,Ukraine,Lviv,Soborna 25
SEL-058,Seller SEL-058,sel-058@amazon-demo.local,Books>Technology>Software Engineering,ASIN-003-078,Patterns for Scalable Systems,Physical,76.49,USD,47,CUS-228,Customer CUS-228,cus-228@mail.local,ORD-0239,2026-01-28T17:57:00.000Z,Packed,1,SHP-0239,Preparing,TRK100477,Ukraine,Odesa,Centralna 7
SEL-059,Seller SEL-059,sel-059@amazon-demo.local,Home & Kitchen>Appliances>Coffee Machines,ASIN-004-079,Barista Smart Brewer,Digital,107.49,USD,48,CUS-229,Customer CUS-229,cus-229@mail.local,ORD-0240,2026-01-29T18:58:00.000Z,Shipped,2,SHP-0240,InTransit,TRK100478,Ukraine,Dnipro,Independence 18
SEL-060,Seller SEL-060,sel-060@amazon-demo.local,Toys & Games>Board Games>Strategy,ASIN-005-080,Kingdoms of Logic,Physical,138.49,USD,49,CUS-230,Customer CUS-230,cus-230@mail.local,ORD-0240,2026-01-30T19:59:00.000Z,Delivered,3,SHP-0240,Delivered,TRK100479,Ukraine,Kharkiv,Naukova 12
SEL-001,Seller SEL-001,sel-001@amazon-demo.local,Electronics>Computers>Laptops,ASIN-001-001,Nova Laptop 14,Physical,19.49,USD,50,CUS-231,Customer CUS-231,cus-231@mail.local,ORD-0241,2026-01-31T08:00:00.000Z,Created,1,SHP-0241,Preparing,TRK100480,Ukraine,Kyiv,Shevchenka 10
SEL-002,Seller SEL-002,sel-002@amazon-demo.local,Electronics>Audio>Headphones,ASIN-002-002,EchoSound Pro Headphones,Digital,50.49,USD,51,CUS-232,Customer CUS-232,cus-232@mail.local,ORD-0241,2026-02-01T09:01:00.000Z,Paid,2,SHP-0241,InTransit,TRK100481,Ukraine,Lviv,Soborna 25
SEL-003,Seller SEL-003,sel-003@amazon-demo.local,Books>Technology>Software Engineering,ASIN-003-003,Patterns for Scalable Systems,Physical,81.49,USD,52,CUS-233,Customer CUS-233,cus-233@mail.local,ORD-0242,2026-02-02T10:02:00.000Z,Packed,3,SHP-0242,Delivered,TRK100482,Ukraine,Odesa,Centralna 7
SEL-004,Seller SEL-004,sel-004@amazon-demo.local,Home & Kitchen>Appliances>Coffee Machines,ASIN-004-004,Barista Smart Brewer,Digital,112.49,USD,53,CUS-234,Customer CUS-234,cus-234@mail.local,ORD-0242,2026-02-03T11:03:00.000Z,Shipped,1,SHP-0242,Preparing,TRK100483,Ukraine,Dnipro,Independence 18
SEL-005,Seller SEL-005,sel-005@amazon-demo.local,Toys & Games>Board Games>Strategy,ASIN-005-005,Kingdoms of Logic,Physical,143.49,USD,54,CUS-235,Customer CUS-235,cus-235@mail.local,ORD-0243,2026-02-04T12:04:00.000Z,Delivered,2,SHP-0243,InTransit,TRK100484,Ukraine,Kharkiv,Naukova 12
SEL-006,Seller SEL-006,sel-006@amazon-demo.local,Electronics>Computers>Laptops,ASIN-001-006,Nova Laptop 14,Physical,24.49,USD,55,CUS-236,Customer CUS-236,cus-236@mail.local,ORD-0243,2026-02-05T13:05:00.000Z,Created,3,SHP-0243,Delivered,TRK100485,Ukraine,Kyiv,Shevchenka 10
SEL-007,Seller SEL-007,sel-007@amazon-demo.local,Electronics>Audio>Headphones,ASIN-002-007,EchoSound Pro Headphones,Digital,55.49,USD,56,CUS-237,Customer CUS-237,cus-237@mail.local,ORD-0244,2026-02-06T14:06:00.000Z,Paid,1,SHP-0244,Preparing,TRK100486,Ukraine,Lviv,Soborna 25
SEL-008,Seller SEL-008,sel-008@amazon-demo.local,Books>Technology>Software Engineering,ASIN-003-008,Patterns for Scalable Systems,Physical,86.49,USD,57,CUS-238,Customer CUS-238,cus-238@mail.local,ORD-0244,2026-02-07T15:07:00.000Z,Packed,2,SHP-0244,InTransit,TRK100487,Ukraine,Odesa,Centralna 7
SEL-009,Seller SEL-009,sel-009@amazon-demo.local,Home & Kitchen>Appliances>Coffee Machines,ASIN-004-009,Barista Smart Brewer,Digital,117.49,USD,58,CUS-239,Customer CUS-239,cus-239@mail.local,ORD-0245,2026-02-08T16:08:00.000Z,Shipped,3,SHP-0245,Delivered,TRK100488,Ukraine,Dnipro,Independence 18
SEL-010,Seller SEL-010,sel-010@amazon-demo.local,Toys & Games>Board Games>Strategy,ASIN-005-010,Kingdoms of Logic,Physical,148.49,USD,59,CUS-240,Customer CUS-240,cus-240@mail.local,ORD-0245,2026-02-09T17:09:00.000Z,Delivered,1,SHP-0245,Preparing,TRK100489,Ukraine,Kharkiv,Naukova 12
SEL-011,Seller SEL-011,sel-011@amazon-demo.local,Electronics>Computers>Laptops,ASIN-001-011,Nova Laptop 14,Physical,29.49,USD,60,CUS-241,Customer CUS-241,cus-241@mail.local,ORD-0246,2026-02-10T18:10:00.000Z,Created,2,SHP-0246,InTransit,TRK100490,Ukraine,Kyiv,Shevchenka 10
SEL-012,Seller SEL-012,sel-012@amazon-demo.local,Electronics>Audio>Headphones,ASIN-002-012,EchoSound Pro Headphones,Digital,60.49,USD,61,CUS-242,Customer CUS-242,cus-242@mail.local,ORD-0246,2026-02-11T19:11:00.000Z,Paid,3,SHP-0246,Delivered,TRK100491,Ukraine,Lviv,Soborna 25
SEL-013,Seller SEL-013,sel-013@amazon-demo.local,Books>Technology>Software Engineering,ASIN-003-013,Patterns for Scalable Systems,Physical,91.49,USD,62,CUS-243,Customer CUS-243,cus-243@mail.local,ORD-0247,2026-02-12T08:12:00.000Z,Packed,1,SHP-0247,Preparing,TRK100492,Ukraine,Odesa,Centralna 7
SEL-014,Seller SEL-014,sel-014@amazon-demo.local,Home & Kitchen>Appliances>Coffee Machines,ASIN-004-014,Barista Smart Brewer,Digital,105.49,USD,63,CUS-244,Customer CUS-244,cus-244@mail.local,ORD-0247,2026-02-13T09:13:00.000Z,Shipped,2,SHP-0247,InTransit,TRK100493,Ukraine,Dnipro,Independence 18
SEL-015,Seller SEL-015,sel-015@amazon-demo.local,Toys & Games>Board Games>Strategy,ASIN-005-015,Kingdoms of Logic,Physical,136.49,USD,64,CUS-245,Customer CUS-245,cus-245@mail.local,ORD-0248,2026-02-14T10:14:00.000Z,Delivered,3,SHP-0248,Delivered,TRK100494,Ukraine,Kharkiv,Naukova 12
SEL-016,Seller SEL-016,sel-016@amazon-demo.local,Electronics>Computers>Laptops,ASIN-001-016,Nova Laptop 14,Physical,17.49,USD,65,CUS-246,Customer CUS-246,cus-246@mail.local,ORD-0248,2026-02-15T11:15:00.000Z,Created,1,SHP-0248,Preparing,TRK100495,Ukraine,Kyiv,Shevchenka 10
SEL-017,Seller SEL-017,sel-017@amazon-demo.local,Electronics>Audio>Headphones,ASIN-002-017,EchoSound Pro Headphones,Digital,48.49,USD,66,CUS-247,Customer CUS-247,cus-247@mail.local,ORD-0249,2026-02-16T12:16:00.000Z,Paid,2,SHP-0249,InTransit,TRK100496,Ukraine,Lviv,Soborna 25
SEL-018,Seller SEL-018,sel-018@amazon-demo.local,Books>Technology>Software Engineering,ASIN-003-018,Patterns for Scalable Systems,Physical,79.49,USD,67,CUS-248,Customer CUS-248,cus-248@mail.local,ORD-0249,2026-02-17T13:17:00.000Z,Packed,3,SHP-0249,Delivered,TRK100497,Ukraine,Odesa,Centralna 7
SEL-019,Seller SEL-019,sel-019@amazon-demo.local,Home & Kitchen>Appliances>Coffee Machines,ASIN-004-019,Barista Smart Brewer,Digital,110.49,USD,68,CUS-249,Customer CUS-249,cus-249@mail.local,ORD-0250,2026-02-18T14:18:00.000Z,Shipped,1,SHP-0250,Preparing,TRK100498,Ukraine,Dnipro,Independence 18
SEL-020,Seller SEL-020,sel-020@amazon-demo.local,Toys & Games>Board Games>Strategy,ASIN-005-020,Kingdoms of Logic,Physical,141.49,USD,69,CUS-250,Customer CUS-250,cus-250@mail.local,ORD-0250,2026-02-19T15:19:00.000Z,Delivered,2,SHP-0250,InTransit,TRK100499,Ukraine,Kharkiv,Naukova 12
SEL-021,Seller SEL-021,sel-021@amazon-demo.local,Electronics>Computers>Laptops,ASIN-001-021,Nova Laptop 14,Physical,22.49,USD,70,CUS-001,Customer CUS-001,cus-001@mail.local,ORD-0251,2026-02-20T16:20:00.000Z,Created,3,SHP-0251,Delivered,TRK100500,Ukraine,Kyiv,Shevchenka 10
SEL-022,Seller SEL-022,sel-022@amazon-demo.local,Electronics>Audio>Headphones,ASIN-002-022,EchoSound Pro Headphones,Digital,53.49,USD,71,CUS-002,Customer CUS-002,cus-002@mail.local,ORD-0251,2026-02-21T17:21:00.000Z,Paid,1,SHP-0251,Preparing,TRK100501,Ukraine,Lviv,Soborna 25
SEL-023,Seller SEL-023,sel-023@amazon-demo.local,Books>Technology>Software Engineering,ASIN-003-023,Patterns for Scalable Systems,Physical,84.49,USD,72,CUS-003,Customer CUS-003,cus-003@mail.local,ORD-0252,2026-02-22T18:22:00.000Z,Packed,2,SHP-0252,InTransit,TRK100502,Ukraine,Odesa,Centralna 7
SEL-024,Seller SEL-024,sel-024@amazon-demo.local,Home & Kitchen>Appliances>Coffee Machines,ASIN-004-024,Barista Smart Brewer,Digital,115.49,USD,73,CUS-004,Customer CUS-004,cus-004@mail.local,ORD-0252,2026-02-23T19:23:00.000Z,Shipped,3,SHP-0252,Delivered,TRK100503,Ukraine,Dnipro,Independence 18
SEL-025,Seller SEL-025,sel-025@amazon-demo.local,Toys & Games>Board Games>Strategy,ASIN-005-025,Kingdoms of Logic,Physical,146.49,USD,74,CUS-005,Customer CUS-005,cus-005@mail.local,ORD-0253,2026-02-24T08:24:00.000Z,Delivered,1,SHP-0253,Preparing,TRK100504,Ukraine,Kharkiv,Naukova 12
SEL-026,Seller SEL-026,sel-026@amazon-demo.local,Electronics>Computers>Laptops,ASIN-001-026,Nova Laptop 14,Physical,27.49,USD,75,CUS-006,Customer CUS-006,cus-006@mail.local,ORD-0253,2026-02-25T09:25:00.000Z,Created,2,SHP-0253,InTransit,TRK100505,Ukraine,Kyiv,Shevchenka 10
SEL-027,Seller SEL-027,sel-027@amazon-demo.local,Electronics>Audio>Headphones,ASIN-002-027,EchoSound Pro Headphones,Digital,58.49,USD,76,CUS-007,Customer CUS-007,cus-007@mail.local,ORD-0254,2026-02-26T10:26:00.000Z,Paid,3,SHP-0254,Delivered,TRK100506,Ukraine,Lviv,Soborna 25
SEL-028,Seller SEL-028,sel-028@amazon-demo.local,Books>Technology>Software Engineering,ASIN-003-028,Patterns for Scalable Systems,Physical,89.49,USD,77,CUS-008,Customer CUS-008,cus-008@mail.local,ORD-0254,2026-02-27T11:27:00.000Z,Packed,1,SHP-0254,Preparing,TRK100507,Ukraine,Odesa,Centralna 7
SEL-029,Seller SEL-029,sel-029@amazon-demo.local,Home & Kitchen>Appliances>Coffee Machines,ASIN-004-029,Barista Smart Brewer,Digital,120.49,USD,78,CUS-009,Customer CUS-009,cus-009@mail.local,ORD-0255,2026-02-28T12:28:00.000Z,Shipped,2,SHP-0255,InTransit,TRK100508,Ukraine,Dnipro,Independence 18
SEL-030,Seller SEL-030,sel-030@amazon-demo.local,Toys & Games>Board Games>Strategy,ASIN-005-030,Kingdoms of Logic,Physical,151.49,USD,79,CUS-010,Customer CUS-010,cus-010@mail.local,ORD-0255,2026-03-01T13:29:00.000Z,Delivered,3,SHP-0255,Delivered,TRK100509,Ukraine,Kharkiv,Naukova 12
SEL-031,Seller SEL-031,sel-031@amazon-demo.local,Electronics>Computers>Laptops,ASIN-001-031,Nova Laptop 14,Physical,15.49,USD,80,CUS-011,Customer CUS-011,cus-011@mail.local,ORD-0256,2026-03-02T14:30:00.000Z,Created,1,SHP-0256,Preparing,TRK100510,Ukraine,Kyiv,Shevchenka 10
SEL-032,Seller SEL-032,sel-032@amazon-demo.local,Electronics>Audio>Headphones,ASIN-002-032,EchoSound Pro Headphones,Digital,46.49,USD,81,CUS-012,Customer CUS-012,cus-012@mail.local,ORD-0256,2026-03-03T15:31:00.000Z,Paid,2,SHP-0256,InTransit,TRK100511,Ukraine,Lviv,Soborna 25
SEL-033,Seller SEL-033,sel-033@amazon-demo.local,Books>Technology>Software Engineering,ASIN-003-033,Patterns for Scalable Systems,Physical,77.49,USD,82,CUS-013,Customer CUS-013,cus-013@mail.local,ORD-0257,2026-03-04T16:32:00.000Z,Packed,3,SHP-0257,Delivered,TRK100512,Ukraine,Odesa,Centralna 7
SEL-034,Seller SEL-034,sel-034@amazon-demo.local,Home & Kitchen>Appliances>Coffee Machines,ASIN-004-034,Barista Smart Brewer,Digital,108.49,USD,83,CUS-014,Customer CUS-014,cus-014@mail.local,ORD-0257,2026-03-05T17:33:00.000Z,Shipped,1,SHP-0257,Preparing,TRK100513,Ukraine,Dnipro,Independence 18
SEL-035,Seller SEL-035,sel-035@amazon-demo.local,Toys & Games>Board Games>Strategy,ASIN-005-035,Kingdoms of Logic,Physical,139.49,USD,84,CUS-015,Customer CUS-015,cus-015@mail.local,ORD-0258,2026-03-06T18:34:00.000Z,Delivered,2,SHP-0258,InTransit,TRK100514,Ukraine,Kharkiv,Naukova 12
SEL-036,Seller SEL-036,sel-036@amazon-demo.local,Electronics>Computers>Laptops,ASIN-001-036,Nova Laptop 14,Physical,20.49,USD,85,CUS-016,Customer CUS-016,cus-016@mail.local,ORD-0258,2026-03-07T19:35:00.000Z,Created,3,SHP-0258,Delivered,TRK100515,Ukraine,Kyiv,Shevchenka 10
SEL-037,Seller SEL-037,sel-037@amazon-demo.local,Electronics>Audio>Headphones,ASIN-002-037,EchoSound Pro Headphones,Digital,51.49,USD,86,CUS-017,Customer CUS-017,cus-017@mail.local,ORD-0259,2026-03-08T08:36:00.000Z,Paid,1,SHP-0259,Preparing,TRK100516,Ukraine,Lviv,Soborna 25
SEL-038,Seller SEL-038,sel-038@amazon-demo.local,Books>Technology>Software Engineering,ASIN-003-038,Patterns for Scalable Systems,Physical,82.49,USD,87,CUS-018,Customer CUS-018,cus-018@mail.local,ORD-0259,2026-03-09T09:37:00.000Z,Packed,2,SHP-0259,InTransit,TRK100517,Ukraine,Odesa,Centralna 7
SEL-039,Seller SEL-039,sel-039@amazon-demo.local,Home & Kitchen>Appliances>Coffee Machines,ASIN-004-039,Barista Smart Brewer,Digital,113.49,USD,88,CUS-019,Customer CUS-019,cus-019@mail.local,ORD-0260,2026-03-10T10:38:00.000Z,Shipped,3,SHP-0260,Delivered,TRK100518,Ukraine,Dnipro,Independence 18
SEL-040,Seller SEL-040,sel-040@amazon-demo.local,Toys & Games>Board Games>Strategy,ASIN-005-040,Kingdoms of Logic,Physical,144.49,USD,89,CUS-020,Customer CUS-020,cus-020@mail.local,ORD-0260,2026-03-11T11:39:00.000Z,Delivered,1,SHP-0260,Preparing,TRK100519,Ukraine,Kharkiv,Naukova 12
SEL-041,Seller SEL-041,sel-041@amazon-demo.local,Electronics>Computers>Laptops,ASIN-001-041,Nova Laptop 14,Physical,25.49,USD,90,CUS-021,Customer CUS-021,cus-021@mail.local,ORD-0261,2026-03-12T12:40:00.000Z,Created,2,SHP-0261,InTransit,TRK100520,Ukraine,Kyiv,Shevchenka 10
SEL-042,Seller SEL-042,sel-042@amazon-demo.local,Electronics>Audio>Headphones,ASIN-002-042,EchoSound Pro Headphones,Digital,56.49,USD,91,CUS-022,Customer CUS-022,cus-022@mail.local,ORD-0261,2026-03-13T13:41:00.000Z,Paid,3,SHP-0261,Delivered,TRK100521,Ukraine,Lviv,Soborna 25
SEL-043,Seller SEL-043,sel-043@amazon-demo.local,Books>Technology>Software Engineering,ASIN-003-043,Patterns for Scalable Systems,Physical,87.49,USD,92,CUS-023,Customer CUS-023,cus-023@mail.local,ORD-0262,2026-03-14T14:42:00.000Z,Packed,1,SHP-0262,Preparing,TRK100522,Ukraine,Odesa,Centralna 7
SEL-044,Seller SEL-044,sel-044@amazon-demo.local,Home & Kitchen>Appliances>Coffee Machines,ASIN-004-044,Barista Smart Brewer,Digital,118.49,USD,93,CUS-024,Customer CUS-024,cus-024@mail.local,ORD-0262,2026-03-15T15:43:00.000Z,Shipped,2,SHP-0262,InTransit,TRK100523,Ukraine,Dnipro,Independence 18
SEL-045,Seller SEL-045,sel-045@amazon-demo.local,Toys & Games>Board Games>Strategy,ASIN-005-045,Kingdoms of Logic,Physical,149.49,USD,94,CUS-025,Customer CUS-025,cus-025@mail.local,ORD-0263,2026-03-16T16:44:00.000Z,Delivered,3,SHP-0263,Delivered,TRK100524,Ukraine,Kharkiv,Naukova 12
SEL-046,Seller SEL-046,sel-046@amazon-demo.local,Electronics>Computers>Laptops,ASIN-001-046,Nova Laptop 14,Physical,30.49,USD,95,CUS-026,Customer CUS-026,cus-026@mail.local,ORD-0263,2026-03-17T17:45:00.000Z,Created,1,SHP-0263,Preparing,TRK100525,Ukraine,Kyiv,Shevchenka 10
SEL-047,Seller SEL-047,sel-047@amazon-demo.local,Electronics>Audio>Headphones,ASIN-002-047,EchoSound Pro Headphones,Digital,61.49,USD,96,CUS-027,Customer CUS-027,cus-027@mail.local,ORD-0264,2026-03-18T18:46:00.000Z,Paid,2,SHP-0264,InTransit,TRK100526,Ukraine,Lviv,Soborna 25
SEL-048,Seller SEL-048,sel-048@amazon-demo.local,Books>Technology>Software Engineering,ASIN-003-048,Patterns for Scalable Systems,Physical,75.49,USD,97,CUS-028,Customer CUS-028,cus-028@mail.local,ORD-0264,2026-03-19T19:47:00.000Z,Packed,3,SHP-0264,Delivered,TRK100527,Ukraine,Odesa,Centralna 7
SEL-049,Seller SEL-049,sel-049@amazon-demo.local,Home & Kitchen>Appliances>Coffee Machines,ASIN-004-049,Barista Smart Brewer,Digital,106.49,USD,98,CUS-029,Customer CUS-029,cus-029@mail.local,ORD-0265,2026-03-20T08:48:00.000Z,Shipped,1,SHP-0265,Preparing,TRK100528,Ukraine,Dnipro,Independence 18
SEL-050,Seller SEL-050,sel-050@amazon-demo.local,Toys & Games>Board Games>Strategy,ASIN-005-050,Kingdoms of Logic,Physical,137.49,USD,99,CUS-030,Customer CUS-030,cus-030@mail.local,ORD-0265,2026-03-21T09:49:00.000Z,Delivered,2,SHP-0265,InTransit,TRK100529,Ukraine,Kharkiv,Naukova 12
SEL-051,Seller SEL-051,sel-051@amazon-demo.local,Electronics>Computers>Laptops,ASIN-001-051,Nova Laptop 14,Physical,18.49,USD,100,CUS-031,Customer CUS-031,cus-031@mail.local,ORD-0266,2026-03-22T10:50:00.000Z,Created,3,SHP-0266,Delivered,TRK100530,Ukraine,Kyiv,Shevchenka 10
SEL-052,Seller SEL-052,sel-052@amazon-demo.local,Electronics>Audio>Headphones,ASIN-002-052,EchoSound Pro Headphones,Digital,49.49,USD,101,CUS-032,Customer CUS-032,cus-032@mail.local,ORD-0266,2026-03-23T11:51:00.000Z,Paid,1,SHP-0266,Preparing,TRK100531,Ukraine,Lviv,Soborna 25
SEL-053,Seller SEL-053,sel-053@amazon-demo.local,Books>Technology>Software Engineering,ASIN-003-053,Patterns for Scalable Systems,Physical,80.49,USD,102,CUS-033,Customer CUS-033,cus-033@mail.local,ORD-0267,2026-03-24T12:52:00.000Z,Packed,2,SHP-0267,InTransit,TRK100532,Ukraine,Odesa,Centralna 7
SEL-054,Seller SEL-054,sel-054@amazon-demo.local,Home & Kitchen>Appliances>Coffee Machines,ASIN-004-054,Barista Smart Brewer,Digital,111.49,USD,103,CUS-034,Customer CUS-034,cus-034@mail.local,ORD-0267,2026-03-25T13:53:00.000Z,Shipped,3,SHP-0267,Delivered,TRK100533,Ukraine,Dnipro,Independence 18
SEL-055,Seller SEL-055,sel-055@amazon-demo.local,Toys & Games>Board Games>Strategy,ASIN-005-055,Kingdoms of Logic,Physical,142.49,USD,104,CUS-035,Customer CUS-035,cus-035@mail.local,ORD-0268,2026-03-26T14:54:00.000Z,Delivered,1,SHP-0268,Preparing,TRK100534,Ukraine,Kharkiv,Naukova 12
SEL-056,Seller SEL-056,sel-056@amazon-demo.local,Electronics>Computers>Laptops,ASIN-001-056,Nova Laptop 14,Physical,23.49,USD,105,CUS-036,Customer CUS-036,cus-036@mail.local,ORD-0268,2026-03-27T15:55:00.000Z,Created,2,SHP-0268,InTransit,TRK100535,Ukraine,Kyiv,Shevchenka 10
SEL-057,Seller SEL-057,sel-057@amazon-demo.local,Electronics>Audio>Headphones,ASIN-002-057,EchoSound Pro Headphones,Digital,54.49,USD,106,CUS-037,Customer CUS-037,cus-037@mail.local,ORD-0269,2026-03-28T16:56:00.000Z,Paid,3,SHP-0269,Delivered,TRK100536,Ukraine,Lviv,Soborna 25
SEL-058,Seller SEL-058,sel-058@amazon-demo.local,Books>Technology>Software Engineering,ASIN-003-058,Patterns for Scalable Systems,Physical,85.49,USD,107,CUS-038,Customer CUS-038,cus-038@mail.local,ORD-0269,2026-03-29T17:57:00.000Z,Packed,1,SHP-0269,Preparing,TRK100537,Ukraine,Odesa,Centralna 7
SEL-059,Seller SEL-059,sel-059@amazon-demo.local,Home & Kitchen>Appliances>Coffee Machines,ASIN-004-059,Barista Smart Brewer,Digital,116.49,USD,108,CUS-039,Customer CUS-039,cus-039@mail.local,ORD-0270,2026-03-30T18:58:00.000Z,Shipped,2,SHP-0270,InTransit,TRK100538,Ukraine,Dnipro,Independence 18
SEL-060,Seller SEL-060,sel-060@amazon-demo.local,Toys & Games>Board Games>Strategy,ASIN-005-060,Kingdoms of Logic,Physical,147.49,USD,109,CUS-040,Customer CUS-040,cus-040@mail.local,ORD-0270,2026-03-31T19:59:00.000Z,Delivered,3,SHP-0270,Delivered,TRK100539,Ukraine,Kharkiv,Naukova 12
SEL-001,Seller SEL-001,sel-001@amazon-demo.local,Electronics>Computers>Laptops,ASIN-001-061,Nova Laptop 14,Physical,28.49,USD,110,CUS-041,Customer CUS-041,cus-041@mail.local,ORD-0271,2026-01-01T08:00:00.000Z,Created,1,SHP-0271,Preparing,TRK100540,Ukraine,Kyiv,Shevchenka 10
SEL-002,Seller SEL-002,sel-002@amazon-demo.local,Electronics>Audio>Headphones,ASIN-002-062,EchoSound Pro Headphones,Digital,59.49,USD,111,CUS-042,Customer CUS-042,cus-042@mail.local,ORD-0271,2026-01-02T09:01:00.000Z,Paid,2,SHP-0271,InTransit,TRK100541,Ukraine,Lviv,Soborna 25
SEL-003,Seller SEL-003,sel-003@amazon-demo.local,Books>Technology>Software Engineering,ASIN-003-063,Patterns for Scalable Systems,Physical,90.49,USD,112,CUS-043,Customer CUS-043,cus-043@mail.local,ORD-0272,2026-01-03T10:02:00.000Z,Packed,3,SHP-0272,Delivered,TRK100542,Ukraine,Odesa,Centralna 7
SEL-004,Seller SEL-004,sel-004@amazon-demo.local,Home & Kitchen>Appliances>Coffee Machines,ASIN-004-064,Barista Smart Brewer,Digital,121.49,USD,113,CUS-044,Customer CUS-044,cus-044@mail.local,ORD-0272,2026-01-04T11:03:00.000Z,Shipped,1,SHP-0272,Preparing,TRK100543,Ukraine,Dnipro,Independence 18
SEL-005,Seller SEL-005,sel-005@amazon-demo.local,Toys & Games>Board Games>Strategy,ASIN-005-065,Kingdoms of Logic,Physical,135.49,USD,114,CUS-045,Customer CUS-045,cus-045@mail.local,ORD-0273,2026-01-05T12:04:00.000Z,Delivered,2,SHP-0273,InTransit,TRK100544,Ukraine,Kharkiv,Naukova 12
SEL-006,Seller SEL-006,sel-006@amazon-demo.local,Electronics>Computers>Laptops,ASIN-001-066,Nova Laptop 14,Physical,16.49,USD,115,CUS-046,Customer CUS-046,cus-046@mail.local,ORD-0273,2026-01-06T13:05:00.000Z,Created,3,SHP-0273,Delivered,TRK100545,Ukraine,Kyiv,Shevchenka 10
SEL-007,Seller SEL-007,sel-007@amazon-demo.local,Electronics>Audio>Headphones,ASIN-002-067,EchoSound Pro Headphones,Digital,47.49,USD,116,CUS-047,Customer CUS-047,cus-047@mail.local,ORD-0274,2026-01-07T14:06:00.000Z,Paid,1,SHP-0274,Preparing,TRK100546,Ukraine,Lviv,Soborna 25
SEL-008,Seller SEL-008,sel-008@amazon-demo.local,Books>Technology>Software Engineering,ASIN-003-068,Patterns for Scalable Systems,Physical,78.49,USD,117,CUS-048,Customer CUS-048,cus-048@mail.local,ORD-0274,2026-01-08T15:07:00.000Z,Packed,2,SHP-0274,InTransit,TRK100547,Ukraine,Odesa,Centralna 7
SEL-009,Seller SEL-009,sel-009@amazon-demo.local,Home & Kitchen>Appliances>Coffee Machines,ASIN-004-069,Barista Smart Brewer,Digital,109.49,USD,118,CUS-049,Customer CUS-049,cus-049@mail.local,ORD-0275,2026-01-09T16:08:00.000Z,Shipped,3,SHP-0275,Delivered,TRK100548,Ukraine,Dnipro,Independence 18
SEL-010,Seller SEL-010,sel-010@amazon-demo.local,Toys & Games>Board Games>Strategy,ASIN-005-070,Kingdoms of Logic,Physical,140.49,USD,119,CUS-050,Customer CUS-050,cus-050@mail.local,ORD-0275,2026-01-10T17:09:00.000Z,Delivered,1,SHP-0275,Preparing,TRK100549,Ukraine,Kharkiv,Naukova 12
SEL-011,Seller SEL-011,sel-011@amazon-demo.local,Electronics>Computers>Laptops,ASIN-001-071,Nova Laptop 14,Physical,21.49,USD,120,CUS-051,Customer CUS-051,cus-051@mail.local,ORD-0276,2026-01-11T18:10:00.000Z,Created,2,SHP-0276,InTransit,TRK100550,Ukraine,Kyiv,Shevchenka 10
SEL-012,Seller SEL-012,sel-012@amazon-demo.local,Electronics>Audio>Headphones,ASIN-002-072,EchoSound Pro Headphones,Digital,52.49,USD,121,CUS-052,Customer CUS-052,cus-052@mail.local,ORD-0276,2026-01-12T19:11:00.000Z,Paid,3,SHP-0276,Delivered,TRK100551,Ukraine,Lviv,Soborna 25
SEL-013,Seller SEL-013,sel-013@amazon-demo.local,Books>Technology>Software Engineering,ASIN-003-073,Patterns for Scalable Systems,Physical,83.49,USD,122,CUS-053,Customer CUS-053,cus-053@mail.local,ORD-0277,2026-01-13T08:12:00.000Z,Packed,1,SHP-0277,Preparing,TRK100552,Ukraine,Odesa,Centralna 7
SEL-014,Seller SEL-014,sel-014@amazon-demo.local,Home & Kitchen>Appliances>Coffee Machines,ASIN-004-074,Barista Smart Brewer,Digital,114.49,USD,123,CUS-054,Customer CUS-054,cus-054@mail.local,ORD-0277,2026-01-14T09:13:00.000Z,Shipped,2,SHP-0277,InTransit,TRK100553,Ukraine,Dnipro,Independence 18
SEL-015,Seller SEL-015,sel-015@amazon-demo.local,Toys & Games>Board Games>Strategy,ASIN-005-075,Kingdoms of Logic,Physical,145.49,USD,124,CUS-055,Customer CUS-055,cus-055@mail.local,ORD-0278,2026-01-15T10:14:00.000Z,Delivered,3,SHP-0278,Delivered,TRK100554,Ukraine,Kharkiv,Naukova 12
SEL-016,Seller SEL-016,sel-016@amazon-demo.local,Electronics>Computers>Laptops,ASIN-001-076,Nova Laptop 14,Physical,26.49,USD,125,CUS-056,Customer CUS-056,cus-056@mail.local,ORD-0278,2026-01-16T11:15:00.000Z,Created,1,SHP-0278,Preparing,TRK100555,Ukraine,Kyiv,Shevchenka 10
SEL-017,Seller SEL-017,sel-017@amazon-demo.local,Electronics>Audio>Headphones,ASIN-002-077,EchoSound Pro Headphones,Digital,57.49,USD,126,CUS-057,Customer CUS-057,cus-057@mail.local,ORD-0279,2026-01-17T12:16:00.000Z,Paid,2,SHP-0279,InTransit,TRK100556,Ukraine,Lviv,Soborna 25
SEL-018,Seller SEL-018,sel-018@amazon-demo.local,Books>Technology>Software Engineering,ASIN-003-078,Patterns for Scalable Systems,Physical,88.49,USD,127,CUS-058,Customer CUS-058,cus-058@mail.local,ORD-0279,2026-01-18T13:17:00.000Z,Packed,3,SHP-0279,Delivered,TRK100557,Ukraine,Odesa,Centralna 7
SEL-019,Seller SEL-019,sel-019@amazon-demo.local,Home & Kitchen>Appliances>Coffee Machines,ASIN-004-079,Barista Smart Brewer,Digital,119.49,USD,128,CUS-059,Customer CUS-059,cus-059@mail.local,ORD-0280,2026-01-19T14:18:00.000Z,Shipped,1,SHP-0280,Preparing,TRK100558,Ukraine,Dnipro,Independence 18
SEL-020,Seller SEL-020,sel-020@amazon-demo.local,Toys & Games>Board Games>Strategy,ASIN-005-080,Kingdoms of Logic,Physical,150.49,USD,129,CUS-060,Customer CUS-060,cus-060@mail.local,ORD-0280,2026-01-20T15:19:00.000Z,Delivered,2,SHP-0280,InTransit,TRK100559,Ukraine,Kharkiv,Naukova 12
SEL-021,Seller SEL-021,sel-021@amazon-demo.local,Electronics>Computers>Laptops,ASIN-001-001,Nova Laptop 14,Physical,31.49,USD,130,CUS-061,Customer CUS-061,cus-061@mail.local,ORD-0281,2026-01-21T16:20:00.000Z,Created,3,SHP-0281,Delivered,TRK100560,Ukraine,Kyiv,Shevchenka 10
SEL-022,Seller SEL-022,sel-022@amazon-demo.local,Electronics>Audio>Headphones,ASIN-002-002,EchoSound Pro Headphones,Digital,45.49,USD,131,CUS-062,Customer CUS-062,cus-062@mail.local,ORD-0281,2026-01-22T17:21:00.000Z,Paid,1,SHP-0281,Preparing,TRK100561,Ukraine,Lviv,Soborna 25
SEL-023,Seller SEL-023,sel-023@amazon-demo.local,Books>Technology>Software Engineering,ASIN-003-003,Patterns for Scalable Systems,Physical,76.49,USD,132,CUS-063,Customer CUS-063,cus-063@mail.local,ORD-0282,2026-01-23T18:22:00.000Z,Packed,2,SHP-0282,InTransit,TRK100562,Ukraine,Odesa,Centralna 7
SEL-024,Seller SEL-024,sel-024@amazon-demo.local,Home & Kitchen>Appliances>Coffee Machines,ASIN-004-004,Barista Smart Brewer,Digital,107.49,USD,133,CUS-064,Customer CUS-064,cus-064@mail.local,ORD-0282,2026-01-24T19:23:00.000Z,Shipped,3,SHP-0282,Delivered,TRK100563,Ukraine,Dnipro,Independence 18
SEL-025,Seller SEL-025,sel-025@amazon-demo.local,Toys & Games>Board Games>Strategy,ASIN-005-005,Kingdoms of Logic,Physical,138.49,USD,134,CUS-065,Customer CUS-065,cus-065@mail.local,ORD-0283,2026-01-25T08:24:00.000Z,Delivered,1,SHP-0283,Preparing,TRK100564,Ukraine,Kharkiv,Naukova 12
SEL-026,Seller SEL-026,sel-026@amazon-demo.local,Electronics>Computers>Laptops,ASIN-001-006,Nova Laptop 14,Physical,19.49,USD,135,CUS-066,Customer CUS-066,cus-066@mail.local,ORD-0283,2026-01-26T09:25:00.000Z,Created,2,SHP-0283,InTransit,TRK100565,Ukraine,Kyiv,Shevchenka 10
SEL-027,Seller SEL-027,sel-027@amazon-demo.local,Electronics>Audio>Headphones,ASIN-002-007,EchoSound Pro Headphones,Digital,50.49,USD,136,CUS-067,Customer CUS-067,cus-067@mail.local,ORD-0284,2026-01-27T10:26:00.000Z,Paid,3,SHP-0284,Delivered,TRK100566,Ukraine,Lviv,Soborna 25
SEL-028,Seller SEL-028,sel-028@amazon-demo.local,Books>Technology>Software Engineering,ASIN-003-008,Patterns for Scalable Systems,Physical,81.49,USD,137,CUS-068,Customer CUS-068,cus-068@mail.local,ORD-0284,2026-01-28T11:27:00.000Z,Packed,1,SHP-0284,Preparing,TRK100567,Ukraine,Odesa,Centralna 7
SEL-029,Seller SEL-029,sel-029@amazon-demo.local,Home & Kitchen>Appliances>Coffee Machines,ASIN-004-009,Barista Smart Brewer,Digital,112.49,USD,138,CUS-069,Customer CUS-069,cus-069@mail.local,ORD-0285,2026-01-29T12:28:00.000Z,Shipped,2,SHP-0285,InTransit,TRK100568,Ukraine,Dnipro,Independence 18
SEL-030,Seller SEL-030,sel-030@amazon-demo.local,Toys & Games>Board Games>Strategy,ASIN-005-010,Kingdoms of Logic,Physical,143.49,USD,139,CUS-070,Customer CUS-070,cus-070@mail.local,ORD-0285,2026-01-30T13:29:00.000Z,Delivered,3,SHP-0285,Delivered,TRK100569,Ukraine,Kharkiv,Naukova 12
SEL-031,Seller SEL-031,sel-031@amazon-demo.local,Electronics>Computers>Laptops,ASIN-001-011,Nova Laptop 14,Physical,24.49,USD,140,CUS-071,Customer CUS-071,cus-071@mail.local,ORD-0286,2026-01-31T14:30:00.000Z,Created,1,SHP-0286,Preparing,TRK100570,Ukraine,Kyiv,Shevchenka 10
SEL-032,Seller SEL-032,sel-032@amazon-demo.local,Electronics>Audio>Headphones,ASIN-002-012,EchoSound Pro Headphones,Digital,55.49,USD,141,CUS-072,Customer CUS-072,cus-072@mail.local,ORD-0286,2026-02-01T15:31:00.000Z,Paid,2,SHP-0286,InTransit,TRK100571,Ukraine,Lviv,Soborna 25
SEL-033,Seller SEL-033,sel-033@amazon-demo.local,Books>Technology>Software Engineering,ASIN-003-013,Patterns for Scalable Systems,Physical,86.49,USD,142,CUS-073,Customer CUS-073,cus-073@mail.local,ORD-0287,2026-02-02T16:32:00.000Z,Packed,3,SHP-0287,Delivered,TRK100572,Ukraine,Odesa,Centralna 7
SEL-034,Seller SEL-034,sel-034@amazon-demo.local,Home & Kitchen>Appliances>Coffee Machines,ASIN-004-014,Barista Smart Brewer,Digital,117.49,USD,143,CUS-074,Customer CUS-074,cus-074@mail.local,ORD-0287,2026-02-03T17:33:00.000Z,Shipped,1,SHP-0287,Preparing,TRK100573,Ukraine,Dnipro,Independence 18
SEL-035,Seller SEL-035,sel-035@amazon-demo.local,Toys & Games>Board Games>Strategy,ASIN-005-015,Kingdoms of Logic,Physical,148.49,USD,144,CUS-075,Customer CUS-075,cus-075@mail.local,ORD-0288,2026-02-04T18:34:00.000Z,Delivered,2,SHP-0288,InTransit,TRK100574,Ukraine,Kharkiv,Naukova 12
SEL-036,Seller SEL-036,sel-036@amazon-demo.local,Electronics>Computers>Laptops,ASIN-001-016,Nova Laptop 14,Physical,29.49,USD,145,CUS-076,Customer CUS-076,cus-076@mail.local,ORD-0288,2026-02-05T19:35:00.000Z,Created,3,SHP-0288,Delivered,TRK100575,Ukraine,Kyiv,Shevchenka 10
SEL-037,Seller SEL-037,sel-037@amazon-demo.local,Electronics>Audio>Headphones,ASIN-002-017,EchoSound Pro Headphones,Digital,60.49,USD,146,CUS-077,Customer CUS-077,cus-077@mail.local,ORD-0289,2026-02-06T08:36:00.000Z,Paid,1,SHP-0289,Preparing,TRK100576,Ukraine,Lviv,Soborna 25
SEL-038,Seller SEL-038,sel-038@amazon-demo.local,Books>Technology>Software Engineering,ASIN-003-018,Patterns for Scalable Systems,Physical,91.49,USD,147,CUS-078,Customer CUS-078,cus-078@mail.local,ORD-0289,2026-02-07T09:37:00.000Z,Packed,2,SHP-0289,InTransit,TRK100577,Ukraine,Odesa,Centralna 7
SEL-039,Seller SEL-039,sel-039@amazon-demo.local,Home & Kitchen>Appliances>Coffee Machines,ASIN-004-019,Barista Smart Brewer,Digital,105.49,USD,148,CUS-079,Customer CUS-079,cus-079@mail.local,ORD-0290,2026-02-08T10:38:00.000Z,Shipped,3,SHP-0290,Delivered,TRK100578,Ukraine,Dnipro,Independence 18
SEL-040,Seller SEL-040,sel-040@amazon-demo.local,Toys & Games>Board Games>Strategy,ASIN-005-020,Kingdoms of Logic,Physical,136.49,USD,149,CUS-080,Customer CUS-080,cus-080@mail.local,ORD-0290,2026-02-09T11:39:00.000Z,Delivered,1,SHP-0290,Preparing,TRK100579,Ukraine,Kharkiv,Naukova 12
SEL-041,Seller SEL-041,sel-041@amazon-demo.local,Electronics>Computers>Laptops,ASIN-001-021,Nova Laptop 14,Physical,17.49,USD,150,CUS-081,Customer CUS-081,cus-081@mail.local,ORD-0291,2026-02-10T12:40:00.000Z,Created,2,SHP-0291,InTransit,TRK100580,Ukraine,Kyiv,Shevchenka 10
SEL-042,Seller SEL-042,sel-042@amazon-demo.local,Electronics>Audio>Headphones,ASIN-002-022,EchoSound Pro Headphones,Digital,48.49,USD,151,CUS-082,Customer CUS-082,cus-082@mail.local,ORD-0291,2026-02-11T13:41:00.000Z,Paid,3,SHP-0291,Delivered,TRK100581,Ukraine,Lviv,Soborna 25
SEL-043,Seller SEL-043,sel-043@amazon-demo.local,Books>Technology>Software Engineering,ASIN-003-023,Patterns for Scalable Systems,Physical,79.49,USD,152,CUS-083,Customer CUS-083,cus-083@mail.local,ORD-0292,2026-02-12T14:42:00.000Z,Packed,1,SHP-0292,Preparing,TRK100582,Ukraine,Odesa,Centralna 7
SEL-044,Seller SEL-044,sel-044@amazon-demo.local,Home & Kitchen>Appliances>Coffee Machines,ASIN-004-024,Barista Smart Brewer,Digital,110.49,USD,153,CUS-084,Customer CUS-084,cus-084@mail.local,ORD-0292,2026-02-13T15:43:00.000Z,Shipped,2,SHP-0292,InTransit,TRK100583,Ukraine,Dnipro,Independence 18
SEL-045,Seller SEL-045,sel-045@amazon-demo.local,Toys & Games>Board Games>Strategy,ASIN-005-025,Kingdoms of Logic,Physical,141.49,USD,154,CUS-085,Customer CUS-085,cus-085@mail.local,ORD-0293,2026-02-14T16:44:00.000Z,Delivered,3,SHP-0293,Delivered,TRK100584,Ukraine,Kharkiv,Naukova 12
SEL-046,Seller SEL-046,sel-046@amazon-demo.local,Electronics>Computers>Laptops,ASIN-001-026,Nova Laptop 14,Physical,22.49,USD,155,CUS-086,Customer CUS-086,cus-086@mail.local,ORD-0293,2026-02-15T17:45:00.000Z,Created,1,SHP-0293,Preparing,TRK100585,Ukraine,Kyiv,Shevchenka 10
SEL-047,Seller SEL-047,sel-047@amazon-demo.local,Electronics>Audio>Headphones,ASIN-002-027,EchoSound Pro Headphones,Digital,53.49,USD,156,CUS-087,Customer CUS-087,cus-087@mail.local,ORD-0294,2026-02-16T18:46:00.000Z,Paid,2,SHP-0294,InTransit,TRK100586,Ukraine,Lviv,Soborna 25
SEL-048,Seller SEL-048,sel-048@amazon-demo.local,Books>Technology>Software Engineering,ASIN-003-028,Patterns for Scalable Systems,Physical,84.49,USD,157,CUS-088,Customer CUS-088,cus-088@mail.local,ORD-0294,2026-02-17T19:47:00.000Z,Packed,3,SHP-0294,Delivered,TRK100587,Ukraine,Odesa,Centralna 7
SEL-049,Seller SEL-049,sel-049@amazon-demo.local,Home & Kitchen>Appliances>Coffee Machines,ASIN-004-029,Barista Smart Brewer,Digital,115.49,USD,158,CUS-089,Customer CUS-089,cus-089@mail.local,ORD-0295,2026-02-18T08:48:00.000Z,Shipped,1,SHP-0295,Preparing,TRK100588,Ukraine,Dnipro,Independence 18
SEL-050,Seller SEL-050,sel-050@amazon-demo.local,Toys & Games>Board Games>Strategy,ASIN-005-030,Kingdoms of Logic,Physical,146.49,USD,159,CUS-090,Customer CUS-090,cus-090@mail.local,ORD-0295,2026-02-19T09:49:00.000Z,Delivered,2,SHP-0295,InTransit,TRK100589,Ukraine,Kharkiv,Naukova 12
SEL-051,Seller SEL-051,sel-051@amazon-demo.local,Electronics>Computers>Laptops,ASIN-001-031,Nova Laptop 14,Physical,27.49,USD,160,CUS-091,Customer CUS-091,cus-091@mail.local,ORD-0296,2026-02-20T10:50:00.000Z,Created,3,SHP-0296,Delivered,TRK100590,Ukraine,Kyiv,Shevchenka 10
SEL-052,Seller SEL-052,sel-052@amazon-demo.local,Electronics>Audio>Headphones,ASIN-002-032,EchoSound Pro Headphones,Digital,58.49,USD,161,CUS-092,Customer CUS-092,cus-092@mail.local,ORD-0296,2026-02-21T11:51:00.000Z,Paid,1,SHP-0296,Preparing,TRK100591,Ukraine,Lviv,Soborna 25
SEL-053,Seller SEL-053,sel-053@amazon-demo.local,Books>Technology>Software Engineering,ASIN-003-033,Patterns for Scalable Systems,Physical,89.49,USD,162,CUS-093,Customer CUS-093,cus-093@mail.local,ORD-0297,2026-02-22T12:52:00.000Z,Packed,2,SHP-0297,InTransit,TRK100592,Ukraine,Odesa,Centralna 7
SEL-054,Seller SEL-054,sel-054@amazon-demo.local,Home & Kitchen>Appliances>Coffee Machines,ASIN-004-034,Barista Smart Brewer,Digital,120.49,USD,163,CUS-094,Customer CUS-094,cus-094@mail.local,ORD-0297,2026-02-23T13:53:00.000Z,Shipped,3,SHP-0297,Delivered,TRK100593,Ukraine,Dnipro,Independence 18
SEL-055,Seller SEL-055,sel-055@amazon-demo.local,Toys & Games>Board Games>Strategy,ASIN-005-035,Kingdoms of Logic,Physical,151.49,USD,164,CUS-095,Customer CUS-095,cus-095@mail.local,ORD-0298,2026-02-24T14:54:00.000Z,Delivered,1,SHP-0298,Preparing,TRK100594,Ukraine,Kharkiv,Naukova 12
SEL-056,Seller SEL-056,sel-056@amazon-demo.local,Electronics>Computers>Laptops,ASIN-001-036,Nova Laptop 14,Physical,15.49,USD,165,CUS-096,Customer CUS-096,cus-096@mail.local,ORD-0298,2026-02-25T15:55:00.000Z,Created,2,SHP-0298,InTransit,TRK100595,Ukraine,Kyiv,Shevchenka 10
SEL-057,Seller SEL-057,sel-057@amazon-demo.local,Electronics>Audio>Headphones,ASIN-002-037,EchoSound Pro Headphones,Digital,46.49,USD,166,CUS-097,Customer CUS-097,cus-097@mail.local,ORD-0299,2026-02-26T16:56:00.000Z,Paid,3,SHP-0299,Delivered,TRK100596,Ukraine,Lviv,Soborna 25
SEL-058,Seller SEL-058,sel-058@amazon-demo.local,Books>Technology>Software Engineering,ASIN-003-038,Patterns for Scalable Systems,Physical,77.49,USD,167,CUS-098,Customer CUS-098,cus-098@mail.local,ORD-0299,2026-02-27T17:57:00.000Z,Packed,1,SHP-0299,Preparing,TRK100597,Ukraine,Odesa,Centralna 7
SEL-059,Seller SEL-059,sel-059@amazon-demo.local,Home & Kitchen>Appliances>Coffee Machines,ASIN-004-039,Barista Smart Brewer,Digital,108.49,USD,168,CUS-099,Customer CUS-099,cus-099@mail.local,ORD-0300,2026-02-28T18:58:00.000Z,Shipped,2,SHP-0300,InTransit,TRK100598,Ukraine,Dnipro,Independence 18
SEL-060,Seller SEL-060,sel-060@amazon-demo.local,Toys & Games>Board Games>Strategy,ASIN-005-040,Kingdoms of Logic,Physical,139.49,USD,169,CUS-100,Customer CUS-100,cus-100@mail.local,ORD-0300,2026-03-01T19:59:00.000Z,Delivered,3,SHP-0300,Delivered,TRK100599,Ukraine,Kharkiv,Naukova 12
SEL-001,Seller SEL-001,sel-001@amazon-demo.local,Electronics>Computers>Laptops,ASIN-001-041,Nova Laptop 14,Physical,20.49,USD,20,CUS-101,Customer CUS-101,cus-101@mail.local,ORD-0301,2026-03-02T08:00:00.000Z,Created,1,SHP-0301,Preparing,TRK100600,Ukraine,Kyiv,Shevchenka 10
SEL-002,Seller SEL-002,sel-002@amazon-demo.local,Electronics>Audio>Headphones,ASIN-002-042,EchoSound Pro Headphones,Digital,51.49,USD,21,CUS-102,Customer CUS-102,cus-102@mail.local,ORD-0301,2026-03-03T09:01:00.000Z,Paid,2,SHP-0301,InTransit,TRK100601,Ukraine,Lviv,Soborna 25
SEL-003,Seller SEL-003,sel-003@amazon-demo.local,Books>Technology>Software Engineering,ASIN-003-043,Patterns for Scalable Systems,Physical,82.49,USD,22,CUS-103,Customer CUS-103,cus-103@mail.local,ORD-0302,2026-03-04T10:02:00.000Z,Packed,3,SHP-0302,Delivered,TRK100602,Ukraine,Odesa,Centralna 7
SEL-004,Seller SEL-004,sel-004@amazon-demo.local,Home & Kitchen>Appliances>Coffee Machines,ASIN-004-044,Barista Smart Brewer,Digital,113.49,USD,23,CUS-104,Customer CUS-104,cus-104@mail.local,ORD-0302,2026-03-05T11:03:00.000Z,Shipped,1,SHP-0302,Preparing,TRK100603,Ukraine,Dnipro,Independence 18
SEL-005,Seller SEL-005,sel-005@amazon-demo.local,Toys & Games>Board Games>Strategy,ASIN-005-045,Kingdoms of Logic,Physical,144.49,USD,24,CUS-105,Customer CUS-105,cus-105@mail.local,ORD-0303,2026-03-06T12:04:00.000Z,Delivered,2,SHP-0303,InTransit,TRK100604,Ukraine,Kharkiv,Naukova 12
SEL-006,Seller SEL-006,sel-006@amazon-demo.local,Electronics>Computers>Laptops,ASIN-001-046,Nova Laptop 14,Physical,25.49,USD,25,CUS-106,Customer CUS-106,cus-106@mail.local,ORD-0303,2026-03-07T13:05:00.000Z,Created,3,SHP-0303,Delivered,TRK100605,Ukraine,Kyiv,Shevchenka 10
SEL-007,Seller SEL-007,sel-007@amazon-demo.local,Electronics>Audio>Headphones,ASIN-002-047,EchoSound Pro Headphones,Digital,56.49,USD,26,CUS-107,Customer CUS-107,cus-107@mail.local,ORD-0304,2026-03-08T14:06:00.000Z,Paid,1,SHP-0304,Preparing,TRK100606,Ukraine,Lviv,Soborna 25
SEL-008,Seller SEL-008,sel-008@amazon-demo.local,Books>Technology>Software Engineering,ASIN-003-048,Patterns for Scalable Systems,Physical,87.49,USD,27,CUS-108,Customer CUS-108,cus-108@mail.local,ORD-0304,2026-03-09T15:07:00.000Z,Packed,2,SHP-0304,InTransit,TRK100607,Ukraine,Odesa,Centralna 7
SEL-009,Seller SEL-009,sel-009@amazon-demo.local,Home & Kitchen>Appliances>Coffee Machines,ASIN-004-049,Barista Smart Brewer,Digital,118.49,USD,28,CUS-109,Customer CUS-109,cus-109@mail.local,ORD-0305,2026-03-10T16:08:00.000Z,Shipped,3,SHP-0305,Delivered,TRK100608,Ukraine,Dnipro,Independence 18
SEL-010,Seller SEL-010,sel-010@amazon-demo.local,Toys & Games>Board Games>Strategy,ASIN-005-050,Kingdoms of Logic,Physical,149.49,USD,29,CUS-110,Customer CUS-110,cus-110@mail.local,ORD-0305,2026-03-11T17:09:00.000Z,Delivered,1,SHP-0305,Preparing,TRK100609,Ukraine,Kharkiv,Naukova 12
SEL-011,Seller SEL-011,sel-011@amazon-demo.local,Electronics>Computers>Laptops,ASIN-001-051,Nova Laptop 14,Physical,30.49,USD,30,CUS-111,Customer CUS-111,cus-111@mail.local,ORD-0306,2026-03-12T18:10:00.000Z,Created,2,SHP-0306,InTransit,TRK100610,Ukraine,Kyiv,Shevchenka 10
SEL-012,Seller SEL-012,sel-012@amazon-demo.local,Electronics>Audio>Headphones,ASIN-002-052,EchoSound Pro Headphones,Digital,61.49,USD,31,CUS-112,Customer CUS-112,cus-112@mail.local,ORD-0306,2026-03-13T19:11:00.000Z,Paid,3,SHP-0306,Delivered,TRK100611,Ukraine,Lviv,Soborna 25
SEL-013,Seller SEL-013,sel-013@amazon-demo.local,Books>Technology>Software Engineering,ASIN-003-053,Patterns for Scalable Systems,Physical,75.49,USD,32,CUS-113,Customer CUS-113,cus-113@mail.local,ORD-0307,2026-03-14T08:12:00.000Z,Packed,1,SHP-0307,Preparing,TRK100612,Ukraine,Odesa,Centralna 7
SEL-014,Seller SEL-014,sel-014@amazon-demo.local,Home & Kitchen>Appliances>Coffee Machines,ASIN-004-054,Barista Smart Brewer,Digital,106.49,USD,33,CUS-114,Customer CUS-114,cus-114@mail.local,ORD-0307,2026-03-15T09:13:00.000Z,Shipped,2,SHP-0307,InTransit,TRK100613,Ukraine,Dnipro,Independence 18
SEL-015,Seller SEL-015,sel-015@amazon-demo.local,Toys & Games>Board Games>Strategy,ASIN-005-055,Kingdoms of Logic,Physical,137.49,USD,34,CUS-115,Customer CUS-115,cus-115@mail.local,ORD-0308,2026-03-16T10:14:00.000Z,Delivered,3,SHP-0308,Delivered,TRK100614,Ukraine,Kharkiv,Naukova 12
SEL-016,Seller SEL-016,sel-016@amazon-demo.local,Electronics>Computers>Laptops,ASIN-001-056,Nova Laptop 14,Physical,18.49,USD,35,CUS-116,Customer CUS-116,cus-116@mail.local,ORD-0308,2026-03-17T11:15:00.000Z,Created,1,SHP-0308,Preparing,TRK100615,Ukraine,Kyiv,Shevchenka 10
SEL-017,Seller SEL-017,sel-017@amazon-demo.local,Electronics>Audio>Headphones,ASIN-002-057,EchoSound Pro Headphones,Digital,49.49,USD,36,CUS-117,Customer CUS-117,cus-117@mail.local,ORD-0309,2026-03-18T12:16:00.000Z,Paid,2,SHP-0309,InTransit,TRK100616,Ukraine,Lviv,Soborna 25
SEL-018,Seller SEL-018,sel-018@amazon-demo.local,Books>Technology>Software Engineering,ASIN-003-058,Patterns for Scalable Systems,Physical,80.49,USD,37,CUS-118,Customer CUS-118,cus-118@mail.local,ORD-0309,2026-03-19T13:17:00.000Z,Packed,3,SHP-0309,Delivered,TRK100617,Ukraine,Odesa,Centralna 7
SEL-019,Seller SEL-019,sel-019@amazon-demo.local,Home & Kitchen>Appliances>Coffee Machines,ASIN-004-059,Barista Smart Brewer,Digital,111.49,USD,38,CUS-119,Customer CUS-119,cus-119@mail.local,ORD-0310,2026-03-20T14:18:00.000Z,Shipped,1,SHP-0310,Preparing,TRK100618,Ukraine,Dnipro,Independence 18
SEL-020,Seller SEL-020,sel-020@amazon-demo.local,Toys & Games>Board Games>Strategy,ASIN-005-060,Kingdoms of Logic,Physical,142.49,USD,39,CUS-120,Customer CUS-120,cus-120@mail.local,ORD-0310,2026-03-21T15:19:00.000Z,Delivered,2,SHP-0310,InTransit,TRK100619,Ukraine,Kharkiv,Naukova 12
SEL-021,Seller SEL-021,sel-021@amazon-demo.local,Electronics>Computers>Laptops,ASIN-001-061,Nova Laptop 14,Physical,23.49,USD,40,CUS-121,Customer CUS-121,cus-121@mail.local,ORD-0311,2026-03-22T16:20:00.000Z,Created,3,SHP-0311,Delivered,TRK100620,Ukraine,Kyiv,Shevchenka 10
SEL-022,Seller SEL-022,sel-022@amazon-demo.local,Electronics>Audio>Headphones,ASIN-002-062,EchoSound Pro Headphones,Digital,54.49,USD,41,CUS-122,Customer CUS-122,cus-122@mail.local,ORD-0311,2026-03-23T17:21:00.000Z,Paid,1,SHP-0311,Preparing,TRK100621,Ukraine,Lviv,Soborna 25
SEL-023,Seller SEL-023,sel-023@amazon-demo.local,Books>Technology>Software Engineering,ASIN-003-063,Patterns for Scalable Systems,Physical,85.49,USD,42,CUS-123,Customer CUS-123,cus-123@mail.local,ORD-0312,2026-03-24T18:22:00.000Z,Packed,2,SHP-0312,InTransit,TRK100622,Ukraine,Odesa,Centralna 7
SEL-024,Seller SEL-024,sel-024@amazon-demo.local,Home & Kitchen>Appliances>Coffee Machines,ASIN-004-064,Barista Smart Brewer,Digital,116.49,USD,43,CUS-124,Customer CUS-124,cus-124@mail.local,ORD-0312,2026-03-25T19:23:00.000Z,Shipped,3,SHP-0312,Delivered,TRK100623,Ukraine,Dnipro,Independence 18
SEL-025,Seller SEL-025,sel-025@amazon-demo.local,Toys & Games>Board Games>Strategy,ASIN-005-065,Kingdoms of Logic,Physical,147.49,USD,44,CUS-125,Customer CUS-125,cus-125@mail.local,ORD-0313,2026-03-26T08:24:00.000Z,Delivered,1,SHP-0313,Preparing,TRK100624,Ukraine,Kharkiv,Naukova 12
SEL-026,Seller SEL-026,sel-026@amazon-demo.local,Electronics>Computers>Laptops,ASIN-001-066,Nova Laptop 14,Physical,28.49,USD,45,CUS-126,Customer CUS-126,cus-126@mail.local,ORD-0313,2026-03-27T09:25:00.000Z,Created,2,SHP-0313,InTransit,TRK100625,Ukraine,Kyiv,Shevchenka 10
SEL-027,Seller SEL-027,sel-027@amazon-demo.local,Electronics>Audio>Headphones,ASIN-002-067,EchoSound Pro Headphones,Digital,59.49,USD,46,CUS-127,Customer CUS-127,cus-127@mail.local,ORD-0314,2026-03-28T10:26:00.000Z,Paid,3,SHP-0314,Delivered,TRK100626,Ukraine,Lviv,Soborna 25
SEL-028,Seller SEL-028,sel-028@amazon-demo.local,Books>Technology>Software Engineering,ASIN-003-068,Patterns for Scalable Systems,Physical,90.49,USD,47,CUS-128,Customer CUS-128,cus-128@mail.local,ORD-0314,2026-03-29T11:27:00.000Z,Packed,1,SHP-0314,Preparing,TRK100627,Ukraine,Odesa,Centralna 7
SEL-029,Seller SEL-029,sel-029@amazon-demo.local,Home & Kitchen>Appliances>Coffee Machines,ASIN-004-069,Barista Smart Brewer,Digital,121.49,USD,48,CUS-129,Customer CUS-129,cus-129@mail.local,ORD-0315,2026-03-30T12:28:00.000Z,Shipped,2,SHP-0315,InTransit,TRK100628,Ukraine,Dnipro,Independence 18
SEL-030,Seller SEL-030,sel-030@amazon-demo.local,Toys & Games>Board Games>Strategy,ASIN-005-070,Kingdoms of Logic,Physical,135.49,USD,49,CUS-130,Customer CUS-130,cus-130@mail.local,ORD-0315,2026-03-31T13:29:00.000Z,Delivered,3,SHP-0315,Delivered,TRK100629,Ukraine,Kharkiv,Naukova 12
SEL-031,Seller SEL-031,sel-031@amazon-demo.local,Electronics>Computers>Laptops,ASIN-001-071,Nova Laptop 14,Physical,16.49,USD,50,CUS-131,Customer CUS-131,cus-131@mail.local,ORD-0316,2026-01-01T14:30:00.000Z,Created,1,SHP-0316,Preparing,TRK100630,Ukraine,Kyiv,Shevchenka 10
SEL-032,Seller SEL-032,sel-032@amazon-demo.local,Electronics>Audio>Headphones,ASIN-002-072,EchoSound Pro Headphones,Digital,47.49,USD,51,CUS-132,Customer CUS-132,cus-132@mail.local,ORD-0316,2026-01-02T15:31:00.000Z,Paid,2,SHP-0316,InTransit,TRK100631,Ukraine,Lviv,Soborna 25
SEL-033,Seller SEL-033,sel-033@amazon-demo.local,Books>Technology>Software Engineering,ASIN-003-073,Patterns for Scalable Systems,Physical,78.49,USD,52,CUS-133,Customer CUS-133,cus-133@mail.local,ORD-0317,2026-01-03T16:32:00.000Z,Packed,3,SHP-0317,Delivered,TRK100632,Ukraine,Odesa,Centralna 7
SEL-034,Seller SEL-034,sel-034@amazon-demo.local,Home & Kitchen>Appliances>Coffee Machines,ASIN-004-074,Barista Smart Brewer,Digital,109.49,USD,53,CUS-134,Customer CUS-134,cus-134@mail.local,ORD-0317,2026-01-04T17:33:00.000Z,Shipped,1,SHP-0317,Preparing,TRK100633,Ukraine,Dnipro,Independence 18
SEL-035,Seller SEL-035,sel-035@amazon-demo.local,Toys & Games>Board Games>Strategy,ASIN-005-075,Kingdoms of Logic,Physical,140.49,USD,54,CUS-135,Customer CUS-135,cus-135@mail.local,ORD-0318,2026-01-05T18:34:00.000Z,Delivered,2,SHP-0318,InTransit,TRK100634,Ukraine,Kharkiv,Naukova 12
SEL-036,Seller SEL-036,sel-036@amazon-demo.local,Electronics>Computers>Laptops,ASIN-001-076,Nova Laptop 14,Physical,21.49,USD,55,CUS-136,Customer CUS-136,cus-136@mail.local,ORD-0318,2026-01-06T19:35:00.000Z,Created,3,SHP-0318,Delivered,TRK100635,Ukraine,Kyiv,Shevchenka 10
SEL-037,Seller SEL-037,sel-037@amazon-demo.local,Electronics>Audio>Headphones,ASIN-002-077,EchoSound Pro Headphones,Digital,52.49,USD,56,CUS-137,Customer CUS-137,cus-137@mail.local,ORD-0319,2026-01-07T08:36:00.000Z,Paid,1,SHP-0319,Preparing,TRK100636,Ukraine,Lviv,Soborna 25
SEL-038,Seller SEL-038,sel-038@amazon-demo.local,Books>Technology>Software Engineering,ASIN-003-078,Patterns for Scalable Systems,Physical,83.49,USD,57,CUS-138,Customer CUS-138,cus-138@mail.local,ORD-0319,2026-01-08T09:37:00.000Z,Packed,2,SHP-0319,InTransit,TRK100637,Ukraine,Odesa,Centralna 7
SEL-039,Seller SEL-039,sel-039@amazon-demo.local,Home & Kitchen>Appliances>Coffee Machines,ASIN-004-079,Barista Smart Brewer,Digital,114.49,USD,58,CUS-139,Customer CUS-139,cus-139@mail.local,ORD-0320,2026-01-09T10:38:00.000Z,Shipped,3,SHP-0320,Delivered,TRK100638,Ukraine,Dnipro,Independence 18
SEL-040,Seller SEL-040,sel-040@amazon-demo.local,Toys & Games>Board Games>Strategy,ASIN-005-080,Kingdoms of Logic,Physical,145.49,USD,59,CUS-140,Customer CUS-140,cus-140@mail.local,ORD-0320,2026-01-10T11:39:00.000Z,Delivered,1,SHP-0320,Preparing,TRK100639,Ukraine,Kharkiv,Naukova 12
SEL-041,Seller SEL-041,sel-041@amazon-demo.local,Electronics>Computers>Laptops,ASIN-001-001,Nova Laptop 14,Physical,26.49,USD,60,CUS-141,Customer CUS-141,cus-141@mail.local,ORD-0321,2026-01-11T12:40:00.000Z,Created,2,SHP-0321,InTransit,TRK100640,Ukraine,Kyiv,Shevchenka 10
SEL-042,Seller SEL-042,sel-042@amazon-demo.local,Electronics>Audio>Headphones,ASIN-002-002,EchoSound Pro Headphones,Digital,57.49,USD,61,CUS-142,Customer CUS-142,cus-142@mail.local,ORD-0321,2026-01-12T13:41:00.000Z,Paid,3,SHP-0321,Delivered,TRK100641,Ukraine,Lviv,Soborna 25
SEL-043,Seller SEL-043,sel-043@amazon-demo.local,Books>Technology>Software Engineering,ASIN-003-003,Patterns for Scalable Systems,Physical,88.49,USD,62,CUS-143,Customer CUS-143,cus-143@mail.local,ORD-0322,2026-01-13T14:42:00.000Z,Packed,1,SHP-0322,Preparing,TRK100642,Ukraine,Odesa,Centralna 7
SEL-044,Seller SEL-044,sel-044@amazon-demo.local,Home & Kitchen>Appliances>Coffee Machines,ASIN-004-004,Barista Smart Brewer,Digital,119.49,USD,63,CUS-144,Customer CUS-144,cus-144@mail.local,ORD-0322,2026-01-14T15:43:00.000Z,Shipped,2,SHP-0322,InTransit,TRK100643,Ukraine,Dnipro,Independence 18
SEL-045,Seller SEL-045,sel-045@amazon-demo.local,Toys & Games>Board Games>Strategy,ASIN-005-005,Kingdoms of Logic,Physical,150.49,USD,64,CUS-145,Customer CUS-145,cus-145@mail.local,ORD-0323,2026-01-15T16:44:00.000Z,Delivered,3,SHP-0323,Delivered,TRK100644,Ukraine,Kharkiv,Naukova 12
SEL-046,Seller SEL-046,sel-046@amazon-demo.local,Electronics>Computers>Laptops,ASIN-001-006,Nova Laptop 14,Physical,31.49,USD,65,CUS-146,Customer CUS-146,cus-146@mail.local,ORD-0323,2026-01-16T17:45:00.000Z,Created,1,SHP-0323,Preparing,TRK100645,Ukraine,Kyiv,Shevchenka 10
SEL-047,Seller SEL-047,sel-047@amazon-demo.local,Electronics>Audio>Headphones,ASIN-002-007,EchoSound Pro Headphones,Digital,45.49,USD,66,CUS-147,Customer CUS-147,cus-147@mail.local,ORD-0324,2026-01-17T18:46:00.000Z,Paid,2,SHP-0324,InTransit,TRK100646,Ukraine,Lviv,Soborna 25
SEL-048,Seller SEL-048,sel-048@amazon-demo.local,Books>Technology>Software Engineering,ASIN-003-008,Patterns for Scalable Systems,Physical,76.49,USD,67,CUS-148,Customer CUS-148,cus-148@mail.local,ORD-0324,2026-01-18T19:47:00.000Z,Packed,3,SHP-0324,Delivered,TRK100647,Ukraine,Odesa,Centralna 7
SEL-049,Seller SEL-049,sel-049@amazon-demo.local,Home & Kitchen>Appliances>Coffee Machines,ASIN-004-009,Barista Smart Brewer,Digital,107.49,USD,68,CUS-149,Customer CUS-149,cus-149@mail.local,ORD-0325,2026-01-19T08:48:00.000Z,Shipped,1,SHP-0325,Preparing,TRK100648,Ukraine,Dnipro,Independence 18
SEL-050,Seller SEL-050,sel-050@amazon-demo.local,Toys & Games>Board Games>Strategy,ASIN-005-010,Kingdoms of Logic,Physical,138.49,USD,69,CUS-150,Customer CUS-150,cus-150@mail.local,ORD-0325,2026-01-20T09:49:00.000Z,Delivered,2,SHP-0325,InTransit,TRK100649,Ukraine,Kharkiv,Naukova 12
SEL-051,Seller SEL-051,sel-051@amazon-demo.local,Electronics>Computers>Laptops,ASIN-001-011,Nova Laptop 14,Physical,19.49,USD,70,CUS-151,Customer CUS-151,cus-151@mail.local,ORD-0326,2026-01-21T10:50:00.000Z,Created,3,SHP-0326,Delivered,TRK100650,Ukraine,Kyiv,Shevchenka 10
SEL-052,Seller SEL-052,sel-052@amazon-demo.local,Electronics>Audio>Headphones,ASIN-002-012,EchoSound Pro Headphones,Digital,50.49,USD,71,CUS-152,Customer CUS-152,cus-152@mail.local,ORD-0326,2026-01-22T11:51:00.000Z,Paid,1,SHP-0326,Preparing,TRK100651,Ukraine,Lviv,Soborna 25
SEL-053,Seller SEL-053,sel-053@amazon-demo.local,Books>Technology>Software Engineering,ASIN-003-013,Patterns for Scalable Systems,Physical,81.49,USD,72,CUS-153,Customer CUS-153,cus-153@mail.local,ORD-0327,2026-01-23T12:52:00.000Z,Packed,2,SHP-0327,InTransit,TRK100652,Ukraine,Odesa,Centralna 7
SEL-054,Seller SEL-054,sel-054@amazon-demo.local,Home & Kitchen>Appliances>Coffee Machines,ASIN-004-014,Barista Smart Brewer,Digital,112.49,USD,73,CUS-154,Customer CUS-154,cus-154@mail.local,ORD-0327,2026-01-24T13:53:00.000Z,Shipped,3,SHP-0327,Delivered,TRK100653,Ukraine,Dnipro,Independence 18
SEL-055,Seller SEL-055,sel-055@amazon-demo.local,Toys & Games>Board Games>Strategy,ASIN-005-015,Kingdoms of Logic,Physical,143.49,USD,74,CUS-155,Customer CUS-155,cus-155@mail.local,ORD-0328,2026-01-25T14:54:00.000Z,Delivered,1,SHP-0328,Preparing,TRK100654,Ukraine,Kharkiv,Naukova 12
SEL-056,Seller SEL-056,sel-056@amazon-demo.local,Electronics>Computers>Laptops,ASIN-001-016,Nova Laptop 14,Physical,24.49,USD,75,CUS-156,Customer CUS-156,cus-156@mail.local,ORD-0328,2026-01-26T15:55:00.000Z,Created,2,SHP-0328,InTransit,TRK100655,Ukraine,Kyiv,Shevchenka 10
SEL-057,Seller SEL-057,sel-057@amazon-demo.local,Electronics>Audio>Headphones,ASIN-002-017,EchoSound Pro Headphones,Digital,55.49,USD,76,CUS-157,Customer CUS-157,cus-157@mail.local,ORD-0329,2026-01-27T16:56:00.000Z,Paid,3,SHP-0329,Delivered,TRK100656,Ukraine,Lviv,Soborna 25
SEL-058,Seller SEL-058,sel-058@amazon-demo.local,Books>Technology>Software Engineering,ASIN-003-018,Patterns for Scalable Systems,Physical,86.49,USD,77,CUS-158,Customer CUS-158,cus-158@mail.local,ORD-0329,2026-01-28T17:57:00.000Z,Packed,1,SHP-0329,Preparing,TRK100657,Ukraine,Odesa,Centralna 7
SEL-059,Seller SEL-059,sel-059@amazon-demo.local,Home & Kitchen>Appliances>Coffee Machines,ASIN-004-019,Barista Smart Brewer,Digital,117.49,USD,78,CUS-159,Customer CUS-159,cus-159@mail.local,ORD-0330,2026-01-29T18:58:00.000Z,Shipped,2,SHP-0330,InTransit,TRK100658,Ukraine,Dnipro,Independence 18
SEL-060,Seller SEL-060,sel-060@amazon-demo.local,Toys & Games>Board Games>Strategy,ASIN-005-020,Kingdoms of Logic,Physical,148.49,USD,79,CUS-160,Customer CUS-160,cus-160@mail.local,ORD-0330,2026-01-30T19:59:00.000Z,Delivered,3,SHP-0330,Delivered,TRK100659,Ukraine,Kharkiv,Naukova 12
SEL-001,Seller SEL-001,sel-001@amazon-demo.local,Electronics>Computers>Laptops,ASIN-001-021,Nova Laptop 14,Physical,29.49,USD,80,CUS-161,Customer CUS-161,cus-161@mail.local,ORD-0331,2026-01-31T08:00:00.000Z,Created,1,SHP-0331,Preparing,TRK100660,Ukraine,Kyiv,Shevchenka 10
SEL-002,Seller SEL-002,sel-002@amazon-demo.local,Electronics>Audio>Headphones,ASIN-002-022,EchoSound Pro Headphones,Digital,60.49,USD,81,CUS-162,Customer CUS-162,cus-162@mail.local,ORD-0331,2026-02-01T09:01:00.000Z,Paid,2,SHP-0331,InTransit,TRK100661,Ukraine,Lviv,Soborna 25
SEL-003,Seller SEL-003,sel-003@amazon-demo.local,Books>Technology>Software Engineering,ASIN-003-023,Patterns for Scalable Systems,Physical,91.49,USD,82,CUS-163,Customer CUS-163,cus-163@mail.local,ORD-0332,2026-02-02T10:02:00.000Z,Packed,3,SHP-0332,Delivered,TRK100662,Ukraine,Odesa,Centralna 7
SEL-004,Seller SEL-004,sel-004@amazon-demo.local,Home & Kitchen>Appliances>Coffee Machines,ASIN-004-024,Barista Smart Brewer,Digital,105.49,USD,83,CUS-164,Customer CUS-164,cus-164@mail.local,ORD-0332,2026-02-03T11:03:00.000Z,Shipped,1,SHP-0332,Preparing,TRK100663,Ukraine,Dnipro,Independence 18
SEL-005,Seller SEL-005,sel-005@amazon-demo.local,Toys & Games>Board Games>Strategy,ASIN-005-025,Kingdoms of Logic,Physical,136.49,USD,84,CUS-165,Customer CUS-165,cus-165@mail.local,ORD-0333,2026-02-04T12:04:00.000Z,Delivered,2,SHP-0333,InTransit,TRK100664,Ukraine,Kharkiv,Naukova 12
SEL-006,Seller SEL-006,sel-006@amazon-demo.local,Electronics>Computers>Laptops,ASIN-001-026,Nova Laptop 14,Physical,17.49,USD,85,CUS-166,Customer CUS-166,cus-166@mail.local,ORD-0333,2026-02-05T13:05:00.000Z,Created,3,SHP-0333,Delivered,TRK100665,Ukraine,Kyiv,Shevchenka 10
SEL-007,Seller SEL-007,sel-007@amazon-demo.local,Electronics>Audio>Headphones,ASIN-002-027,EchoSound Pro Headphones,Digital,48.49,USD,86,CUS-167,Customer CUS-167,cus-167@mail.local,ORD-0334,2026-02-06T14:06:00.000Z,Paid,1,SHP-0334,Preparing,TRK100666,Ukraine,Lviv,Soborna 25
SEL-008,Seller SEL-008,sel-008@amazon-demo.local,Books>Technology>Software Engineering,ASIN-003-028,Patterns for Scalable Systems,Physical,79.49,USD,87,CUS-168,Customer CUS-168,cus-168@mail.local,ORD-0334,2026-02-07T15:07:00.000Z,Packed,2,SHP-0334,InTransit,TRK100667,Ukraine,Odesa,Centralna 7
SEL-009,Seller SEL-009,sel-009@amazon-demo.local,Home & Kitchen>Appliances>Coffee Machines,ASIN-004-029,Barista Smart Brewer,Digital,110.49,USD,88,CUS-169,Customer CUS-169,cus-169@mail.local,ORD-0335,2026-02-08T16:08:00.000Z,Shipped,3,SHP-0335,Delivered,TRK100668,Ukraine,Dnipro,Independence 18
SEL-010,Seller SEL-010,sel-010@amazon-demo.local,Toys & Games>Board Games>Strategy,ASIN-005-030,Kingdoms of Logic,Physical,141.49,USD,89,CUS-170,Customer CUS-170,cus-170@mail.local,ORD-0335,2026-02-09T17:09:00.000Z,Delivered,1,SHP-0335,Preparing,TRK100669,Ukraine,Kharkiv,Naukova 12
SEL-011,Seller SEL-011,sel-011@amazon-demo.local,Electronics>Computers>Laptops,ASIN-001-031,Nova Laptop 14,Physical,22.49,USD,90,CUS-171,Customer CUS-171,cus-171@mail.local,ORD-0336,2026-02-10T18:10:00.000Z,Created,2,SHP-0336,InTransit,TRK100670,Ukraine,Kyiv,Shevchenka 10
SEL-012,Seller SEL-012,sel-012@amazon-demo.local,Electronics>Audio>Headphones,ASIN-002-032,EchoSound Pro Headphones,Digital,53.49,USD,91,CUS-172,Customer CUS-172,cus-172@mail.local,ORD-0336,2026-02-11T19:11:00.000Z,Paid,3,SHP-0336,Delivered,TRK100671,Ukraine,Lviv,Soborna 25
SEL-013,Seller SEL-013,sel-013@amazon-demo.local,Books>Technology>Software Engineering,ASIN-003-033,Patterns for Scalable Systems,Physical,84.49,USD,92,CUS-173,Customer CUS-173,cus-173@mail.local,ORD-0337,2026-02-12T08:12:00.000Z,Packed,1,SHP-0337,Preparing,TRK100672,Ukraine,Odesa,Centralna 7
SEL-014,Seller SEL-014,sel-014@amazon-demo.local,Home & Kitchen>Appliances>Coffee Machines,ASIN-004-034,Barista Smart Brewer,Digital,115.49,USD,93,CUS-174,Customer CUS-174,cus-174@mail.local,ORD-0337,2026-02-13T09:13:00.000Z,Shipped,2,SHP-0337,InTransit,TRK100673,Ukraine,Dnipro,Independence 18
SEL-015,Seller SEL-015,sel-015@amazon-demo.local,Toys & Games>Board Games>Strategy,ASIN-005-035,Kingdoms of Logic,Physical,146.49,USD,94,CUS-175,Customer CUS-175,cus-175@mail.local,ORD-0338,2026-02-14T10:14:00.000Z,Delivered,3,SHP-0338,Delivered,TRK100674,Ukraine,Kharkiv,Naukova 12
SEL-016,Seller SEL-016,sel-016@amazon-demo.local,Electronics>Computers>Laptops,ASIN-001-036,Nova Laptop 14,Physical,27.49,USD,95,CUS-176,Customer CUS-176,cus-176@mail.local,ORD-0338,2026-02-15T11:15:00.000Z,Created,1,SHP-0338,Preparing,TRK100675,Ukraine,Kyiv,Shevchenka 10
SEL-017,Seller SEL-017,sel-017@amazon-demo.local,Electronics>Audio>Headphones,ASIN-002-037,EchoSound Pro Headphones,Digital,58.49,USD,96,CUS-177,Customer CUS-177,cus-177@mail.local,ORD-0339,2026-02-16T12:16:00.000Z,Paid,2,SHP-0339,InTransit,TRK100676,Ukraine,Lviv,Soborna 25
SEL-018,Seller SEL-018,sel-018@amazon-demo.local,Books>Technology>Software Engineering,ASIN-003-038,Patterns for Scalable Systems,Physical,89.49,USD,97,CUS-178,Customer CUS-178,cus-178@mail.local,ORD-0339,2026-02-17T13:17:00.000Z,Packed,3,SHP-0339,Delivered,TRK100677,Ukraine,Odesa,Centralna 7
SEL-019,Seller SEL-019,sel-019@amazon-demo.local,Home & Kitchen>Appliances>Coffee Machines,ASIN-004-039,Barista Smart Brewer,Digital,120.49,USD,98,CUS-179,Customer CUS-179,cus-179@mail.local,ORD-0340,2026-02-18T14:18:00.000Z,Shipped,1,SHP-0340,Preparing,TRK100678,Ukraine,Dnipro,Independence 18
SEL-020,Seller SEL-020,sel-020@amazon-demo.local,Toys & Games>Board Games>Strategy,ASIN-005-040,Kingdoms of Logic,Physical,151.49,USD,99,CUS-180,Customer CUS-180,cus-180@mail.local,ORD-0340,2026-02-19T15:19:00.000Z,Delivered,2,SHP-0340,InTransit,TRK100679,Ukraine,Kharkiv,Naukova 12
SEL-021,Seller SEL-021,sel-021@amazon-demo.local,Electronics>Computers>Laptops,ASIN-001-041,Nova Laptop 14,Physical,15.49,USD,100,CUS-181,Customer CUS-181,cus-181@mail.local,ORD-0341,2026-02-20T16:20:00.000Z,Created,3,SHP-0341,Delivered,TRK100680,Ukraine,Kyiv,Shevchenka 10
SEL-022,Seller SEL-022,sel-022@amazon-demo.local,Electronics>Audio>Headphones,ASIN-002-042,EchoSound Pro Headphones,Digital,46.49,USD,101,CUS-182,Customer CUS-182,cus-182@mail.local,ORD-0341,2026-02-21T17:21:00.000Z,Paid,1,SHP-0341,Preparing,TRK100681,Ukraine,Lviv,Soborna 25
SEL-023,Seller SEL-023,sel-023@amazon-demo.local,Books>Technology>Software Engineering,ASIN-003-043,Patterns for Scalable Systems,Physical,77.49,USD,102,CUS-183,Customer CUS-183,cus-183@mail.local,ORD-0342,2026-02-22T18:22:00.000Z,Packed,2,SHP-0342,InTransit,TRK100682,Ukraine,Odesa,Centralna 7
SEL-024,Seller SEL-024,sel-024@amazon-demo.local,Home & Kitchen>Appliances>Coffee Machines,ASIN-004-044,Barista Smart Brewer,Digital,108.49,USD,103,CUS-184,Customer CUS-184,cus-184@mail.local,ORD-0342,2026-02-23T19:23:00.000Z,Shipped,3,SHP-0342,Delivered,TRK100683,Ukraine,Dnipro,Independence 18
SEL-025,Seller SEL-025,sel-025@amazon-demo.local,Toys & Games>Board Games>Strategy,ASIN-005-045,Kingdoms of Logic,Physical,139.49,USD,104,CUS-185,Customer CUS-185,cus-185@mail.local,ORD-0343,2026-02-24T08:24:00.000Z,Delivered,1,SHP-0343,Preparing,TRK100684,Ukraine,Kharkiv,Naukova 12
SEL-026,Seller SEL-026,sel-026@amazon-demo.local,Electronics>Computers>Laptops,ASIN-001-046,Nova Laptop 14,Physical,20.49,USD,105,CUS-186,Customer CUS-186,cus-186@mail.local,ORD-0343,2026-02-25T09:25:00.000Z,Created,2,SHP-0343,InTransit,TRK100685,Ukraine,Kyiv,Shevchenka 10
SEL-027,Seller SEL-027,sel-027@amazon-demo.local,Electronics>Audio>Headphones,ASIN-002-047,EchoSound Pro Headphones,Digital,51.49,USD,106,CUS-187,Customer CUS-187,cus-187@mail.local,ORD-0344,2026-02-26T10:26:00.000Z,Paid,3,SHP-0344,Delivered,TRK100686,Ukraine,Lviv,Soborna 25
SEL-028,Seller SEL-028,sel-028@amazon-demo.local,Books>Technology>Software Engineering,ASIN-003-048,Patterns for Scalable Systems,Physical,82.49,USD,107,CUS-188,Customer CUS-188,cus-188@mail.local,ORD-0344,2026-02-27T11:27:00.000Z,Packed,1,SHP-0344,Preparing,TRK100687,Ukraine,Odesa,Centralna 7
SEL-029,Seller SEL-029,sel-029@amazon-demo.local,Home & Kitchen>Appliances>Coffee Machines,ASIN-004-049,Barista Smart Brewer,Digital,113.49,USD,108,CUS-189,Customer CUS-189,cus-189@mail.local,ORD-0345,2026-02-28T12:28:00.000Z,Shipped,2,SHP-0345,InTransit,TRK100688,Ukraine,Dnipro,Independence 18
SEL-030,Seller SEL-030,sel-030@amazon-demo.local,Toys & Games>Board Games>Strategy,ASIN-005-050,Kingdoms of Logic,Physical,144.49,USD,109,CUS-190,Customer CUS-190,cus-190@mail.local,ORD-0345,2026-03-01T13:29:00.000Z,Delivered,3,SHP-0345,Delivered,TRK100689,Ukraine,Kharkiv,Naukova 12
SEL-031,Seller SEL-031,sel-031@amazon-demo.local,Electronics>Computers>Laptops,ASIN-001-051,Nova Laptop 14,Physical,25.49,USD,110,CUS-191,Customer CUS-191,cus-191@mail.local,ORD-0346,2026-03-02T14:30:00.000Z,Created,1,SHP-0346,Preparing,TRK100690,Ukraine,Kyiv,Shevchenka 10
SEL-032,Seller SEL-032,sel-032@amazon-demo.local,Electronics>Audio>Headphones,ASIN-002-052,EchoSound Pro Headphones,Digital,56.49,USD,111,CUS-192,Customer CUS-192,cus-192@mail.local,ORD-0346,2026-03-03T15:31:00.000Z,Paid,2,SHP-0346,InTransit,TRK100691,Ukraine,Lviv,Soborna 25
SEL-033,Seller SEL-033,sel-033@amazon-demo.local,Books>Technology>Software Engineering,ASIN-003-053,Patterns for Scalable Systems,Physical,87.49,USD,112,CUS-193,Customer CUS-193,cus-193@mail.local,ORD-0347,2026-03-04T16:32:00.000Z,Packed,3,SHP-0347,Delivered,TRK100692,Ukraine,Odesa,Centralna 7
SEL-034,Seller SEL-034,sel-034@amazon-demo.local,Home & Kitchen>Appliances>Coffee Machines,ASIN-004-054,Barista Smart Brewer,Digital,118.49,USD,113,CUS-194,Customer CUS-194,cus-194@mail.local,ORD-0347,2026-03-05T17:33:00.000Z,Shipped,1,SHP-0347,Preparing,TRK100693,Ukraine,Dnipro,Independence 18
SEL-035,Seller SEL-035,sel-035@amazon-demo.local,Toys & Games>Board Games>Strategy,ASIN-005-055,Kingdoms of Logic,Physical,149.49,USD,114,CUS-195,Customer CUS-195,cus-195@mail.local,ORD-0348,2026-03-06T18:34:00.000Z,Delivered,2,SHP-0348,InTransit,TRK100694,Ukraine,Kharkiv,Naukova 12
SEL-036,Seller SEL-036,sel-036@amazon-demo.local,Electronics>Computers>Laptops,ASIN-001-056,Nova Laptop 14,Physical,30.49,USD,115,CUS-196,Customer CUS-196,cus-196@mail.local,ORD-0348,2026-03-07T19:35:00.000Z,Created,3,SHP-0348,Delivered,TRK100695,Ukraine,Kyiv,Shevchenka 10
SEL-037,Seller SEL-037,sel-037@amazon-demo.local,Electronics>Audio>Headphones,ASIN-002-057,EchoSound Pro Headphones,Digital,61.49,USD,116,CUS-197,Customer CUS-197,cus-197@mail.local,ORD-0349,2026-03-08T08:36:00.000Z,Paid,1,SHP-0349,Preparing,TRK100696,Ukraine,Lviv,Soborna 25
SEL-038,Seller SEL-038,sel-038@amazon-demo.local,Books>Technology>Software Engineering,ASIN-003-058,Patterns for Scalable Systems,Physical,75.49,USD,117,CUS-198,Customer CUS-198,cus-198@mail.local,ORD-0349,2026-03-09T09:37:00.000Z,Packed,2,SHP-0349,InTransit,TRK100697,Ukraine,Odesa,Centralna 7
SEL-039,Seller SEL-039,sel-039@amazon-demo.local,Home & Kitchen>Appliances>Coffee Machines,ASIN-004-059,Barista Smart Brewer,Digital,106.49,USD,118,CUS-199,Customer CUS-199,cus-199@mail.local,ORD-0350,2026-03-10T10:38:00.000Z,Shipped,3,SHP-0350,Delivered,TRK100698,Ukraine,Dnipro,Independence 18
SEL-040,Seller SEL-040,sel-040@amazon-demo.local,Toys & Games>Board Games>Strategy,ASIN-005-060,Kingdoms of Logic,Physical,137.49,USD,119,CUS-200,Customer CUS-200,cus-200@mail.local,ORD-0350,2026-03-11T11:39:00.000Z,Delivered,1,SHP-0350,Preparing,TRK100699,Ukraine,Kharkiv,Naukova 12
SEL-041,Seller SEL-041,sel-041@amazon-demo.local,Electronics>Computers>Laptops,ASIN-001-061,Nova Laptop 14,Physical,18.49,USD,120,CUS-201,Customer CUS-201,cus-201@mail.local,ORD-0351,2026-03-12T12:40:00.000Z,Created,2,SHP-0351,InTransit,TRK100700,Ukraine,Kyiv,Shevchenka 10
SEL-042,Seller SEL-042,sel-042@amazon-demo.local,Electronics>Audio>Headphones,ASIN-002-062,EchoSound Pro Headphones,Digital,49.49,USD,121,CUS-202,Customer CUS-202,cus-202@mail.local,ORD-0351,2026-03-13T13:41:00.000Z,Paid,3,SHP-0351,Delivered,TRK100701,Ukraine,Lviv,Soborna 25
SEL-043,Seller SEL-043,sel-043@amazon-demo.local,Books>Technology>Software Engineering,ASIN-003-063,Patterns for Scalable Systems,Physical,80.49,USD,122,CUS-203,Customer CUS-203,cus-203@mail.local,ORD-0352,2026-03-14T14:42:00.000Z,Packed,1,SHP-0352,Preparing,TRK100702,Ukraine,Odesa,Centralna 7
SEL-044,Seller SEL-044,sel-044@amazon-demo.local,Home & Kitchen>Appliances>Coffee Machines,ASIN-004-064,Barista Smart Brewer,Digital,111.49,USD,123,CUS-204,Customer CUS-204,cus-204@mail.local,ORD-0352,2026-03-15T15:43:00.000Z,Shipped,2,SHP-0352,InTransit,TRK100703,Ukraine,Dnipro,Independence 18
SEL-045,Seller SEL-045,sel-045@amazon-demo.local,Toys & Games>Board Games>Strategy,ASIN-005-065,Kingdoms of Logic,Physical,142.49,USD,124,CUS-205,Customer CUS-205,cus-205@mail.local,ORD-0353,2026-03-16T16:44:00.000Z,Delivered,3,SHP-0353,Delivered,TRK100704,Ukraine,Kharkiv,Naukova 12
SEL-046,Seller SEL-046,sel-046@amazon-demo.local,Electronics>Computers>Laptops,ASIN-001-066,Nova Laptop 14,Physical,23.49,USD,125,CUS-206,Customer CUS-206,cus-206@mail.local,ORD-0353,2026-03-17T17:45:00.000Z,Created,1,SHP-0353,Preparing,TRK100705,Ukraine,Kyiv,Shevchenka 10
SEL-047,Seller SEL-047,sel-047@amazon-demo.local,Electronics>Audio>Headphones,ASIN-002-067,EchoSound Pro Headphones,Digital,54.49,USD,126,CUS-207,Customer CUS-207,cus-207@mail.local,ORD-0354,2026-03-18T18:46:00.000Z,Paid,2,SHP-0354,InTransit,TRK100706,Ukraine,Lviv,Soborna 25
SEL-048,Seller SEL-048,sel-048@amazon-demo.local,Books>Technology>Software Engineering,ASIN-003-068,Patterns for Scalable Systems,Physical,85.49,USD,127,CUS-208,Customer CUS-208,cus-208@mail.local,ORD-0354,2026-03-19T19:47:00.000Z,Packed,3,SHP-0354,Delivered,TRK100707,Ukraine,Odesa,Centralna 7
SEL-049,Seller SEL-049,sel-049@amazon-demo.local,Home & Kitchen>Appliances>Coffee Machines,ASIN-004-069,Barista Smart Brewer,Digital,116.49,USD,128,CUS-209,Customer CUS-209,cus-209@mail.local,ORD-0355,2026-03-20T08:48:00.000Z,Shipped,1,SHP-0355,Preparing,TRK100708,Ukraine,Dnipro,Independence 18
SEL-050,Seller SEL-050,sel-050@amazon-demo.local,Toys & Games>Board Games>Strategy,ASIN-005-070,Kingdoms of Logic,Physical,147.49,USD,129,CUS-210,Customer CUS-210,cus-210@mail.local,ORD-0355,2026-03-21T09:49:00.000Z,Delivered,2,SHP-0355,InTransit,TRK100709,Ukraine,Kharkiv,Naukova 12
SEL-051,Seller SEL-051,sel-051@amazon-demo.local,Electronics>Computers>Laptops,ASIN-001-071,Nova Laptop 14,Physical,28.49,USD,130,CUS-211,Customer CUS-211,cus-211@mail.local,ORD-0356,2026-03-22T10:50:00.000Z,Created,3,SHP-0356,Delivered,TRK100710,Ukraine,Kyiv,Shevchenka 10
SEL-052,Seller SEL-052,sel-052@amazon-demo.local,Electronics>Audio>Headphones,ASIN-002-072,EchoSound Pro Headphones,Digital,59.49,USD,131,CUS-212,Customer CUS-212,cus-212@mail.local,ORD-0356,2026-03-23T11:51:00.000Z,Paid,1,SHP-0356,Preparing,TRK100711,Ukraine,Lviv,Soborna 25
SEL-053,Seller SEL-053,sel-053@amazon-demo.local,Books>Technology>Software Engineering,ASIN-003-073,Patterns for Scalable Systems,Physical,90.49,USD,132,CUS-213,Customer CUS-213,cus-213@mail.local,ORD-0357,2026-03-24T12:52:00.000Z,Packed,2,SHP-0357,InTransit,TRK100712,Ukraine,Odesa,Centralna 7
SEL-054,Seller SEL-054,sel-054@amazon-demo.local,Home & Kitchen>Appliances>Coffee Machines,ASIN-004-074,Barista Smart Brewer,Digital,121.49,USD,133,CUS-214,Customer CUS-214,cus-214@mail.local,ORD-0357,2026-03-25T13:53:00.000Z,Shipped,3,SHP-0357,Delivered,TRK100713,Ukraine,Dnipro,Independence 18
SEL-055,Seller SEL-055,sel-055@amazon-demo.local,Toys & Games>Board Games>Strategy,ASIN-005-075,Kingdoms of Logic,Physical,135.49,USD,134,CUS-215,Customer CUS-215,cus-215@mail.local,ORD-0358,2026-03-26T14:54:00.000Z,Delivered,1,SHP-0358,Preparing,TRK100714,Ukraine,Kharkiv,Naukova 12
SEL-056,Seller SEL-056,sel-056@amazon-demo.local,Electronics>Computers>Laptops,ASIN-001-076,Nova Laptop 14,Physical,16.49,USD,135,CUS-216,Customer CUS-216,cus-216@mail.local,ORD-0358,2026-03-27T15:55:00.000Z,Created,2,SHP-0358,InTransit,TRK100715,Ukraine,Kyiv,Shevchenka 10
SEL-057,Seller SEL-057,sel-057@amazon-demo.local,Electronics>Audio>Headphones,ASIN-002-077,EchoSound Pro Headphones,Digital,47.49,USD,136,CUS-217,Customer CUS-217,cus-217@mail.local,ORD-0359,2026-03-28T16:56:00.000Z,Paid,3,SHP-0359,Delivered,TRK100716,Ukraine,Lviv,Soborna 25
SEL-058,Seller SEL-058,sel-058@amazon-demo.local,Books>Technology>Software Engineering,ASIN-003-078,Patterns for Scalable Systems,Physical,78.49,USD,137,CUS-218,Customer CUS-218,cus-218@mail.local,ORD-0359,2026-03-29T17:57:00.000Z,Packed,1,SHP-0359,Preparing,TRK100717,Ukraine,Odesa,Centralna 7
SEL-059,Seller SEL-059,sel-059@amazon-demo.local,Home & Kitchen>Appliances>Coffee Machines,ASIN-004-079,Barista Smart Brewer,Digital,109.49,USD,138,CUS-219,Customer CUS-219,cus-219@mail.local,ORD-0360,2026-03-30T18:58:00.000Z,Shipped,2,SHP-0360,InTransit,TRK100718,Ukraine,Dnipro,Independence 18
SEL-060,Seller SEL-060,sel-060@amazon-demo.local,Toys & Games>Board Games>Strategy,ASIN-005-080,Kingdoms of Logic,Physical,140.49,USD,139,CUS-220,Customer CUS-220,cus-220@mail.local,ORD-0360,2026-03-31T19:59:00.000Z,Delivered,3,SHP-0360,Delivered,TRK100719,Ukraine,Kharkiv,Naukova 12
SEL-001,Seller SEL-001,sel-001@amazon-demo.local,Electronics>Computers>Laptops,ASIN-001-001,Nova Laptop 14,Physical,21.49,USD,140,CUS-221,Customer CUS-221,cus-221@mail.local,ORD-0361,2026-01-01T08:00:00.000Z,Created,1,SHP-0361,Preparing,TRK100720,Ukraine,Kyiv,Shevchenka 10
SEL-002,Seller SEL-002,sel-002@amazon-demo.local,Electronics>Audio>Headphones,ASIN-002-002,EchoSound Pro Headphones,Digital,52.49,USD,141,CUS-222,Customer CUS-222,cus-222@mail.local,ORD-0361,2026-01-02T09:01:00.000Z,Paid,2,SHP-0361,InTransit,TRK100721,Ukraine,Lviv,Soborna 25
SEL-003,Seller SEL-003,sel-003@amazon-demo.local,Books>Technology>Software Engineering,ASIN-003-003,Patterns for Scalable Systems,Physical,83.49,USD,142,CUS-223,Customer CUS-223,cus-223@mail.local,ORD-0362,2026-01-03T10:02:00.000Z,Packed,3,SHP-0362,Delivered,TRK100722,Ukraine,Odesa,Centralna 7
SEL-004,Seller SEL-004,sel-004@amazon-demo.local,Home & Kitchen>Appliances>Coffee Machines,ASIN-004-004,Barista Smart Brewer,Digital,114.49,USD,143,CUS-224,Customer CUS-224,cus-224@mail.local,ORD-0362,2026-01-04T11:03:00.000Z,Shipped,1,SHP-0362,Preparing,TRK100723,Ukraine,Dnipro,Independence 18
SEL-005,Seller SEL-005,sel-005@amazon-demo.local,Toys & Games>Board Games>Strategy,ASIN-005-005,Kingdoms of Logic,Physical,145.49,USD,144,CUS-225,Customer CUS-225,cus-225@mail.local,ORD-0363,2026-01-05T12:04:00.000Z,Delivered,2,SHP-0363,InTransit,TRK100724,Ukraine,Kharkiv,Naukova 12
SEL-006,Seller SEL-006,sel-006@amazon-demo.local,Electronics>Computers>Laptops,ASIN-001-006,Nova Laptop 14,Physical,26.49,USD,145,CUS-226,Customer CUS-226,cus-226@mail.local,ORD-0363,2026-01-06T13:05:00.000Z,Created,3,SHP-0363,Delivered,TRK100725,Ukraine,Kyiv,Shevchenka 10
SEL-007,Seller SEL-007,sel-007@amazon-demo.local,Electronics>Audio>Headphones,ASIN-002-007,EchoSound Pro Headphones,Digital,57.49,USD,146,CUS-227,Customer CUS-227,cus-227@mail.local,ORD-0364,2026-01-07T14:06:00.000Z,Paid,1,SHP-0364,Preparing,TRK100726,Ukraine,Lviv,Soborna 25
SEL-008,Seller SEL-008,sel-008@amazon-demo.local,Books>Technology>Software Engineering,ASIN-003-008,Patterns for Scalable Systems,Physical,88.49,USD,147,CUS-228,Customer CUS-228,cus-228@mail.local,ORD-0364,2026-01-08T15:07:00.000Z,Packed,2,SHP-0364,InTransit,TRK100727,Ukraine,Odesa,Centralna 7
SEL-009,Seller SEL-009,sel-009@amazon-demo.local,Home & Kitchen>Appliances>Coffee Machines,ASIN-004-009,Barista Smart Brewer,Digital,119.49,USD,148,CUS-229,Customer CUS-229,cus-229@mail.local,ORD-0365,2026-01-09T16:08:00.000Z,Shipped,3,SHP-0365,Delivered,TRK100728,Ukraine,Dnipro,Independence 18
SEL-010,Seller SEL-010,sel-010@amazon-demo.local,Toys & Games>Board Games>Strategy,ASIN-005-010,Kingdoms of Logic,Physical,150.49,USD,149,CUS-230,Customer CUS-230,cus-230@mail.local,ORD-0365,2026-01-10T17:09:00.000Z,Delivered,1,SHP-0365,Preparing,TRK100729,Ukraine,Kharkiv,Naukova 12
SEL-011,Seller SEL-011,sel-011@amazon-demo.local,Electronics>Computers>Laptops,ASIN-001-011,Nova Laptop 14,Physical,31.49,USD,150,CUS-231,Customer CUS-231,cus-231@mail.local,ORD-0366,2026-01-11T18:10:00.000Z,Created,2,SHP-0366,InTransit,TRK100730,Ukraine,Kyiv,Shevchenka 10
SEL-012,Seller SEL-012,sel-012@amazon-demo.local,Electronics>Audio>Headphones,ASIN-002-012,EchoSound Pro Headphones,Digital,45.49,USD,151,CUS-232,Customer CUS-232,cus-232@mail.local,ORD-0366,2026-01-12T19:11:00.000Z,Paid,3,SHP-0366,Delivered,TRK100731,Ukraine,Lviv,Soborna 25
SEL-013,Seller SEL-013,sel-013@amazon-demo.local,Books>Technology>Software Engineering,ASIN-003-013,Patterns for Scalable Systems,Physical,76.49,USD,152,CUS-233,Customer CUS-233,cus-233@mail.local,ORD-0367,2026-01-13T08:12:00.000Z,Packed,1,SHP-0367,Preparing,TRK100732,Ukraine,Odesa,Centralna 7
SEL-014,Seller SEL-014,sel-014@amazon-demo.local,Home & Kitchen>Appliances>Coffee Machines,ASIN-004-014,Barista Smart Brewer,Digital,107.49,USD,153,CUS-234,Customer CUS-234,cus-234@mail.local,ORD-0367,2026-01-14T09:13:00.000Z,Shipped,2,SHP-0367,InTransit,TRK100733,Ukraine,Dnipro,Independence 18
SEL-015,Seller SEL-015,sel-015@amazon-demo.local,Toys & Games>Board Games>Strategy,ASIN-005-015,Kingdoms of Logic,Physical,138.49,USD,154,CUS-235,Customer CUS-235,cus-235@mail.local,ORD-0368,2026-01-15T10:14:00.000Z,Delivered,3,SHP-0368,Delivered,TRK100734,Ukraine,Kharkiv,Naukova 12
SEL-016,Seller SEL-016,sel-016@amazon-demo.local,Electronics>Computers>Laptops,ASIN-001-016,Nova Laptop 14,Physical,19.49,USD,155,CUS-236,Customer CUS-236,cus-236@mail.local,ORD-0368,2026-01-16T11:15:00.000Z,Created,1,SHP-0368,Preparing,TRK100735,Ukraine,Kyiv,Shevchenka 10
SEL-017,Seller SEL-017,sel-017@amazon-demo.local,Electronics>Audio>Headphones,ASIN-002-017,EchoSound Pro Headphones,Digital,50.49,USD,156,CUS-237,Customer CUS-237,cus-237@mail.local,ORD-0369,2026-01-17T12:16:00.000Z,Paid,2,SHP-0369,InTransit,TRK100736,Ukraine,Lviv,Soborna 25
SEL-018,Seller SEL-018,sel-018@amazon-demo.local,Books>Technology>Software Engineering,ASIN-003-018,Patterns for Scalable Systems,Physical,81.49,USD,157,CUS-238,Customer CUS-238,cus-238@mail.local,ORD-0369,2026-01-18T13:17:00.000Z,Packed,3,SHP-0369,Delivered,TRK100737,Ukraine,Odesa,Centralna 7
SEL-019,Seller SEL-019,sel-019@amazon-demo.local,Home & Kitchen>Appliances>Coffee Machines,ASIN-004-019,Barista Smart Brewer,Digital,112.49,USD,158,CUS-239,Customer CUS-239,cus-239@mail.local,ORD-0370,2026-01-19T14:18:00.000Z,Shipped,1,SHP-0370,Preparing,TRK100738,Ukraine,Dnipro,Independence 18
SEL-020,Seller SEL-020,sel-020@amazon-demo.local,Toys & Games>Board Games>Strategy,ASIN-005-020,Kingdoms of Logic,Physical,143.49,USD,159,CUS-240,Customer CUS-240,cus-240@mail.local,ORD-0370,2026-01-20T15:19:00.000Z,Delivered,2,SHP-0370,InTransit,TRK100739,Ukraine,Kharkiv,Naukova 12
SEL-021,Seller SEL-021,sel-021@amazon-demo.local,Electronics>Computers>Laptops,ASIN-001-021,Nova Laptop 14,Physical,24.49,USD,160,CUS-241,Customer CUS-241,cus-241@mail.local,ORD-0371,2026-01-21T16:20:00.000Z,Created,3,SHP-0371,Delivered,TRK100740,Ukraine,Kyiv,Shevchenka 10
SEL-022,Seller SEL-022,sel-022@amazon-demo.local,Electronics>Audio>Headphones,ASIN-002-022,EchoSound Pro Headphones,Digital,55.49,USD,161,CUS-242,Customer CUS-242,cus-242@mail.local,ORD-0371,2026-01-22T17:21:00.000Z,Paid,1,SHP-0371,Preparing,TRK100741,Ukraine,Lviv,Soborna 25
SEL-023,Seller SEL-023,sel-023@amazon-demo.local,Books>Technology>Software Engineering,ASIN-003-023,Patterns for Scalable Systems,Physical,86.49,USD,162,CUS-243,Customer CUS-243,cus-243@mail.local,ORD-0372,2026-01-23T18:22:00.000Z,Packed,2,SHP-0372,InTransit,TRK100742,Ukraine,Odesa,Centralna 7
SEL-024,Seller SEL-024,sel-024@amazon-demo.local,Home & Kitchen>Appliances>Coffee Machines,ASIN-004-024,Barista Smart Brewer,Digital,117.49,USD,163,CUS-244,Customer CUS-244,cus-244@mail.local,ORD-0372,2026-01-24T19:23:00.000Z,Shipped,3,SHP-0372,Delivered,TRK100743,Ukraine,Dnipro,Independence 18
SEL-025,Seller SEL-025,sel-025@amazon-demo.local,Toys & Games>Board Games>Strategy,ASIN-005-025,Kingdoms of Logic,Physical,148.49,USD,164,CUS-245,Customer CUS-245,cus-245@mail.local,ORD-0373,2026-01-25T08:24:00.000Z,Delivered,1,SHP-0373,Preparing,TRK100744,Ukraine,Kharkiv,Naukova 12
SEL-026,Seller SEL-026,sel-026@amazon-demo.local,Electronics>Computers>Laptops,ASIN-001-026,Nova Laptop 14,Physical,29.49,USD,165,CUS-246,Customer CUS-246,cus-246@mail.local,ORD-0373,2026-01-26T09:25:00.000Z,Created,2,SHP-0373,InTransit,TRK100745,Ukraine,Kyiv,Shevchenka 10
SEL-027,Seller SEL-027,sel-027@amazon-demo.local,Electronics>Audio>Headphones,ASIN-002-027,EchoSound Pro Headphones,Digital,60.49,USD,166,CUS-247,Customer CUS-247,cus-247@mail.local,ORD-0374,2026-01-27T10:26:00.000Z,Paid,3,SHP-0374,Delivered,TRK100746,Ukraine,Lviv,Soborna 25
SEL-028,Seller SEL-028,sel-028@amazon-demo.local,Books>Technology>Software Engineering,ASIN-003-028,Patterns for Scalable Systems,Physical,91.49,USD,167,CUS-248,Customer CUS-248,cus-248@mail.local,ORD-0374,2026-01-28T11:27:00.000Z,Packed,1,SHP-0374,Preparing,TRK100747,Ukraine,Odesa,Centralna 7
SEL-029,Seller SEL-029,sel-029@amazon-demo.local,Home & Kitchen>Appliances>Coffee Machines,ASIN-004-029,Barista Smart Brewer,Digital,105.49,USD,168,CUS-249,Customer CUS-249,cus-249@mail.local,ORD-0375,2026-01-29T12:28:00.000Z,Shipped,2,SHP-0375,InTransit,TRK100748,Ukraine,Dnipro,Independence 18
SEL-030,Seller SEL-030,sel-030@amazon-demo.local,Toys & Games>Board Games>Strategy,ASIN-005-030,Kingdoms of Logic,Physical,136.49,USD,169,CUS-250,Customer CUS-250,cus-250@mail.local,ORD-0375,2026-01-30T13:29:00.000Z,Delivered,3,SHP-0375,Delivered,TRK100749,Ukraine,Kharkiv,Naukova 12
SEL-031,Seller SEL-031,sel-031@amazon-demo.local,Electronics>Computers>Laptops,ASIN-001-031,Nova Laptop 14,Physical,17.49,USD,20,CUS-001,Customer CUS-001,cus-001@mail.local,ORD-0376,2026-01-31T14:30:00.000Z,Created,1,SHP-0376,Preparing,TRK100750,Ukraine,Kyiv,Shevchenka 10
SEL-032,Seller SEL-032,sel-032@amazon-demo.local,Electronics>Audio>Headphones,ASIN-002-032,EchoSound Pro Headphones,Digital,48.49,USD,21,CUS-002,Customer CUS-002,cus-002@mail.local,ORD-0376,2026-02-01T15:31:00.000Z,Paid,2,SHP-0376,InTransit,TRK100751,Ukraine,Lviv,Soborna 25
SEL-033,Seller SEL-033,sel-033@amazon-demo.local,Books>Technology>Software Engineering,ASIN-003-033,Patterns for Scalable Systems,Physical,79.49,USD,22,CUS-003,Customer CUS-003,cus-003@mail.local,ORD-0377,2026-02-02T16:32:00.000Z,Packed,3,SHP-0377,Delivered,TRK100752,Ukraine,Odesa,Centralna 7
SEL-034,Seller SEL-034,sel-034@amazon-demo.local,Home & Kitchen>Appliances>Coffee Machines,ASIN-004-034,Barista Smart Brewer,Digital,110.49,USD,23,CUS-004,Customer CUS-004,cus-004@mail.local,ORD-0377,2026-02-03T17:33:00.000Z,Shipped,1,SHP-0377,Preparing,TRK100753,Ukraine,Dnipro,Independence 18
SEL-035,Seller SEL-035,sel-035@amazon-demo.local,Toys & Games>Board Games>Strategy,ASIN-005-035,Kingdoms of Logic,Physical,141.49,USD,24,CUS-005,Customer CUS-005,cus-005@mail.local,ORD-0378,2026-02-04T18:34:00.000Z,Delivered,2,SHP-0378,InTransit,TRK100754,Ukraine,Kharkiv,Naukova 12
SEL-036,Seller SEL-036,sel-036@amazon-demo.local,Electronics>Computers>Laptops,ASIN-001-036,Nova Laptop 14,Physical,22.49,USD,25,CUS-006,Customer CUS-006,cus-006@mail.local,ORD-0378,2026-02-05T19:35:00.000Z,Created,3,SHP-0378,Delivered,TRK100755,Ukraine,Kyiv,Shevchenka 10
SEL-037,Seller SEL-037,sel-037@amazon-demo.local,Electronics>Audio>Headphones,ASIN-002-037,EchoSound Pro Headphones,Digital,53.49,USD,26,CUS-007,Customer CUS-007,cus-007@mail.local,ORD-0379,2026-02-06T08:36:00.000Z,Paid,1,SHP-0379,Preparing,TRK100756,Ukraine,Lviv,Soborna 25
SEL-038,Seller SEL-038,sel-038@amazon-demo.local,Books>Technology>Software Engineering,ASIN-003-038,Patterns for Scalable Systems,Physical,84.49,USD,27,CUS-008,Customer CUS-008,cus-008@mail.local,ORD-0379,2026-02-07T09:37:00.000Z,Packed,2,SHP-0379,InTransit,TRK100757,Ukraine,Odesa,Centralna 7
SEL-039,Seller SEL-039,sel-039@amazon-demo.local,Home & Kitchen>Appliances>Coffee Machines,ASIN-004-039,Barista Smart Brewer,Digital,115.49,USD,28,CUS-009,Customer CUS-009,cus-009@mail.local,ORD-0380,2026-02-08T10:38:00.000Z,Shipped,3,SHP-0380,Delivered,TRK100758,Ukraine,Dnipro,Independence 18
SEL-040,Seller SEL-040,sel-040@amazon-demo.local,Toys & Games>Board Games>Strategy,ASIN-005-040,Kingdoms of Logic,Physical,146.49,USD,29,CUS-010,Customer CUS-010,cus-010@mail.local,ORD-0380,2026-02-09T11:39:00.000Z,Delivered,1,SHP-0380,Preparing,TRK100759,Ukraine,Kharkiv,Naukova 12
SEL-041,Seller SEL-041,sel-041@amazon-demo.local,Electronics>Computers>Laptops,ASIN-001-041,Nova Laptop 14,Physical,27.49,USD,30,CUS-011,Customer CUS-011,cus-011@mail.local,ORD-0381,2026-02-10T12:40:00.000Z,Created,2,SHP-0381,InTransit,TRK100760,Ukraine,Kyiv,Shevchenka 10
SEL-042,Seller SEL-042,sel-042@amazon-demo.local,Electronics>Audio>Headphones,ASIN-002-042,EchoSound Pro Headphones,Digital,58.49,USD,31,CUS-012,Customer CUS-012,cus-012@mail.local,ORD-0381,2026-02-11T13:41:00.000Z,Paid,3,SHP-0381,Delivered,TRK100761,Ukraine,Lviv,Soborna 25
SEL-043,Seller SEL-043,sel-043@amazon-demo.local,Books>Technology>Software Engineering,ASIN-003-043,Patterns for Scalable Systems,Physical,89.49,USD,32,CUS-013,Customer CUS-013,cus-013@mail.local,ORD-0382,2026-02-12T14:42:00.000Z,Packed,1,SHP-0382,Preparing,TRK100762,Ukraine,Odesa,Centralna 7
SEL-044,Seller SEL-044,sel-044@amazon-demo.local,Home & Kitchen>Appliances>Coffee Machines,ASIN-004-044,Barista Smart Brewer,Digital,120.49,USD,33,CUS-014,Customer CUS-014,cus-014@mail.local,ORD-0382,2026-02-13T15:43:00.000Z,Shipped,2,SHP-0382,InTransit,TRK100763,Ukraine,Dnipro,Independence 18
SEL-045,Seller SEL-045,sel-045@amazon-demo.local,Toys & Games>Board Games>Strategy,ASIN-005-045,Kingdoms of Logic,Physical,151.49,USD,34,CUS-015,Customer CUS-015,cus-015@mail.local,ORD-0383,2026-02-14T16:44:00.000Z,Delivered,3,SHP-0383,Delivered,TRK100764,Ukraine,Kharkiv,Naukova 12
SEL-046,Seller SEL-046,sel-046@amazon-demo.local,Electronics>Computers>Laptops,ASIN-001-046,Nova Laptop 14,Physical,15.49,USD,35,CUS-016,Customer CUS-016,cus-016@mail.local,ORD-0383,2026-02-15T17:45:00.000Z,Created,1,SHP-0383,Preparing,TRK100765,Ukraine,Kyiv,Shevchenka 10
SEL-047,Seller SEL-047,sel-047@amazon-demo.local,Electronics>Audio>Headphones,ASIN-002-047,EchoSound Pro Headphones,Digital,46.49,USD,36,CUS-017,Customer CUS-017,cus-017@mail.local,ORD-0384,2026-02-16T18:46:00.000Z,Paid,2,SHP-0384,InTransit,TRK100766,Ukraine,Lviv,Soborna 25
SEL-048,Seller SEL-048,sel-048@amazon-demo.local,Books>Technology>Software Engineering,ASIN-003-048,Patterns for Scalable Systems,Physical,77.49,USD,37,CUS-018,Customer CUS-018,cus-018@mail.local,ORD-0384,2026-02-17T19:47:00.000Z,Packed,3,SHP-0384,Delivered,TRK100767,Ukraine,Odesa,Centralna 7
SEL-049,Seller SEL-049,sel-049@amazon-demo.local,Home & Kitchen>Appliances>Coffee Machines,ASIN-004-049,Barista Smart Brewer,Digital,108.49,USD,38,CUS-019,Customer CUS-019,cus-019@mail.local,ORD-0385,2026-02-18T08:48:00.000Z,Shipped,1,SHP-0385,Preparing,TRK100768,Ukraine,Dnipro,Independence 18
SEL-050,Seller SEL-050,sel-050@amazon-demo.local,Toys & Games>Board Games>Strategy,ASIN-005-050,Kingdoms of Logic,Physical,139.49,USD,39,CUS-020,Customer CUS-020,cus-020@mail.local,ORD-0385,2026-02-19T09:49:00.000Z,Delivered,2,SHP-0385,InTransit,TRK100769,Ukraine,Kharkiv,Naukova 12
SEL-051,Seller SEL-051,sel-051@amazon-demo.local,Electronics>Computers>Laptops,ASIN-001-051,Nova Laptop 14,Physical,20.49,USD,40,CUS-021,Customer CUS-021,cus-021@mail.local,ORD-0386,2026-02-20T10:50:00.000Z,Created,3,SHP-0386,Delivered,TRK100770,Ukraine,Kyiv,Shevchenka 10
SEL-052,Seller SEL-052,sel-052@amazon-demo.local,Electronics>Audio>Headphones,ASIN-002-052,EchoSound Pro Headphones,Digital,51.49,USD,41,CUS-022,Customer CUS-022,cus-022@mail.local,ORD-0386,2026-02-21T11:51:00.000Z,Paid,1,SHP-0386,Preparing,TRK100771,Ukraine,Lviv,Soborna 25
SEL-053,Seller SEL-053,sel-053@amazon-demo.local,Books>Technology>Software Engineering,ASIN-003-053,Patterns for Scalable Systems,Physical,82.49,USD,42,CUS-023,Customer CUS-023,cus-023@mail.local,ORD-0387,2026-02-22T12:52:00.000Z,Packed,2,SHP-0387,InTransit,TRK100772,Ukraine,Odesa,Centralna 7
SEL-054,Seller SEL-054,sel-054@amazon-demo.local,Home & Kitchen>Appliances>Coffee Machines,ASIN-004-054,Barista Smart Brewer,Digital,113.49,USD,43,CUS-024,Customer CUS-024,cus-024@mail.local,ORD-0387,2026-02-23T13:53:00.000Z,Shipped,3,SHP-0387,Delivered,TRK100773,Ukraine,Dnipro,Independence 18
SEL-055,Seller SEL-055,sel-055@amazon-demo.local,Toys & Games>Board Games>Strategy,ASIN-005-055,Kingdoms of Logic,Physical,144.49,USD,44,CUS-025,Customer CUS-025,cus-025@mail.local,ORD-0388,2026-02-24T14:54:00.000Z,Delivered,1,SHP-0388,Preparing,TRK100774,Ukraine,Kharkiv,Naukova 12
SEL-056,Seller SEL-056,sel-056@amazon-demo.local,Electronics>Computers>Laptops,ASIN-001-056,Nova Laptop 14,Physical,25.49,USD,45,CUS-026,Customer CUS-026,cus-026@mail.local,ORD-0388,2026-02-25T15:55:00.000Z,Created,2,SHP-0388,InTransit,TRK100775,Ukraine,Kyiv,Shevchenka 10
SEL-057,Seller SEL-057,sel-057@amazon-demo.local,Electronics>Audio>Headphones,ASIN-002-057,EchoSound Pro Headphones,Digital,56.49,USD,46,CUS-027,Customer CUS-027,cus-027@mail.local,ORD-0389,2026-02-26T16:56:00.000Z,Paid,3,SHP-0389,Delivered,TRK100776,Ukraine,Lviv,Soborna 25
SEL-058,Seller SEL-058,sel-058@amazon-demo.local,Books>Technology>Software Engineering,ASIN-003-058,Patterns for Scalable Systems,Physical,87.49,USD,47,CUS-028,Customer CUS-028,cus-028@mail.local,ORD-0389,2026-02-27T17:57:00.000Z,Packed,1,SHP-0389,Preparing,TRK100777,Ukraine,Odesa,Centralna 7
SEL-059,Seller SEL-059,sel-059@amazon-demo.local,Home & Kitchen>Appliances>Coffee Machines,ASIN-004-059,Barista Smart Brewer,Digital,118.49,USD,48,CUS-029,Customer CUS-029,cus-029@mail.local,ORD-0390,2026-02-28T18:58:00.000Z,Shipped,2,SHP-0390,InTransit,TRK100778,Ukraine,Dnipro,Independence 18
SEL-060,Seller SEL-060,sel-060@amazon-demo.local,Toys & Games>Board Games>Strategy,ASIN-005-060,Kingdoms of Logic,Physical,149.49,USD,49,CUS-030,Customer CUS-030,cus-030@mail.local,ORD-0390,2026-03-01T19:59:00.000Z,Delivered,3,SHP-0390,Delivered,TRK100779,Ukraine,Kharkiv,Naukova 12
SEL-001,Seller SEL-001,sel-001@amazon-demo.local,Electronics>Computers>Laptops,ASIN-001-061,Nova Laptop 14,Physical,30.49,USD,50,CUS-031,Customer CUS-031,cus-031@mail.local,ORD-0391,2026-03-02T08:00:00.000Z,Created,1,SHP-0391,Preparing,TRK100780,Ukraine,Kyiv,Shevchenka 10
SEL-002,Seller SEL-002,sel-002@amazon-demo.local,Electronics>Audio>Headphones,ASIN-002-062,EchoSound Pro Headphones,Digital,61.49,USD,51,CUS-032,Customer CUS-032,cus-032@mail.local,ORD-0391,2026-03-03T09:01:00.000Z,Paid,2,SHP-0391,InTransit,TRK100781,Ukraine,Lviv,Soborna 25
SEL-003,Seller SEL-003,sel-003@amazon-demo.local,Books>Technology>Software Engineering,ASIN-003-063,Patterns for Scalable Systems,Physical,75.49,USD,52,CUS-033,Customer CUS-033,cus-033@mail.local,ORD-0392,2026-03-04T10:02:00.000Z,Packed,3,SHP-0392,Delivered,TRK100782,Ukraine,Odesa,Centralna 7
SEL-004,Seller SEL-004,sel-004@amazon-demo.local,Home & Kitchen>Appliances>Coffee Machines,ASIN-004-064,Barista Smart Brewer,Digital,106.49,USD,53,CUS-034,Customer CUS-034,cus-034@mail.local,ORD-0392,2026-03-05T11:03:00.000Z,Shipped,1,SHP-0392,Preparing,TRK100783,Ukraine,Dnipro,Independence 18
SEL-005,Seller SEL-005,sel-005@amazon-demo.local,Toys & Games>Board Games>Strategy,ASIN-005-065,Kingdoms of Logic,Physical,137.49,USD,54,CUS-035,Customer CUS-035,cus-035@mail.local,ORD-0393,2026-03-06T12:04:00.000Z,Delivered,2,SHP-0393,InTransit,TRK100784,Ukraine,Kharkiv,Naukova 12
SEL-006,Seller SEL-006,sel-006@amazon-demo.local,Electronics>Computers>Laptops,ASIN-001-066,Nova Laptop 14,Physical,18.49,USD,55,CUS-036,Customer CUS-036,cus-036@mail.local,ORD-0393,2026-03-07T13:05:00.000Z,Created,3,SHP-0393,Delivered,TRK100785,Ukraine,Kyiv,Shevchenka 10
SEL-007,Seller SEL-007,sel-007@amazon-demo.local,Electronics>Audio>Headphones,ASIN-002-067,EchoSound Pro Headphones,Digital,49.49,USD,56,CUS-037,Customer CUS-037,cus-037@mail.local,ORD-0394,2026-03-08T14:06:00.000Z,Paid,1,SHP-0394,Preparing,TRK100786,Ukraine,Lviv,Soborna 25
SEL-008,Seller SEL-008,sel-008@amazon-demo.local,Books>Technology>Software Engineering,ASIN-003-068,Patterns for Scalable Systems,Physical,80.49,USD,57,CUS-038,Customer CUS-038,cus-038@mail.local,ORD-0394,2026-03-09T15:07:00.000Z,Packed,2,SHP-0394,InTransit,TRK100787,Ukraine,Odesa,Centralna 7
SEL-009,Seller SEL-009,sel-009@amazon-demo.local,Home & Kitchen>Appliances>Coffee Machines,ASIN-004-069,Barista Smart Brewer,Digital,111.49,USD,58,CUS-039,Customer CUS-039,cus-039@mail.local,ORD-0395,2026-03-10T16:08:00.000Z,Shipped,3,SHP-0395,Delivered,TRK100788,Ukraine,Dnipro,Independence 18
SEL-010,Seller SEL-010,sel-010@amazon-demo.local,Toys & Games>Board Games>Strategy,ASIN-005-070,Kingdoms of Logic,Physical,142.49,USD,59,CUS-040,Customer CUS-040,cus-040@mail.local,ORD-0395,2026-03-11T17:09:00.000Z,Delivered,1,SHP-0395,Preparing,TRK100789,Ukraine,Kharkiv,Naukova 12
SEL-011,Seller SEL-011,sel-011@amazon-demo.local,Electronics>Computers>Laptops,ASIN-001-071,Nova Laptop 14,Physical,23.49,USD,60,CUS-041,Customer CUS-041,cus-041@mail.local,ORD-0396,2026-03-12T18:10:00.000Z,Created,2,SHP-0396,InTransit,TRK100790,Ukraine,Kyiv,Shevchenka 10
SEL-012,Seller SEL-012,sel-012@amazon-demo.local,Electronics>Audio>Headphones,ASIN-002-072,EchoSound Pro Headphones,Digital,54.49,USD,61,CUS-042,Customer CUS-042,cus-042@mail.local,ORD-0396,2026-03-13T19:11:00.000Z,Paid,3,SHP-0396,Delivered,TRK100791,Ukraine,Lviv,Soborna 25
SEL-013,Seller SEL-013,sel-013@amazon-demo.local,Books>Technology>Software Engineering,ASIN-003-073,Patterns for Scalable Systems,Physical,85.49,USD,62,CUS-043,Customer CUS-043,cus-043@mail.local,ORD-0397,2026-03-14T08:12:00.000Z,Packed,1,SHP-0397,Preparing,TRK100792,Ukraine,Odesa,Centralna 7
SEL-014,Seller SEL-014,sel-014@amazon-demo.local,Home & Kitchen>Appliances>Coffee Machines,ASIN-004-074,Barista Smart Brewer,Digital,116.49,USD,63,CUS-044,Customer CUS-044,cus-044@mail.local,ORD-0397,2026-03-15T09:13:00.000Z,Shipped,2,SHP-0397,InTransit,TRK100793,Ukraine,Dnipro,Independence 18
SEL-015,Seller SEL-015,sel-015@amazon-demo.local,Toys & Games>Board Games>Strategy,ASIN-005-075,Kingdoms of Logic,Physical,147.49,USD,64,CUS-045,Customer CUS-045,cus-045@mail.local,ORD-0398,2026-03-16T10:14:00.000Z,Delivered,3,SHP-0398,Delivered,TRK100794,Ukraine,Kharkiv,Naukova 12
SEL-016,Seller SEL-016,sel-016@amazon-demo.local,Electronics>Computers>Laptops,ASIN-001-076,Nova Laptop 14,Physical,28.49,USD,65,CUS-046,Customer CUS-046,cus-046@mail.local,ORD-0398,2026-03-17T11:15:00.000Z,Created,1,SHP-0398,Preparing,TRK100795,Ukraine,Kyiv,Shevchenka 10
SEL-017,Seller SEL-017,sel-017@amazon-demo.local,Electronics>Audio>Headphones,ASIN-002-077,EchoSound Pro Headphones,Digital,59.49,USD,66,CUS-047,Customer CUS-047,cus-047@mail.local,ORD-0399,2026-03-18T12:16:00.000Z,Paid,2,SHP-0399,InTransit,TRK100796,Ukraine,Lviv,Soborna 25
SEL-018,Seller SEL-018,sel-018@amazon-demo.local,Books>Technology>Software Engineering,ASIN-003-078,Patterns for Scalable Systems,Physical,90.49,USD,67,CUS-048,Customer CUS-048,cus-048@mail.local,ORD-0399,2026-03-19T13:17:00.000Z,Packed,3,SHP-0399,Delivered,TRK100797,Ukraine,Odesa,Centralna 7
SEL-019,Seller SEL-019,sel-019@amazon-demo.local,Home & Kitchen>Appliances>Coffee Machines,ASIN-004-079,Barista Smart Brewer,Digital,121.49,USD,68,CUS-049,Customer CUS-049,cus-049@mail.local,ORD-0400,2026-03-20T14:18:00.000Z,Shipped,1,SHP-0400,Preparing,TRK100798,Ukraine,Dnipro,Independence 18
SEL-020,Seller SEL-020,sel-020@amazon-demo.local,Toys & Games>Board Games>Strategy,ASIN-005-080,Kingdoms of Logic,Physical,135.49,USD,69,CUS-050,Customer CUS-050,cus-050@mail.local,ORD-0400,2026-03-21T15:19:00.000Z,Delivered,2,SHP-0400,InTransit,TRK100799,Ukraine,Kharkiv,Naukova 12
SEL-021,Seller SEL-021,sel-021@amazon-demo.local,Electronics>Computers>Laptops,ASIN-001-001,Nova Laptop 14,Physical,16.49,USD,70,CUS-051,Customer CUS-051,cus-051@mail.local,ORD-0401,2026-03-22T16:20:00.000Z,Created,3,SHP-0401,Delivered,TRK100800,Ukraine,Kyiv,Shevchenka 10
SEL-022,Seller SEL-022,sel-022@amazon-demo.local,Electronics>Audio>Headphones,ASIN-002-002,EchoSound Pro Headphones,Digital,47.49,USD,71,CUS-052,Customer CUS-052,cus-052@mail.local,ORD-0401,2026-03-23T17:21:00.000Z,Paid,1,SHP-0401,Preparing,TRK100801,Ukraine,Lviv,Soborna 25
SEL-023,Seller SEL-023,sel-023@amazon-demo.local,Books>Technology>Software Engineering,ASIN-003-003,Patterns for Scalable Systems,Physical,78.49,USD,72,CUS-053,Customer CUS-053,cus-053@mail.local,ORD-0402,2026-03-24T18:22:00.000Z,Packed,2,SHP-0402,InTransit,TRK100802,Ukraine,Odesa,Centralna 7
SEL-024,Seller SEL-024,sel-024@amazon-demo.local,Home & Kitchen>Appliances>Coffee Machines,ASIN-004-004,Barista Smart Brewer,Digital,109.49,USD,73,CUS-054,Customer CUS-054,cus-054@mail.local,ORD-0402,2026-03-25T19:23:00.000Z,Shipped,3,SHP-0402,Delivered,TRK100803,Ukraine,Dnipro,Independence 18
SEL-025,Seller SEL-025,sel-025@amazon-demo.local,Toys & Games>Board Games>Strategy,ASIN-005-005,Kingdoms of Logic,Physical,140.49,USD,74,CUS-055,Customer CUS-055,cus-055@mail.local,ORD-0403,2026-03-26T08:24:00.000Z,Delivered,1,SHP-0403,Preparing,TRK100804,Ukraine,Kharkiv,Naukova 12
SEL-026,Seller SEL-026,sel-026@amazon-demo.local,Electronics>Computers>Laptops,ASIN-001-006,Nova Laptop 14,Physical,21.49,USD,75,CUS-056,Customer CUS-056,cus-056@mail.local,ORD-0403,2026-03-27T09:25:00.000Z,Created,2,SHP-0403,InTransit,TRK100805,Ukraine,Kyiv,Shevchenka 10
SEL-027,Seller SEL-027,sel-027@amazon-demo.local,Electronics>Audio>Headphones,ASIN-002-007,EchoSound Pro Headphones,Digital,52.49,USD,76,CUS-057,Customer CUS-057,cus-057@mail.local,ORD-0404,2026-03-28T10:26:00.000Z,Paid,3,SHP-0404,Delivered,TRK100806,Ukraine,Lviv,Soborna 25
SEL-028,Seller SEL-028,sel-028@amazon-demo.local,Books>Technology>Software Engineering,ASIN-003-008,Patterns for Scalable Systems,Physical,83.49,USD,77,CUS-058,Customer CUS-058,cus-058@mail.local,ORD-0404,2026-03-29T11:27:00.000Z,Packed,1,SHP-0404,Preparing,TRK100807,Ukraine,Odesa,Centralna 7
SEL-029,Seller SEL-029,sel-029@amazon-demo.local,Home & Kitchen>Appliances>Coffee Machines,ASIN-004-009,Barista Smart Brewer,Digital,114.49,USD,78,CUS-059,Customer CUS-059,cus-059@mail.local,ORD-0405,2026-03-30T12:28:00.000Z,Shipped,2,SHP-0405,InTransit,TRK100808,Ukraine,Dnipro,Independence 18
SEL-030,Seller SEL-030,sel-030@amazon-demo.local,Toys & Games>Board Games>Strategy,ASIN-005-010,Kingdoms of Logic,Physical,145.49,USD,79,CUS-060,Customer CUS-060,cus-060@mail.local,ORD-0405,2026-03-31T13:29:00.000Z,Delivered,3,SHP-0405,Delivered,TRK100809,Ukraine,Kharkiv,Naukova 12
SEL-031,Seller SEL-031,sel-031@amazon-demo.local,Electronics>Computers>Laptops,ASIN-001-011,Nova Laptop 14,Physical,26.49,USD,80,CUS-061,Customer CUS-061,cus-061@mail.local,ORD-0406,2026-01-01T14:30:00.000Z,Created,1,SHP-0406,Preparing,TRK100810,Ukraine,Kyiv,Shevchenka 10
SEL-032,Seller SEL-032,sel-032@amazon-demo.local,Electronics>Audio>Headphones,ASIN-002-012,EchoSound Pro Headphones,Digital,57.49,USD,81,CUS-062,Customer CUS-062,cus-062@mail.local,ORD-0406,2026-01-02T15:31:00.000Z,Paid,2,SHP-0406,InTransit,TRK100811,Ukraine,Lviv,Soborna 25
SEL-033,Seller SEL-033,sel-033@amazon-demo.local,Books>Technology>Software Engineering,ASIN-003-013,Patterns for Scalable Systems,Physical,88.49,USD,82,CUS-063,Customer CUS-063,cus-063@mail.local,ORD-0407,2026-01-03T16:32:00.000Z,Packed,3,SHP-0407,Delivered,TRK100812,Ukraine,Odesa,Centralna 7
SEL-034,Seller SEL-034,sel-034@amazon-demo.local,Home & Kitchen>Appliances>Coffee Machines,ASIN-004-014,Barista Smart Brewer,Digital,119.49,USD,83,CUS-064,Customer CUS-064,cus-064@mail.local,ORD-0407,2026-01-04T17:33:00.000Z,Shipped,1,SHP-0407,Preparing,TRK100813,Ukraine,Dnipro,Independence 18
SEL-035,Seller SEL-035,sel-035@amazon-demo.local,Toys & Games>Board Games>Strategy,ASIN-005-015,Kingdoms of Logic,Physical,150.49,USD,84,CUS-065,Customer CUS-065,cus-065@mail.local,ORD-0408,2026-01-05T18:34:00.000Z,Delivered,2,SHP-0408,InTransit,TRK100814,Ukraine,Kharkiv,Naukova 12
SEL-036,Seller SEL-036,sel-036@amazon-demo.local,Electronics>Computers>Laptops,ASIN-001-016,Nova Laptop 14,Physical,31.49,USD,85,CUS-066,Customer CUS-066,cus-066@mail.local,ORD-0408,2026-01-06T19:35:00.000Z,Created,3,SHP-0408,Delivered,TRK100815,Ukraine,Kyiv,Shevchenka 10
SEL-037,Seller SEL-037,sel-037@amazon-demo.local,Electronics>Audio>Headphones,ASIN-002-017,EchoSound Pro Headphones,Digital,45.49,USD,86,CUS-067,Customer CUS-067,cus-067@mail.local,ORD-0409,2026-01-07T08:36:00.000Z,Paid,1,SHP-0409,Preparing,TRK100816,Ukraine,Lviv,Soborna 25
SEL-038,Seller SEL-038,sel-038@amazon-demo.local,Books>Technology>Software Engineering,ASIN-003-018,Patterns for Scalable Systems,Physical,76.49,USD,87,CUS-068,Customer CUS-068,cus-068@mail.local,ORD-0409,2026-01-08T09:37:00.000Z,Packed,2,SHP-0409,InTransit,TRK100817,Ukraine,Odesa,Centralna 7
SEL-039,Seller SEL-039,sel-039@amazon-demo.local,Home & Kitchen>Appliances>Coffee Machines,ASIN-004-019,Barista Smart Brewer,Digital,107.49,USD,88,CUS-069,Customer CUS-069,cus-069@mail.local,ORD-0410,2026-01-09T10:38:00.000Z,Shipped,3,SHP-0410,Delivered,TRK100818,Ukraine,Dnipro,Independence 18
SEL-040,Seller SEL-040,sel-040@amazon-demo.local,Toys & Games>Board Games>Strategy,ASIN-005-020,Kingdoms of Logic,Physical,138.49,USD,89,CUS-070,Customer CUS-070,cus-070@mail.local,ORD-0410,2026-01-10T11:39:00.000Z,Delivered,1,SHP-0410,Preparing,TRK100819,Ukraine,Kharkiv,Naukova 12
SEL-041,Seller SEL-041,sel-041@amazon-demo.local,Electronics>Computers>Laptops,ASIN-001-021,Nova Laptop 14,Physical,19.49,USD,90,CUS-071,Customer CUS-071,cus-071@mail.local,ORD-0411,2026-01-11T12:40:00.000Z,Created,2,SHP-0411,InTransit,TRK100820,Ukraine,Kyiv,Shevchenka 10
SEL-042,Seller SEL-042,sel-042@amazon-demo.local,Electronics>Audio>Headphones,ASIN-002-022,EchoSound Pro Headphones,Digital,50.49,USD,91,CUS-072,Customer CUS-072,cus-072@mail.local,ORD-0411,2026-01-12T13:41:00.000Z,Paid,3,SHP-0411,Delivered,TRK100821,Ukraine,Lviv,Soborna 25
SEL-043,Seller SEL-043,sel-043@amazon-demo.local,Books>Technology>Software Engineering,ASIN-003-023,Patterns for Scalable Systems,Physical,81.49,USD,92,CUS-073,Customer CUS-073,cus-073@mail.local,ORD-0412,2026-01-13T14:42:00.000Z,Packed,1,SHP-0412,Preparing,TRK100822,Ukraine,Odesa,Centralna 7
SEL-044,Seller SEL-044,sel-044@amazon-demo.local,Home & Kitchen>Appliances>Coffee Machines,ASIN-004-024,Barista Smart Brewer,Digital,112.49,USD,93,CUS-074,Customer CUS-074,cus-074@mail.local,ORD-0412,2026-01-14T15:43:00.000Z,Shipped,2,SHP-0412,InTransit,TRK100823,Ukraine,Dnipro,Independence 18
SEL-045,Seller SEL-045,sel-045@amazon-demo.local,Toys & Games>Board Games>Strategy,ASIN-005-025,Kingdoms of Logic,Physical,143.49,USD,94,CUS-075,Customer CUS-075,cus-075@mail.local,ORD-0413,2026-01-15T16:44:00.000Z,Delivered,3,SHP-0413,Delivered,TRK100824,Ukraine,Kharkiv,Naukova 12
SEL-046,Seller SEL-046,sel-046@amazon-demo.local,Electronics>Computers>Laptops,ASIN-001-026,Nova Laptop 14,Physical,24.49,USD,95,CUS-076,Customer CUS-076,cus-076@mail.local,ORD-0413,2026-01-16T17:45:00.000Z,Created,1,SHP-0413,Preparing,TRK100825,Ukraine,Kyiv,Shevchenka 10
SEL-047,Seller SEL-047,sel-047@amazon-demo.local,Electronics>Audio>Headphones,ASIN-002-027,EchoSound Pro Headphones,Digital,55.49,USD,96,CUS-077,Customer CUS-077,cus-077@mail.local,ORD-0414,2026-01-17T18:46:00.000Z,Paid,2,SHP-0414,InTransit,TRK100826,Ukraine,Lviv,Soborna 25
SEL-048,Seller SEL-048,sel-048@amazon-demo.local,Books>Technology>Software Engineering,ASIN-003-028,Patterns for Scalable Systems,Physical,86.49,USD,97,CUS-078,Customer CUS-078,cus-078@mail.local,ORD-0414,2026-01-18T19:47:00.000Z,Packed,3,SHP-0414,Delivered,TRK100827,Ukraine,Odesa,Centralna 7
SEL-049,Seller SEL-049,sel-049@amazon-demo.local,Home & Kitchen>Appliances>Coffee Machines,ASIN-004-029,Barista Smart Brewer,Digital,117.49,USD,98,CUS-079,Customer CUS-079,cus-079@mail.local,ORD-0415,2026-01-19T08:48:00.000Z,Shipped,1,SHP-0415,Preparing,TRK100828,Ukraine,Dnipro,Independence 18
SEL-050,Seller SEL-050,sel-050@amazon-demo.local,Toys & Games>Board Games>Strategy,ASIN-005-030,Kingdoms of Logic,Physical,148.49,USD,99,CUS-080,Customer CUS-080,cus-080@mail.local,ORD-0415,2026-01-20T09:49:00.000Z,Delivered,2,SHP-0415,InTransit,TRK100829,Ukraine,Kharkiv,Naukova 12
SEL-051,Seller SEL-051,sel-051@amazon-demo.local,Electronics>Computers>Laptops,ASIN-001-031,Nova Laptop 14,Physical,29.49,USD,100,CUS-081,Customer CUS-081,cus-081@mail.local,ORD-0416,2026-01-21T10:50:00.000Z,Created,3,SHP-0416,Delivered,TRK100830,Ukraine,Kyiv,Shevchenka 10
SEL-052,Seller SEL-052,sel-052@amazon-demo.local,Electronics>Audio>Headphones,ASIN-002-032,EchoSound Pro Headphones,Digital,60.49,USD,101,CUS-082,Customer CUS-082,cus-082@mail.local,ORD-0416,2026-01-22T11:51:00.000Z,Paid,1,SHP-0416,Preparing,TRK100831,Ukraine,Lviv,Soborna 25
SEL-053,Seller SEL-053,sel-053@amazon-demo.local,Books>Technology>Software Engineering,ASIN-003-033,Patterns for Scalable Systems,Physical,91.49,USD,102,CUS-083,Customer CUS-083,cus-083@mail.local,ORD-0417,2026-01-23T12:52:00.000Z,Packed,2,SHP-0417,InTransit,TRK100832,Ukraine,Odesa,Centralna 7
SEL-054,Seller SEL-054,sel-054@amazon-demo.local,Home & Kitchen>Appliances>Coffee Machines,ASIN-004-034,Barista Smart Brewer,Digital,105.49,USD,103,CUS-084,Customer CUS-084,cus-084@mail.local,ORD-0417,2026-01-24T13:53:00.000Z,Shipped,3,SHP-0417,Delivered,TRK100833,Ukraine,Dnipro,Independence 18
SEL-055,Seller SEL-055,sel-055@amazon-demo.local,Toys & Games>Board Games>Strategy,ASIN-005-035,Kingdoms of Logic,Physical,136.49,USD,104,CUS-085,Customer CUS-085,cus-085@mail.local,ORD-0418,2026-01-25T14:54:00.000Z,Delivered,1,SHP-0418,Preparing,TRK100834,Ukraine,Kharkiv,Naukova 12
SEL-056,Seller SEL-056,sel-056@amazon-demo.local,Electronics>Computers>Laptops,ASIN-001-036,Nova Laptop 14,Physical,17.49,USD,105,CUS-086,Customer CUS-086,cus-086@mail.local,ORD-0418,2026-01-26T15:55:00.000Z,Created,2,SHP-0418,InTransit,TRK100835,Ukraine,Kyiv,Shevchenka 10
SEL-057,Seller SEL-057,sel-057@amazon-demo.local,Electronics>Audio>Headphones,ASIN-002-037,EchoSound Pro Headphones,Digital,48.49,USD,106,CUS-087,Customer CUS-087,cus-087@mail.local,ORD-0419,2026-01-27T16:56:00.000Z,Paid,3,SHP-0419,Delivered,TRK100836,Ukraine,Lviv,Soborna 25
SEL-058,Seller SEL-058,sel-058@amazon-demo.local,Books>Technology>Software Engineering,ASIN-003-038,Patterns for Scalable Systems,Physical,79.49,USD,107,CUS-088,Customer CUS-088,cus-088@mail.local,ORD-0419,2026-01-28T17:57:00.000Z,Packed,1,SHP-0419,Preparing,TRK100837,Ukraine,Odesa,Centralna 7
SEL-059,Seller SEL-059,sel-059@amazon-demo.local,Home & Kitchen>Appliances>Coffee Machines,ASIN-004-039,Barista Smart Brewer,Digital,110.49,USD,108,CUS-089,Customer CUS-089,cus-089@mail.local,ORD-0420,2026-01-29T18:58:00.000Z,Shipped,2,SHP-0420,InTransit,TRK100838,Ukraine,Dnipro,Independence 18
SEL-060,Seller SEL-060,sel-060@amazon-demo.local,Toys & Games>Board Games>Strategy,ASIN-005-040,Kingdoms of Logic,Physical,141.49,USD,109,CUS-090,Customer CUS-090,cus-090@mail.local,ORD-0420,2026-01-30T19:59:00.000Z,Delivered,3,SHP-0420,Delivered,TRK100839,Ukraine,Kharkiv,Naukova 12
SEL-001,Seller SEL-001,sel-001@amazon-demo.local,Electronics>Computers>Laptops,ASIN-001-041,Nova Laptop 14,Physical,22.49,USD,110,CUS-091,Customer CUS-091,cus-091@mail.local,ORD-0421,2026-01-31T08:00:00.000Z,Created,1,SHP-0421,Preparing,TRK100840,Ukraine,Kyiv,Shevchenka 10
SEL-002,Seller SEL-002,sel-002@amazon-demo.local,Electronics>Audio>Headphones,ASIN-002-042,EchoSound Pro Headphones,Digital,53.49,USD,111,CUS-092,Customer CUS-092,cus-092@mail.local,ORD-0421,2026-02-01T09:01:00.000Z,Paid,2,SHP-0421,InTransit,TRK100841,Ukraine,Lviv,Soborna 25
SEL-003,Seller SEL-003,sel-003@amazon-demo.local,Books>Technology>Software Engineering,ASIN-003-043,Patterns for Scalable Systems,Physical,84.49,USD,112,CUS-093,Customer CUS-093,cus-093@mail.local,ORD-0422,2026-02-02T10:02:00.000Z,Packed,3,SHP-0422,Delivered,TRK100842,Ukraine,Odesa,Centralna 7
SEL-004,Seller SEL-004,sel-004@amazon-demo.local,Home & Kitchen>Appliances>Coffee Machines,ASIN-004-044,Barista Smart Brewer,Digital,115.49,USD,113,CUS-094,Customer CUS-094,cus-094@mail.local,ORD-0422,2026-02-03T11:03:00.000Z,Shipped,1,SHP-0422,Preparing,TRK100843,Ukraine,Dnipro,Independence 18
SEL-005,Seller SEL-005,sel-005@amazon-demo.local,Toys & Games>Board Games>Strategy,ASIN-005-045,Kingdoms of Logic,Physical,146.49,USD,114,CUS-095,Customer CUS-095,cus-095@mail.local,ORD-0423,2026-02-04T12:04:00.000Z,Delivered,2,SHP-0423,InTransit,TRK100844,Ukraine,Kharkiv,Naukova 12
SEL-006,Seller SEL-006,sel-006@amazon-demo.local,Electronics>Computers>Laptops,ASIN-001-046,Nova Laptop 14,Physical,27.49,USD,115,CUS-096,Customer CUS-096,cus-096@mail.local,ORD-0423,2026-02-05T13:05:00.000Z,Created,3,SHP-0423,Delivered,TRK100845,Ukraine,Kyiv,Shevchenka 10
SEL-007,Seller SEL-007,sel-007@amazon-demo.local,Electronics>Audio>Headphones,ASIN-002-047,EchoSound Pro Headphones,Digital,58.49,USD,116,CUS-097,Customer CUS-097,cus-097@mail.local,ORD-0424,2026-02-06T14:06:00.000Z,Paid,1,SHP-0424,Preparing,TRK100846,Ukraine,Lviv,Soborna 25
SEL-008,Seller SEL-008,sel-008@amazon-demo.local,Books>Technology>Software Engineering,ASIN-003-048,Patterns for Scalable Systems,Physical,89.49,USD,117,CUS-098,Customer CUS-098,cus-098@mail.local,ORD-0424,2026-02-07T15:07:00.000Z,Packed,2,SHP-0424,InTransit,TRK100847,Ukraine,Odesa,Centralna 7
SEL-009,Seller SEL-009,sel-009@amazon-demo.local,Home & Kitchen>Appliances>Coffee Machines,ASIN-004-049,Barista Smart Brewer,Digital,120.49,USD,118,CUS-099,Customer CUS-099,cus-099@mail.local,ORD-0425,2026-02-08T16:08:00.000Z,Shipped,3,SHP-0425,Delivered,TRK100848,Ukraine,Dnipro,Independence 18
SEL-010,Seller SEL-010,sel-010@amazon-demo.local,Toys & Games>Board Games>Strategy,ASIN-005-050,Kingdoms of Logic,Physical,151.49,USD,119,CUS-100,Customer CUS-100,cus-100@mail.local,ORD-0425,2026-02-09T17:09:00.000Z,Delivered,1,SHP-0425,Preparing,TRK100849,Ukraine,Kharkiv,Naukova 12
SEL-011,Seller SEL-011,sel-011@amazon-demo.local,Electronics>Computers>Laptops,ASIN-001-051,Nova Laptop 14,Physical,15.49,USD,120,CUS-101,Customer CUS-101,cus-101@mail.local,ORD-0426,2026-02-10T18:10:00.000Z,Created,2,SHP-0426,InTransit,TRK100850,Ukraine,Kyiv,Shevchenka 10
SEL-012,Seller SEL-012,sel-012@amazon-demo.local,Electronics>Audio>Headphones,ASIN-002-052,EchoSound Pro Headphones,Digital,46.49,USD,121,CUS-102,Customer CUS-102,cus-102@mail.local,ORD-0426,2026-02-11T19:11:00.000Z,Paid,3,SHP-0426,Delivered,TRK100851,Ukraine,Lviv,Soborna 25
SEL-013,Seller SEL-013,sel-013@amazon-demo.local,Books>Technology>Software Engineering,ASIN-003-053,Patterns for Scalable Systems,Physical,77.49,USD,122,CUS-103,Customer CUS-103,cus-103@mail.local,ORD-0427,2026-02-12T08:12:00.000Z,Packed,1,SHP-0427,Preparing,TRK100852,Ukraine,Odesa,Centralna 7
SEL-014,Seller SEL-014,sel-014@amazon-demo.local,Home & Kitchen>Appliances>Coffee Machines,ASIN-004-054,Barista Smart Brewer,Digital,108.49,USD,123,CUS-104,Customer CUS-104,cus-104@mail.local,ORD-0427,2026-02-13T09:13:00.000Z,Shipped,2,SHP-0427,InTransit,TRK100853,Ukraine,Dnipro,Independence 18
SEL-015,Seller SEL-015,sel-015@amazon-demo.local,Toys & Games>Board Games>Strategy,ASIN-005-055,Kingdoms of Logic,Physical,139.49,USD,124,CUS-105,Customer CUS-105,cus-105@mail.local,ORD-0428,2026-02-14T10:14:00.000Z,Delivered,3,SHP-0428,Delivered,TRK100854,Ukraine,Kharkiv,Naukova 12
SEL-016,Seller SEL-016,sel-016@amazon-demo.local,Electronics>Computers>Laptops,ASIN-001-056,Nova Laptop 14,Physical,20.49,USD,125,CUS-106,Customer CUS-106,cus-106@mail.local,ORD-0428,2026-02-15T11:15:00.000Z,Created,1,SHP-0428,Preparing,TRK100855,Ukraine,Kyiv,Shevchenka 10
SEL-017,Seller SEL-017,sel-017@amazon-demo.local,Electronics>Audio>Headphones,ASIN-002-057,EchoSound Pro Headphones,Digital,51.49,USD,126,CUS-107,Customer CUS-107,cus-107@mail.local,ORD-0429,2026-02-16T12:16:00.000Z,Paid,2,SHP-0429,InTransit,TRK100856,Ukraine,Lviv,Soborna 25
SEL-018,Seller SEL-018,sel-018@amazon-demo.local,Books>Technology>Software Engineering,ASIN-003-058,Patterns for Scalable Systems,Physical,82.49,USD,127,CUS-108,Customer CUS-108,cus-108@mail.local,ORD-0429,2026-02-17T13:17:00.000Z,Packed,3,SHP-0429,Delivered,TRK100857,Ukraine,Odesa,Centralna 7
SEL-019,Seller SEL-019,sel-019@amazon-demo.local,Home & Kitchen>Appliances>Coffee Machines,ASIN-004-059,Barista Smart Brewer,Digital,113.49,USD,128,CUS-109,Customer CUS-109,cus-109@mail.local,ORD-0430,2026-02-18T14:18:00.000Z,Shipped,1,SHP-0430,Preparing,TRK100858,Ukraine,Dnipro,Independence 18
SEL-020,Seller SEL-020,sel-020@amazon-demo.local,Toys & Games>Board Games>Strategy,ASIN-005-060,Kingdoms of Logic,Physical,144.49,USD,129,CUS-110,Customer CUS-110,cus-110@mail.local,ORD-0430,2026-02-19T15:19:00.000Z,Delivered,2,SHP-0430,InTransit,TRK100859,Ukraine,Kharkiv,Naukova 12
SEL-021,Seller SEL-021,sel-021@amazon-demo.local,Electronics>Computers>Laptops,ASIN-001-061,Nova Laptop 14,Physical,25.49,USD,130,CUS-111,Customer CUS-111,cus-111@mail.local,ORD-0431,2026-02-20T16:20:00.000Z,Created,3,SHP-0431,Delivered,TRK100860,Ukraine,Kyiv,Shevchenka 10
SEL-022,Seller SEL-022,sel-022@amazon-demo.local,Electronics>Audio>Headphones,ASIN-002-062,EchoSound Pro Headphones,Digital,56.49,USD,131,CUS-112,Customer CUS-112,cus-112@mail.local,ORD-0431,2026-02-21T17:21:00.000Z,Paid,1,SHP-0431,Preparing,TRK100861,Ukraine,Lviv,Soborna 25
SEL-023,Seller SEL-023,sel-023@amazon-demo.local,Books>Technology>Software Engineering,ASIN-003-063,Patterns for Scalable Systems,Physical,87.49,USD,132,CUS-113,Customer CUS-113,cus-113@mail.local,ORD-0432,2026-02-22T18:22:00.000Z,Packed,2,SHP-0432,InTransit,TRK100862,Ukraine,Odesa,Centralna 7
SEL-024,Seller SEL-024,sel-024@amazon-demo.local,Home & Kitchen>Appliances>Coffee Machines,ASIN-004-064,Barista Smart Brewer,Digital,118.49,USD,133,CUS-114,Customer CUS-114,cus-114@mail.local,ORD-0432,2026-02-23T19:23:00.000Z,Shipped,3,SHP-0432,Delivered,TRK100863,Ukraine,Dnipro,Independence 18
SEL-025,Seller SEL-025,sel-025@amazon-demo.local,Toys & Games>Board Games>Strategy,ASIN-005-065,Kingdoms of Logic,Physical,149.49,USD,134,CUS-115,Customer CUS-115,cus-115@mail.local,ORD-0433,2026-02-24T08:24:00.000Z,Delivered,1,SHP-0433,Preparing,TRK100864,Ukraine,Kharkiv,Naukova 12
SEL-026,Seller SEL-026,sel-026@amazon-demo.local,Electronics>Computers>Laptops,ASIN-001-066,Nova Laptop 14,Physical,30.49,USD,135,CUS-116,Customer CUS-116,cus-116@mail.local,ORD-0433,2026-02-25T09:25:00.000Z,Created,2,SHP-0433,InTransit,TRK100865,Ukraine,Kyiv,Shevchenka 10
SEL-027,Seller SEL-027,sel-027@amazon-demo.local,Electronics>Audio>Headphones,ASIN-002-067,EchoSound Pro Headphones,Digital,61.49,USD,136,CUS-117,Customer CUS-117,cus-117@mail.local,ORD-0434,2026-02-26T10:26:00.000Z,Paid,3,SHP-0434,Delivered,TRK100866,Ukraine,Lviv,Soborna 25
SEL-028,Seller SEL-028,sel-028@amazon-demo.local,Books>Technology>Software Engineering,ASIN-003-068,Patterns for Scalable Systems,Physical,75.49,USD,137,CUS-118,Customer CUS-118,cus-118@mail.local,ORD-0434,2026-02-27T11:27:00.000Z,Packed,1,SHP-0434,Preparing,TRK100867,Ukraine,Odesa,Centralna 7
SEL-029,Seller SEL-029,sel-029@amazon-demo.local,Home & Kitchen>Appliances>Coffee Machines,ASIN-004-069,Barista Smart Brewer,Digital,106.49,USD,138,CUS-119,Customer CUS-119,cus-119@mail.local,ORD-0435,2026-02-28T12:28:00.000Z,Shipped,2,SHP-0435,InTransit,TRK100868,Ukraine,Dnipro,Independence 18
SEL-030,Seller SEL-030,sel-030@amazon-demo.local,Toys & Games>Board Games>Strategy,ASIN-005-070,Kingdoms of Logic,Physical,137.49,USD,139,CUS-120,Customer CUS-120,cus-120@mail.local,ORD-0435,2026-03-01T13:29:00.000Z,Delivered,3,SHP-0435,Delivered,TRK100869,Ukraine,Kharkiv,Naukova 12
SEL-031,Seller SEL-031,sel-031@amazon-demo.local,Electronics>Computers>Laptops,ASIN-001-071,Nova Laptop 14,Physical,18.49,USD,140,CUS-121,Customer CUS-121,cus-121@mail.local,ORD-0436,2026-03-02T14:30:00.000Z,Created,1,SHP-0436,Preparing,TRK100870,Ukraine,Kyiv,Shevchenka 10
SEL-032,Seller SEL-032,sel-032@amazon-demo.local,Electronics>Audio>Headphones,ASIN-002-072,EchoSound Pro Headphones,Digital,49.49,USD,141,CUS-122,Customer CUS-122,cus-122@mail.local,ORD-0436,2026-03-03T15:31:00.000Z,Paid,2,SHP-0436,InTransit,TRK100871,Ukraine,Lviv,Soborna 25
SEL-033,Seller SEL-033,sel-033@amazon-demo.local,Books>Technology>Software Engineering,ASIN-003-073,Patterns for Scalable Systems,Physical,80.49,USD,142,CUS-123,Customer CUS-123,cus-123@mail.local,ORD-0437,2026-03-04T16:32:00.000Z,Packed,3,SHP-0437,Delivered,TRK100872,Ukraine,Odesa,Centralna 7
SEL-034,Seller SEL-034,sel-034@amazon-demo.local,Home & Kitchen>Appliances>Coffee Machines,ASIN-004-074,Barista Smart Brewer,Digital,111.49,USD,143,CUS-124,Customer CUS-124,cus-124@mail.local,ORD-0437,2026-03-05T17:33:00.000Z,Shipped,1,SHP-0437,Preparing,TRK100873,Ukraine,Dnipro,Independence 18
SEL-035,Seller SEL-035,sel-035@amazon-demo.local,Toys & Games>Board Games>Strategy,ASIN-005-075,Kingdoms of Logic,Physical,142.49,USD,144,CUS-125,Customer CUS-125,cus-125@mail.local,ORD-0438,2026-03-06T18:34:00.000Z,Delivered,2,SHP-0438,InTransit,TRK100874,Ukraine,Kharkiv,Naukova 12
SEL-036,Seller SEL-036,sel-036@amazon-demo.local,Electronics>Computers>Laptops,ASIN-001-076,Nova Laptop 14,Physical,23.49,USD,145,CUS-126,Customer CUS-126,cus-126@mail.local,ORD-0438,2026-03-07T19:35:00.000Z,Created,3,SHP-0438,Delivered,TRK100875,Ukraine,Kyiv,Shevchenka 10
SEL-037,Seller SEL-037,sel-037@amazon-demo.local,Electronics>Audio>Headphones,ASIN-002-077,EchoSound Pro Headphones,Digital,54.49,USD,146,CUS-127,Customer CUS-127,cus-127@mail.local,ORD-0439,2026-03-08T08:36:00.000Z,Paid,1,SHP-0439,Preparing,TRK100876,Ukraine,Lviv,Soborna 25
SEL-038,Seller SEL-038,sel-038@amazon-demo.local,Books>Technology>Software Engineering,ASIN-003-078,Patterns for Scalable Systems,Physical,85.49,USD,147,CUS-128,Customer CUS-128,cus-128@mail.local,ORD-0439,2026-03-09T09:37:00.000Z,Packed,2,SHP-0439,InTransit,TRK100877,Ukraine,Odesa,Centralna 7
SEL-039,Seller SEL-039,sel-039@amazon-demo.local,Home & Kitchen>Appliances>Coffee Machines,ASIN-004-079,Barista Smart Brewer,Digital,116.49,USD,148,CUS-129,Customer CUS-129,cus-129@mail.local,ORD-0440,2026-03-10T10:38:00.000Z,Shipped,3,SHP-0440,Delivered,TRK100878,Ukraine,Dnipro,Independence 18
SEL-040,Seller SEL-040,sel-040@amazon-demo.local,Toys & Games>Board Games>Strategy,ASIN-005-080,Kingdoms of Logic,Physical,147.49,USD,149,CUS-130,Customer CUS-130,cus-130@mail.local,ORD-0440,2026-03-11T11:39:00.000Z,Delivered,1,SHP-0440,Preparing,TRK100879,Ukraine,Kharkiv,Naukova 12
SEL-041,Seller SEL-041,sel-041@amazon-demo.local,Electronics>Computers>Laptops,ASIN-001-001,Nova Laptop 14,Physical,28.49,USD,150,CUS-131,Customer CUS-131,cus-131@mail.local,ORD-0441,2026-03-12T12:40:00.000Z,Created,2,SHP-0441,InTransit,TRK100880,Ukraine,Kyiv,Shevchenka 10
SEL-042,Seller SEL-042,sel-042@amazon-demo.local,Electronics>Audio>Headphones,ASIN-002-002,EchoSound Pro Headphones,Digital,59.49,USD,151,CUS-132,Customer CUS-132,cus-132@mail.local,ORD-0441,2026-03-13T13:41:00.000Z,Paid,3,SHP-0441,Delivered,TRK100881,Ukraine,Lviv,Soborna 25
SEL-043,Seller SEL-043,sel-043@amazon-demo.local,Books>Technology>Software Engineering,ASIN-003-003,Patterns for Scalable Systems,Physical,90.49,USD,152,CUS-133,Customer CUS-133,cus-133@mail.local,ORD-0442,2026-03-14T14:42:00.000Z,Packed,1,SHP-0442,Preparing,TRK100882,Ukraine,Odesa,Centralna 7
SEL-044,Seller SEL-044,sel-044@amazon-demo.local,Home & Kitchen>Appliances>Coffee Machines,ASIN-004-004,Barista Smart Brewer,Digital,121.49,USD,153,CUS-134,Customer CUS-134,cus-134@mail.local,ORD-0442,2026-03-15T15:43:00.000Z,Shipped,2,SHP-0442,InTransit,TRK100883,Ukraine,Dnipro,Independence 18
SEL-045,Seller SEL-045,sel-045@amazon-demo.local,Toys & Games>Board Games>Strategy,ASIN-005-005,Kingdoms of Logic,Physical,135.49,USD,154,CUS-135,Customer CUS-135,cus-135@mail.local,ORD-0443,2026-03-16T16:44:00.000Z,Delivered,3,SHP-0443,Delivered,TRK100884,Ukraine,Kharkiv,Naukova 12
SEL-046,Seller SEL-046,sel-046@amazon-demo.local,Electronics>Computers>Laptops,ASIN-001-006,Nova Laptop 14,Physical,16.49,USD,155,CUS-136,Customer CUS-136,cus-136@mail.local,ORD-0443,2026-03-17T17:45:00.000Z,Created,1,SHP-0443,Preparing,TRK100885,Ukraine,Kyiv,Shevchenka 10
SEL-047,Seller SEL-047,sel-047@amazon-demo.local,Electronics>Audio>Headphones,ASIN-002-007,EchoSound Pro Headphones,Digital,47.49,USD,156,CUS-137,Customer CUS-137,cus-137@mail.local,ORD-0444,2026-03-18T18:46:00.000Z,Paid,2,SHP-0444,InTransit,TRK100886,Ukraine,Lviv,Soborna 25
SEL-048,Seller SEL-048,sel-048@amazon-demo.local,Books>Technology>Software Engineering,ASIN-003-008,Patterns for Scalable Systems,Physical,78.49,USD,157,CUS-138,Customer CUS-138,cus-138@mail.local,ORD-0444,2026-03-19T19:47:00.000Z,Packed,3,SHP-0444,Delivered,TRK100887,Ukraine,Odesa,Centralna 7
SEL-049,Seller SEL-049,sel-049@amazon-demo.local,Home & Kitchen>Appliances>Coffee Machines,ASIN-004-009,Barista Smart Brewer,Digital,109.49,USD,158,CUS-139,Customer CUS-139,cus-139@mail.local,ORD-0445,2026-03-20T08:48:00.000Z,Shipped,1,SHP-0445,Preparing,TRK100888,Ukraine,Dnipro,Independence 18
SEL-050,Seller SEL-050,sel-050@amazon-demo.local,Toys & Games>Board Games>Strategy,ASIN-005-010,Kingdoms of Logic,Physical,140.49,USD,159,CUS-140,Customer CUS-140,cus-140@mail.local,ORD-0445,2026-03-21T09:49:00.000Z,Delivered,2,SHP-0445,InTransit,TRK100889,Ukraine,Kharkiv,Naukova 12
SEL-051,Seller SEL-051,sel-051@amazon-demo.local,Electronics>Computers>Laptops,ASIN-001-011,Nova Laptop 14,Physical,21.49,USD,160,CUS-141,Customer CUS-141,cus-141@mail.local,ORD-0446,2026-03-22T10:50:00.000Z,Created,3,SHP-0446,Delivered,TRK100890,Ukraine,Kyiv,Shevchenka 10
SEL-052,Seller SEL-052,sel-052@amazon-demo.local,Electronics>Audio>Headphones,ASIN-002-012,EchoSound Pro Headphones,Digital,52.49,USD,161,CUS-142,Customer CUS-142,cus-142@mail.local,ORD-0446,2026-03-23T11:51:00.000Z,Paid,1,SHP-0446,Preparing,TRK100891,Ukraine,Lviv,Soborna 25
SEL-053,Seller SEL-053,sel-053@amazon-demo.local,Books>Technology>Software Engineering,ASIN-003-013,Patterns for Scalable Systems,Physical,83.49,USD,162,CUS-143,Customer CUS-143,cus-143@mail.local,ORD-0447,2026-03-24T12:52:00.000Z,Packed,2,SHP-0447,InTransit,TRK100892,Ukraine,Odesa,Centralna 7
SEL-054,Seller SEL-054,sel-054@amazon-demo.local,Home & Kitchen>Appliances>Coffee Machines,ASIN-004-014,Barista Smart Brewer,Digital,114.49,USD,163,CUS-144,Customer CUS-144,cus-144@mail.local,ORD-0447,2026-03-25T13:53:00.000Z,Shipped,3,SHP-0447,Delivered,TRK100893,Ukraine,Dnipro,Independence 18
SEL-055,Seller SEL-055,sel-055@amazon-demo.local,Toys & Games>Board Games>Strategy,ASIN-005-015,Kingdoms of Logic,Physical,145.49,USD,164,CUS-145,Customer CUS-145,cus-145@mail.local,ORD-0448,2026-03-26T14:54:00.000Z,Delivered,1,SHP-0448,Preparing,TRK100894,Ukraine,Kharkiv,Naukova 12
SEL-056,Seller SEL-056,sel-056@amazon-demo.local,Electronics>Computers>Laptops,ASIN-001-016,Nova Laptop 14,Physical,26.49,USD,165,CUS-146,Customer CUS-146,cus-146@mail.local,ORD-0448,2026-03-27T15:55:00.000Z,Created,2,SHP-0448,InTransit,TRK100895,Ukraine,Kyiv,Shevchenka 10
SEL-057,Seller SEL-057,sel-057@amazon-demo.local,Electronics>Audio>Headphones,ASIN-002-017,EchoSound Pro Headphones,Digital,57.49,USD,166,CUS-147,Customer CUS-147,cus-147@mail.local,ORD-0449,2026-03-28T16:56:00.000Z,Paid,3,SHP-0449,Delivered,TRK100896,Ukraine,Lviv,Soborna 25
SEL-058,Seller SEL-058,sel-058@amazon-demo.local,Books>Technology>Software Engineering,ASIN-003-018,Patterns for Scalable Systems,Physical,88.49,USD,167,CUS-148,Customer CUS-148,cus-148@mail.local,ORD-0449,2026-03-29T17:57:00.000Z,Packed,1,SHP-0449,Preparing,TRK100897,Ukraine,Odesa,Centralna 7
SEL-059,Seller SEL-059,sel-059@amazon-demo.local,Home & Kitchen>Appliances>Coffee Machines,ASIN-004-019,Barista Smart Brewer,Digital,119.49,USD,168,CUS-149,Customer CUS-149,cus-149@mail.local,ORD-0450,2026-03-30T18:58:00.000Z,Shipped,2,SHP-0450,InTransit,TRK100898,Ukraine,Dnipro,Independence 18
SEL-060,Seller SEL-060,sel-060@amazon-demo.local,Toys & Games>Board Games>Strategy,ASIN-005-020,Kingdoms of Logic,Physical,150.49,USD,169,CUS-150,Customer CUS-150,cus-150@mail.local,ORD-0450,2026-03-31T19:59:00.000Z,Delivered,3,SHP-0450,Delivered,TRK100899,Ukraine,Kharkiv,Naukova 12
SEL-001,Seller SEL-001,sel-001@amazon-demo.local,Electronics>Computers>Laptops,ASIN-001-021,Nova Laptop 14,Physical,31.49,USD,20,CUS-151,Customer CUS-151,cus-151@mail.local,ORD-0451,2026-01-01T08:00:00.000Z,Created,1,SHP-0451,Preparing,TRK100900,Ukraine,Kyiv,Shevchenka 10
SEL-002,Seller SEL-002,sel-002@amazon-demo.local,Electronics>Audio>Headphones,ASIN-002-022,EchoSound Pro Headphones,Digital,45.49,USD,21,CUS-152,Customer CUS-152,cus-152@mail.local,ORD-0451,2026-01-02T09:01:00.000Z,Paid,2,SHP-0451,InTransit,TRK100901,Ukraine,Lviv,Soborna 25
SEL-003,Seller SEL-003,sel-003@amazon-demo.local,Books>Technology>Software Engineering,ASIN-003-023,Patterns for Scalable Systems,Physical,76.49,USD,22,CUS-153,Customer CUS-153,cus-153@mail.local,ORD-0452,2026-01-03T10:02:00.000Z,Packed,3,SHP-0452,Delivered,TRK100902,Ukraine,Odesa,Centralna 7
SEL-004,Seller SEL-004,sel-004@amazon-demo.local,Home & Kitchen>Appliances>Coffee Machines,ASIN-004-024,Barista Smart Brewer,Digital,107.49,USD,23,CUS-154,Customer CUS-154,cus-154@mail.local,ORD-0452,2026-01-04T11:03:00.000Z,Shipped,1,SHP-0452,Preparing,TRK100903,Ukraine,Dnipro,Independence 18
SEL-005,Seller SEL-005,sel-005@amazon-demo.local,Toys & Games>Board Games>Strategy,ASIN-005-025,Kingdoms of Logic,Physical,138.49,USD,24,CUS-155,Customer CUS-155,cus-155@mail.local,ORD-0453,2026-01-05T12:04:00.000Z,Delivered,2,SHP-0453,InTransit,TRK100904,Ukraine,Kharkiv,Naukova 12
SEL-006,Seller SEL-006,sel-006@amazon-demo.local,Electronics>Computers>Laptops,ASIN-001-026,Nova Laptop 14,Physical,19.49,USD,25,CUS-156,Customer CUS-156,cus-156@mail.local,ORD-0453,2026-01-06T13:05:00.000Z,Created,3,SHP-0453,Delivered,TRK100905,Ukraine,Kyiv,Shevchenka 10
SEL-007,Seller SEL-007,sel-007@amazon-demo.local,Electronics>Audio>Headphones,ASIN-002-027,EchoSound Pro Headphones,Digital,50.49,USD,26,CUS-157,Customer CUS-157,cus-157@mail.local,ORD-0454,2026-01-07T14:06:00.000Z,Paid,1,SHP-0454,Preparing,TRK100906,Ukraine,Lviv,Soborna 25
SEL-008,Seller SEL-008,sel-008@amazon-demo.local,Books>Technology>Software Engineering,ASIN-003-028,Patterns for Scalable Systems,Physical,81.49,USD,27,CUS-158,Customer CUS-158,cus-158@mail.local,ORD-0454,2026-01-08T15:07:00.000Z,Packed,2,SHP-0454,InTransit,TRK100907,Ukraine,Odesa,Centralna 7
SEL-009,Seller SEL-009,sel-009@amazon-demo.local,Home & Kitchen>Appliances>Coffee Machines,ASIN-004-029,Barista Smart Brewer,Digital,112.49,USD,28,CUS-159,Customer CUS-159,cus-159@mail.local,ORD-0455,2026-01-09T16:08:00.000Z,Shipped,3,SHP-0455,Delivered,TRK100908,Ukraine,Dnipro,Independence 18
SEL-010,Seller SEL-010,sel-010@amazon-demo.local,Toys & Games>Board Games>Strategy,ASIN-005-030,Kingdoms of Logic,Physical,143.49,USD,29,CUS-160,Customer CUS-160,cus-160@mail.local,ORD-0455,2026-01-10T17:09:00.000Z,Delivered,1,SHP-0455,Preparing,TRK100909,Ukraine,Kharkiv,Naukova 12
SEL-011,Seller SEL-011,sel-011@amazon-demo.local,Electronics>Computers>Laptops,ASIN-001-031,Nova Laptop 14,Physical,24.49,USD,30,CUS-161,Customer CUS-161,cus-161@mail.local,ORD-0456,2026-01-11T18:10:00.000Z,Created,2,SHP-0456,InTransit,TRK100910,Ukraine,Kyiv,Shevchenka 10
SEL-012,Seller SEL-012,sel-012@amazon-demo.local,Electronics>Audio>Headphones,ASIN-002-032,EchoSound Pro Headphones,Digital,55.49,USD,31,CUS-162,Customer CUS-162,cus-162@mail.local,ORD-0456,2026-01-12T19:11:00.000Z,Paid,3,SHP-0456,Delivered,TRK100911,Ukraine,Lviv,Soborna 25
SEL-013,Seller SEL-013,sel-013@amazon-demo.local,Books>Technology>Software Engineering,ASIN-003-033,Patterns for Scalable Systems,Physical,86.49,USD,32,CUS-163,Customer CUS-163,cus-163@mail.local,ORD-0457,2026-01-13T08:12:00.000Z,Packed,1,SHP-0457,Preparing,TRK100912,Ukraine,Odesa,Centralna 7
SEL-014,Seller SEL-014,sel-014@amazon-demo.local,Home & Kitchen>Appliances>Coffee Machines,ASIN-004-034,Barista Smart Brewer,Digital,117.49,USD,33,CUS-164,Customer CUS-164,cus-164@mail.local,ORD-0457,2026-01-14T09:13:00.000Z,Shipped,2,SHP-0457,InTransit,TRK100913,Ukraine,Dnipro,Independence 18
SEL-015,Seller SEL-015,sel-015@amazon-demo.local,Toys & Games>Board Games>Strategy,ASIN-005-035,Kingdoms of Logic,Physical,148.49,USD,34,CUS-165,Customer CUS-165,cus-165@mail.local,ORD-0458,2026-01-15T10:14:00.000Z,Delivered,3,SHP-0458,Delivered,TRK100914,Ukraine,Kharkiv,Naukova 12
SEL-016,Seller SEL-016,sel-016@amazon-demo.local,Electronics>Computers>Laptops,ASIN-001-036,Nova Laptop 14,Physical,29.49,USD,35,CUS-166,Customer CUS-166,cus-166@mail.local,ORD-0458,2026-01-16T11:15:00.000Z,Created,1,SHP-0458,Preparing,TRK100915,Ukraine,Kyiv,Shevchenka 10
SEL-017,Seller SEL-017,sel-017@amazon-demo.local,Electronics>Audio>Headphones,ASIN-002-037,EchoSound Pro Headphones,Digital,60.49,USD,36,CUS-167,Customer CUS-167,cus-167@mail.local,ORD-0459,2026-01-17T12:16:00.000Z,Paid,2,SHP-0459,InTransit,TRK100916,Ukraine,Lviv,Soborna 25
SEL-018,Seller SEL-018,sel-018@amazon-demo.local,Books>Technology>Software Engineering,ASIN-003-038,Patterns for Scalable Systems,Physical,91.49,USD,37,CUS-168,Customer CUS-168,cus-168@mail.local,ORD-0459,2026-01-18T13:17:00.000Z,Packed,3,SHP-0459,Delivered,TRK100917,Ukraine,Odesa,Centralna 7
SEL-019,Seller SEL-019,sel-019@amazon-demo.local,Home & Kitchen>Appliances>Coffee Machines,ASIN-004-039,Barista Smart Brewer,Digital,105.49,USD,38,CUS-169,Customer CUS-169,cus-169@mail.local,ORD-0460,2026-01-19T14:18:00.000Z,Shipped,1,SHP-0460,Preparing,TRK100918,Ukraine,Dnipro,Independence 18
SEL-020,Seller SEL-020,sel-020@amazon-demo.local,Toys & Games>Board Games>Strategy,ASIN-005-040,Kingdoms of Logic,Physical,136.49,USD,39,CUS-170,Customer CUS-170,cus-170@mail.local,ORD-0460,2026-01-20T15:19:00.000Z,Delivered,2,SHP-0460,InTransit,TRK100919,Ukraine,Kharkiv,Naukova 12
SEL-021,Seller SEL-021,sel-021@amazon-demo.local,Electronics>Computers>Laptops,ASIN-001-041,Nova Laptop 14,Physical,17.49,USD,40,CUS-171,Customer CUS-171,cus-171@mail.local,ORD-0461,2026-01-21T16:20:00.000Z,Created,3,SHP-0461,Delivered,TRK100920,Ukraine,Kyiv,Shevchenka 10
SEL-022,Seller SEL-022,sel-022@amazon-demo.local,Electronics>Audio>Headphones,ASIN-002-042,EchoSound Pro Headphones,Digital,48.49,USD,41,CUS-172,Customer CUS-172,cus-172@mail.local,ORD-0461,2026-01-22T17:21:00.000Z,Paid,1,SHP-0461,Preparing,TRK100921,Ukraine,Lviv,Soborna 25
SEL-023,Seller SEL-023,sel-023@amazon-demo.local,Books>Technology>Software Engineering,ASIN-003-043,Patterns for Scalable Systems,Physical,79.49,USD,42,CUS-173,Customer CUS-173,cus-173@mail.local,ORD-0462,2026-01-23T18:22:00.000Z,Packed,2,SHP-0462,InTransit,TRK100922,Ukraine,Odesa,Centralna 7
SEL-024,Seller SEL-024,sel-024@amazon-demo.local,Home & Kitchen>Appliances>Coffee Machines,ASIN-004-044,Barista Smart Brewer,Digital,110.49,USD,43,CUS-174,Customer CUS-174,cus-174@mail.local,ORD-0462,2026-01-24T19:23:00.000Z,Shipped,3,SHP-0462,Delivered,TRK100923,Ukraine,Dnipro,Independence 18
SEL-025,Seller SEL-025,sel-025@amazon-demo.local,Toys & Games>Board Games>Strategy,ASIN-005-045,Kingdoms of Logic,Physical,141.49,USD,44,CUS-175,Customer CUS-175,cus-175@mail.local,ORD-0463,2026-01-25T08:24:00.000Z,Delivered,1,SHP-0463,Preparing,TRK100924,Ukraine,Kharkiv,Naukova 12
SEL-026,Seller SEL-026,sel-026@amazon-demo.local,Electronics>Computers>Laptops,ASIN-001-046,Nova Laptop 14,Physical,22.49,USD,45,CUS-176,Customer CUS-176,cus-176@mail.local,ORD-0463,2026-01-26T09:25:00.000Z,Created,2,SHP-0463,InTransit,TRK100925,Ukraine,Kyiv,Shevchenka 10
SEL-027,Seller SEL-027,sel-027@amazon-demo.local,Electronics>Audio>Headphones,ASIN-002-047,EchoSound Pro Headphones,Digital,53.49,USD,46,CUS-177,Customer CUS-177,cus-177@mail.local,ORD-0464,2026-01-27T10:26:00.000Z,Paid,3,SHP-0464,Delivered,TRK100926,Ukraine,Lviv,Soborna 25
SEL-028,Seller SEL-028,sel-028@amazon-demo.local,Books>Technology>Software Engineering,ASIN-003-048,Patterns for Scalable Systems,Physical,84.49,USD,47,CUS-178,Customer CUS-178,cus-178@mail.local,ORD-0464,2026-01-28T11:27:00.000Z,Packed,1,SHP-0464,Preparing,TRK100927,Ukraine,Odesa,Centralna 7
SEL-029,Seller SEL-029,sel-029@amazon-demo.local,Home & Kitchen>Appliances>Coffee Machines,ASIN-004-049,Barista Smart Brewer,Digital,115.49,USD,48,CUS-179,Customer CUS-179,cus-179@mail.local,ORD-0465,2026-01-29T12:28:00.000Z,Shipped,2,SHP-0465,InTransit,TRK100928,Ukraine,Dnipro,Independence 18
SEL-030,Seller SEL-030,sel-030@amazon-demo.local,Toys & Games>Board Games>Strategy,ASIN-005-050,Kingdoms of Logic,Physical,146.49,USD,49,CUS-180,Customer CUS-180,cus-180@mail.local,ORD-0465,2026-01-30T13:29:00.000Z,Delivered,3,SHP-0465,Delivered,TRK100929,Ukraine,Kharkiv,Naukova 12
SEL-031,Seller SEL-031,sel-031@amazon-demo.local,Electronics>Computers>Laptops,ASIN-001-051,Nova Laptop 14,Physical,27.49,USD,50,CUS-181,Customer CUS-181,cus-181@mail.local,ORD-0466,2026-01-31T14:30:00.000Z,Created,1,SHP-0466,Preparing,TRK100930,Ukraine,Kyiv,Shevchenka 10
SEL-032,Seller SEL-032,sel-032@amazon-demo.local,Electronics>Audio>Headphones,ASIN-002-052,EchoSound Pro Headphones,Digital,58.49,USD,51,CUS-182,Customer CUS-182,cus-182@mail.local,ORD-0466,2026-02-01T15:31:00.000Z,Paid,2,SHP-0466,InTransit,TRK100931,Ukraine,Lviv,Soborna 25
SEL-033,Seller SEL-033,sel-033@amazon-demo.local,Books>Technology>Software Engineering,ASIN-003-053,Patterns for Scalable Systems,Physical,89.49,USD,52,CUS-183,Customer CUS-183,cus-183@mail.local,ORD-0467,2026-02-02T16:32:00.000Z,Packed,3,SHP-0467,Delivered,TRK100932,Ukraine,Odesa,Centralna 7
SEL-034,Seller SEL-034,sel-034@amazon-demo.local,Home & Kitchen>Appliances>Coffee Machines,ASIN-004-054,Barista Smart Brewer,Digital,120.49,USD,53,CUS-184,Customer CUS-184,cus-184@mail.local,ORD-0467,2026-02-03T17:33:00.000Z,Shipped,1,SHP-0467,Preparing,TRK100933,Ukraine,Dnipro,Independence 18
SEL-035,Seller SEL-035,sel-035@amazon-demo.local,Toys & Games>Board Games>Strategy,ASIN-005-055,Kingdoms of Logic,Physical,151.49,USD,54,CUS-185,Customer CUS-185,cus-185@mail.local,ORD-0468,2026-02-04T18:34:00.000Z,Delivered,2,SHP-0468,InTransit,TRK100934,Ukraine,Kharkiv,Naukova 12
SEL-036,Seller SEL-036,sel-036@amazon-demo.local,Electronics>Computers>Laptops,ASIN-001-056,Nova Laptop 14,Physical,15.49,USD,55,CUS-186,Customer CUS-186,cus-186@mail.local,ORD-0468,2026-02-05T19:35:00.000Z,Created,3,SHP-0468,Delivered,TRK100935,Ukraine,Kyiv,Shevchenka 10
SEL-037,Seller SEL-037,sel-037@amazon-demo.local,Electronics>Audio>Headphones,ASIN-002-057,EchoSound Pro Headphones,Digital,46.49,USD,56,CUS-187,Customer CUS-187,cus-187@mail.local,ORD-0469,2026-02-06T08:36:00.000Z,Paid,1,SHP-0469,Preparing,TRK100936,Ukraine,Lviv,Soborna 25
SEL-038,Seller SEL-038,sel-038@amazon-demo.local,Books>Technology>Software Engineering,ASIN-003-058,Patterns for Scalable Systems,Physical,77.49,USD,57,CUS-188,Customer CUS-188,cus-188@mail.local,ORD-0469,2026-02-07T09:37:00.000Z,Packed,2,SHP-0469,InTransit,TRK100937,Ukraine,Odesa,Centralna 7
SEL-039,Seller SEL-039,sel-039@amazon-demo.local,Home & Kitchen>Appliances>Coffee Machines,ASIN-004-059,Barista Smart Brewer,Digital,108.49,USD,58,CUS-189,Customer CUS-189,cus-189@mail.local,ORD-0470,2026-02-08T10:38:00.000Z,Shipped,3,SHP-0470,Delivered,TRK100938,Ukraine,Dnipro,Independence 18
SEL-040,Seller SEL-040,sel-040@amazon-demo.local,Toys & Games>Board Games>Strategy,ASIN-005-060,Kingdoms of Logic,Physical,139.49,USD,59,CUS-190,Customer CUS-190,cus-190@mail.local,ORD-0470,2026-02-09T11:39:00.000Z,Delivered,1,SHP-0470,Preparing,TRK100939,Ukraine,Kharkiv,Naukova 12
SEL-041,Seller SEL-041,sel-041@amazon-demo.local,Electronics>Computers>Laptops,ASIN-001-061,Nova Laptop 14,Physical,20.49,USD,60,CUS-191,Customer CUS-191,cus-191@mail.local,ORD-0471,2026-02-10T12:40:00.000Z,Created,2,SHP-0471,InTransit,TRK100940,Ukraine,Kyiv,Shevchenka 10
SEL-042,Seller SEL-042,sel-042@amazon-demo.local,Electronics>Audio>Headphones,ASIN-002-062,EchoSound Pro Headphones,Digital,51.49,USD,61,CUS-192,Customer CUS-192,cus-192@mail.local,ORD-0471,2026-02-11T13:41:00.000Z,Paid,3,SHP-0471,Delivered,TRK100941,Ukraine,Lviv,Soborna 25
SEL-043,Seller SEL-043,sel-043@amazon-demo.local,Books>Technology>Software Engineering,ASIN-003-063,Patterns for Scalable Systems,Physical,82.49,USD,62,CUS-193,Customer CUS-193,cus-193@mail.local,ORD-0472,2026-02-12T14:42:00.000Z,Packed,1,SHP-0472,Preparing,TRK100942,Ukraine,Odesa,Centralna 7
SEL-044,Seller SEL-044,sel-044@amazon-demo.local,Home & Kitchen>Appliances>Coffee Machines,ASIN-004-064,Barista Smart Brewer,Digital,113.49,USD,63,CUS-194,Customer CUS-194,cus-194@mail.local,ORD-0472,2026-02-13T15:43:00.000Z,Shipped,2,SHP-0472,InTransit,TRK100943,Ukraine,Dnipro,Independence 18
SEL-045,Seller SEL-045,sel-045@amazon-demo.local,Toys & Games>Board Games>Strategy,ASIN-005-065,Kingdoms of Logic,Physical,144.49,USD,64,CUS-195,Customer CUS-195,cus-195@mail.local,ORD-0473,2026-02-14T16:44:00.000Z,Delivered,3,SHP-0473,Delivered,TRK100944,Ukraine,Kharkiv,Naukova 12
SEL-046,Seller SEL-046,sel-046@amazon-demo.local,Electronics>Computers>Laptops,ASIN-001-066,Nova Laptop 14,Physical,25.49,USD,65,CUS-196,Customer CUS-196,cus-196@mail.local,ORD-0473,2026-02-15T17:45:00.000Z,Created,1,SHP-0473,Preparing,TRK100945,Ukraine,Kyiv,Shevchenka 10
SEL-047,Seller SEL-047,sel-047@amazon-demo.local,Electronics>Audio>Headphones,ASIN-002-067,EchoSound Pro Headphones,Digital,56.49,USD,66,CUS-197,Customer CUS-197,cus-197@mail.local,ORD-0474,2026-02-16T18:46:00.000Z,Paid,2,SHP-0474,InTransit,TRK100946,Ukraine,Lviv,Soborna 25
SEL-048,Seller SEL-048,sel-048@amazon-demo.local,Books>Technology>Software Engineering,ASIN-003-068,Patterns for Scalable Systems,Physical,87.49,USD,67,CUS-198,Customer CUS-198,cus-198@mail.local,ORD-0474,2026-02-17T19:47:00.000Z,Packed,3,SHP-0474,Delivered,TRK100947,Ukraine,Odesa,Centralna 7
SEL-049,Seller SEL-049,sel-049@amazon-demo.local,Home & Kitchen>Appliances>Coffee Machines,ASIN-004-069,Barista Smart Brewer,Digital,118.49,USD,68,CUS-199,Customer CUS-199,cus-199@mail.local,ORD-0475,2026-02-18T08:48:00.000Z,Shipped,1,SHP-0475,Preparing,TRK100948,Ukraine,Dnipro,Independence 18
SEL-050,Seller SEL-050,sel-050@amazon-demo.local,Toys & Games>Board Games>Strategy,ASIN-005-070,Kingdoms of Logic,Physical,149.49,USD,69,CUS-200,Customer CUS-200,cus-200@mail.local,ORD-0475,2026-02-19T09:49:00.000Z,Delivered,2,SHP-0475,InTransit,TRK100949,Ukraine,Kharkiv,Naukova 12
SEL-051,Seller SEL-051,sel-051@amazon-demo.local,Electronics>Computers>Laptops,ASIN-001-071,Nova Laptop 14,Physical,30.49,USD,70,CUS-201,Customer CUS-201,cus-201@mail.local,ORD-0476,2026-02-20T10:50:00.000Z,Created,3,SHP-0476,Delivered,TRK100950,Ukraine,Kyiv,Shevchenka 10
SEL-052,Seller SEL-052,sel-052@amazon-demo.local,Electronics>Audio>Headphones,ASIN-002-072,EchoSound Pro Headphones,Digital,61.49,USD,71,CUS-202,Customer CUS-202,cus-202@mail.local,ORD-0476,2026-02-21T11:51:00.000Z,Paid,1,SHP-0476,Preparing,TRK100951,Ukraine,Lviv,Soborna 25
SEL-053,Seller SEL-053,sel-053@amazon-demo.local,Books>Technology>Software Engineering,ASIN-003-073,Patterns for Scalable Systems,Physical,75.49,USD,72,CUS-203,Customer CUS-203,cus-203@mail.local,ORD-0477,2026-02-22T12:52:00.000Z,Packed,2,SHP-0477,InTransit,TRK100952,Ukraine,Odesa,Centralna 7
SEL-054,Seller SEL-054,sel-054@amazon-demo.local,Home & Kitchen>Appliances>Coffee Machines,ASIN-004-074,Barista Smart Brewer,Digital,106.49,USD,73,CUS-204,Customer CUS-204,cus-204@mail.local,ORD-0477,2026-02-23T13:53:00.000Z,Shipped,3,SHP-0477,Delivered,TRK100953,Ukraine,Dnipro,Independence 18
SEL-055,Seller SEL-055,sel-055@amazon-demo.local,Toys & Games>Board Games>Strategy,ASIN-005-075,Kingdoms of Logic,Physical,137.49,USD,74,CUS-205,Customer CUS-205,cus-205@mail.local,ORD-0478,2026-02-24T14:54:00.000Z,Delivered,1,SHP-0478,Preparing,TRK100954,Ukraine,Kharkiv,Naukova 12
SEL-056,Seller SEL-056,sel-056@amazon-demo.local,Electronics>Computers>Laptops,ASIN-001-076,Nova Laptop 14,Physical,18.49,USD,75,CUS-206,Customer CUS-206,cus-206@mail.local,ORD-0478,2026-02-25T15:55:00.000Z,Created,2,SHP-0478,InTransit,TRK100955,Ukraine,Kyiv,Shevchenka 10
SEL-057,Seller SEL-057,sel-057@amazon-demo.local,Electronics>Audio>Headphones,ASIN-002-077,EchoSound Pro Headphones,Digital,49.49,USD,76,CUS-207,Customer CUS-207,cus-207@mail.local,ORD-0479,2026-02-26T16:56:00.000Z,Paid,3,SHP-0479,Delivered,TRK100956,Ukraine,Lviv,Soborna 25
SEL-058,Seller SEL-058,sel-058@amazon-demo.local,Books>Technology>Software Engineering,ASIN-003-078,Patterns for Scalable Systems,Physical,80.49,USD,77,CUS-208,Customer CUS-208,cus-208@mail.local,ORD-0479,2026-02-27T17:57:00.000Z,Packed,1,SHP-0479,Preparing,TRK100957,Ukraine,Odesa,Centralna 7
SEL-059,Seller SEL-059,sel-059@amazon-demo.local,Home & Kitchen>Appliances>Coffee Machines,ASIN-004-079,Barista Smart Brewer,Digital,111.49,USD,78,CUS-209,Customer CUS-209,cus-209@mail.local,ORD-0480,2026-02-28T18:58:00.000Z,Shipped,2,SHP-0480,InTransit,TRK100958,Ukraine,Dnipro,Independence 18
SEL-060,Seller SEL-060,sel-060@amazon-demo.local,Toys & Games>Board Games>Strategy,ASIN-005-080,Kingdoms of Logic,Physical,142.49,USD,79,CUS-210,Customer CUS-210,cus-210@mail.local,ORD-0480,2026-03-01T19:59:00.000Z,Delivered,3,SHP-0480,Delivered,TRK100959,Ukraine,Kharkiv,Naukova 12
SEL-001,Seller SEL-001,sel-001@amazon-demo.local,Electronics>Computers>Laptops,ASIN-001-001,Nova Laptop 14,Physical,23.49,USD,80,CUS-211,Customer CUS-211,cus-211@mail.local,ORD-0481,2026-03-02T08:00:00.000Z,Created,1,SHP-0481,Preparing,TRK100960,Ukraine,Kyiv,Shevchenka 10
SEL-002,Seller SEL-002,sel-002@amazon-demo.local,Electronics>Audio>Headphones,ASIN-002-002,EchoSound Pro Headphones,Digital,54.49,USD,81,CUS-212,Customer CUS-212,cus-212@mail.local,ORD-0481,2026-03-03T09:01:00.000Z,Paid,2,SHP-0481,InTransit,TRK100961,Ukraine,Lviv,Soborna 25
SEL-003,Seller SEL-003,sel-003@amazon-demo.local,Books>Technology>Software Engineering,ASIN-003-003,Patterns for Scalable Systems,Physical,85.49,USD,82,CUS-213,Customer CUS-213,cus-213@mail.local,ORD-0482,2026-03-04T10:02:00.000Z,Packed,3,SHP-0482,Delivered,TRK100962,Ukraine,Odesa,Centralna 7
SEL-004,Seller SEL-004,sel-004@amazon-demo.local,Home & Kitchen>Appliances>Coffee Machines,ASIN-004-004,Barista Smart Brewer,Digital,116.49,USD,83,CUS-214,Customer CUS-214,cus-214@mail.local,ORD-0482,2026-03-05T11:03:00.000Z,Shipped,1,SHP-0482,Preparing,TRK100963,Ukraine,Dnipro,Independence 18
SEL-005,Seller SEL-005,sel-005@amazon-demo.local,Toys & Games>Board Games>Strategy,ASIN-005-005,Kingdoms of Logic,Physical,147.49,USD,84,CUS-215,Customer CUS-215,cus-215@mail.local,ORD-0483,2026-03-06T12:04:00.000Z,Delivered,2,SHP-0483,InTransit,TRK100964,Ukraine,Kharkiv,Naukova 12
SEL-006,Seller SEL-006,sel-006@amazon-demo.local,Electronics>Computers>Laptops,ASIN-001-006,Nova Laptop 14,Physical,28.49,USD,85,CUS-216,Customer CUS-216,cus-216@mail.local,ORD-0483,2026-03-07T13:05:00.000Z,Created,3,SHP-0483,Delivered,TRK100965,Ukraine,Kyiv,Shevchenka 10
SEL-007,Seller SEL-007,sel-007@amazon-demo.local,Electronics>Audio>Headphones,ASIN-002-007,EchoSound Pro Headphones,Digital,59.49,USD,86,CUS-217,Customer CUS-217,cus-217@mail.local,ORD-0484,2026-03-08T14:06:00.000Z,Paid,1,SHP-0484,Preparing,TRK100966,Ukraine,Lviv,Soborna 25
SEL-008,Seller SEL-008,sel-008@amazon-demo.local,Books>Technology>Software Engineering,ASIN-003-008,Patterns for Scalable Systems,Physical,90.49,USD,87,CUS-218,Customer CUS-218,cus-218@mail.local,ORD-0484,2026-03-09T15:07:00.000Z,Packed,2,SHP-0484,InTransit,TRK100967,Ukraine,Odesa,Centralna 7
SEL-009,Seller SEL-009,sel-009@amazon-demo.local,Home & Kitchen>Appliances>Coffee Machines,ASIN-004-009,Barista Smart Brewer,Digital,121.49,USD,88,CUS-219,Customer CUS-219,cus-219@mail.local,ORD-0485,2026-03-10T16:08:00.000Z,Shipped,3,SHP-0485,Delivered,TRK100968,Ukraine,Dnipro,Independence 18
SEL-010,Seller SEL-010,sel-010@amazon-demo.local,Toys & Games>Board Games>Strategy,ASIN-005-010,Kingdoms of Logic,Physical,135.49,USD,89,CUS-220,Customer CUS-220,cus-220@mail.local,ORD-0485,2026-03-11T17:09:00.000Z,Delivered,1,SHP-0485,Preparing,TRK100969,Ukraine,Kharkiv,Naukova 12
SEL-011,Seller SEL-011,sel-011@amazon-demo.local,Electronics>Computers>Laptops,ASIN-001-011,Nova Laptop 14,Physical,16.49,USD,90,CUS-221,Customer CUS-221,cus-221@mail.local,ORD-0486,2026-03-12T18:10:00.000Z,Created,2,SHP-0486,InTransit,TRK100970,Ukraine,Kyiv,Shevchenka 10
SEL-012,Seller SEL-012,sel-012@amazon-demo.local,Electronics>Audio>Headphones,ASIN-002-012,EchoSound Pro Headphones,Digital,47.49,USD,91,CUS-222,Customer CUS-222,cus-222@mail.local,ORD-0486,2026-03-13T19:11:00.000Z,Paid,3,SHP-0486,Delivered,TRK100971,Ukraine,Lviv,Soborna 25
SEL-013,Seller SEL-013,sel-013@amazon-demo.local,Books>Technology>Software Engineering,ASIN-003-013,Patterns for Scalable Systems,Physical,78.49,USD,92,CUS-223,Customer CUS-223,cus-223@mail.local,ORD-0487,2026-03-14T08:12:00.000Z,Packed,1,SHP-0487,Preparing,TRK100972,Ukraine,Odesa,Centralna 7
SEL-014,Seller SEL-014,sel-014@amazon-demo.local,Home & Kitchen>Appliances>Coffee Machines,ASIN-004-014,Barista Smart Brewer,Digital,109.49,USD,93,CUS-224,Customer CUS-224,cus-224@mail.local,ORD-0487,2026-03-15T09:13:00.000Z,Shipped,2,SHP-0487,InTransit,TRK100973,Ukraine,Dnipro,Independence 18
SEL-015,Seller SEL-015,sel-015@amazon-demo.local,Toys & Games>Board Games>Strategy,ASIN-005-015,Kingdoms of Logic,Physical,140.49,USD,94,CUS-225,Customer CUS-225,cus-225@mail.local,ORD-0488,2026-03-16T10:14:00.000Z,Delivered,3,SHP-0488,Delivered,TRK100974,Ukraine,Kharkiv,Naukova 12
SEL-016,Seller SEL-016,sel-016@amazon-demo.local,Electronics>Computers>Laptops,ASIN-001-016,Nova Laptop 14,Physical,21.49,USD,95,CUS-226,Customer CUS-226,cus-226@mail.local,ORD-0488,2026-03-17T11:15:00.000Z,Created,1,SHP-0488,Preparing,TRK100975,Ukraine,Kyiv,Shevchenka 10
SEL-017,Seller SEL-017,sel-017@amazon-demo.local,Electronics>Audio>Headphones,ASIN-002-017,EchoSound Pro Headphones,Digital,52.49,USD,96,CUS-227,Customer CUS-227,cus-227@mail.local,ORD-0489,2026-03-18T12:16:00.000Z,Paid,2,SHP-0489,InTransit,TRK100976,Ukraine,Lviv,Soborna 25
SEL-018,Seller SEL-018,sel-018@amazon-demo.local,Books>Technology>Software Engineering,ASIN-003-018,Patterns for Scalable Systems,Physical,83.49,USD,97,CUS-228,Customer CUS-228,cus-228@mail.local,ORD-0489,2026-03-19T13:17:00.000Z,Packed,3,SHP-0489,Delivered,TRK100977,Ukraine,Odesa,Centralna 7
SEL-019,Seller SEL-019,sel-019@amazon-demo.local,Home & Kitchen>Appliances>Coffee Machines,ASIN-004-019,Barista Smart Brewer,Digital,114.49,USD,98,CUS-229,Customer CUS-229,cus-229@mail.local,ORD-0490,2026-03-20T14:18:00.000Z,Shipped,1,SHP-0490,Preparing,TRK100978,Ukraine,Dnipro,Independence 18
SEL-020,Seller SEL-020,sel-020@amazon-demo.local,Toys & Games>Board Games>Strategy,ASIN-005-020,Kingdoms of Logic,Physical,145.49,USD,99,CUS-230,Customer CUS-230,cus-230@mail.local,ORD-0490,2026-03-21T15:19:00.000Z,Delivered,2,SHP-0490,InTransit,TRK100979,Ukraine,Kharkiv,Naukova 12
SEL-021,Seller SEL-021,sel-021@amazon-demo.local,Electronics>Computers>Laptops,ASIN-001-021,Nova Laptop 14,Physical,26.49,USD,100,CUS-231,Customer CUS-231,cus-231@mail.local,ORD-0491,2026-03-22T16:20:00.000Z,Created,3,SHP-0491,Delivered,TRK100980,Ukraine,Kyiv,Shevchenka 10
SEL-022,Seller SEL-022,sel-022@amazon-demo.local,Electronics>Audio>Headphones,ASIN-002-022,EchoSound Pro Headphones,Digital,57.49,USD,101,CUS-232,Customer CUS-232,cus-232@mail.local,ORD-0491,2026-03-23T17:21:00.000Z,Paid,1,SHP-0491,Preparing,TRK100981,Ukraine,Lviv,Soborna 25
SEL-023,Seller SEL-023,sel-023@amazon-demo.local,Books>Technology>Software Engineering,ASIN-003-023,Patterns for Scalable Systems,Physical,88.49,USD,102,CUS-233,Customer CUS-233,cus-233@mail.local,ORD-0492,2026-03-24T18:22:00.000Z,Packed,2,SHP-0492,InTransit,TRK100982,Ukraine,Odesa,Centralna 7
SEL-024,Seller SEL-024,sel-024@amazon-demo.local,Home & Kitchen>Appliances>Coffee Machines,ASIN-004-024,Barista Smart Brewer,Digital,119.49,USD,103,CUS-234,Customer CUS-234,cus-234@mail.local,ORD-0492,2026-03-25T19:23:00.000Z,Shipped,3,SHP-0492,Delivered,TRK100983,Ukraine,Dnipro,Independence 18
SEL-025,Seller SEL-025,sel-025@amazon-demo.local,Toys & Games>Board Games>Strategy,ASIN-005-025,Kingdoms of Logic,Physical,150.49,USD,104,CUS-235,Customer CUS-235,cus-235@mail.local,ORD-0493,2026-03-26T08:24:00.000Z,Delivered,1,SHP-0493,Preparing,TRK100984,Ukraine,Kharkiv,Naukova 12
SEL-026,Seller SEL-026,sel-026@amazon-demo.local,Electronics>Computers>Laptops,ASIN-001-026,Nova Laptop 14,Physical,31.49,USD,105,CUS-236,Customer CUS-236,cus-236@mail.local,ORD-0493,2026-03-27T09:25:00.000Z,Created,2,SHP-0493,InTransit,TRK100985,Ukraine,Kyiv,Shevchenka 10
SEL-027,Seller SEL-027,sel-027@amazon-demo.local,Electronics>Audio>Headphones,ASIN-002-027,EchoSound Pro Headphones,Digital,45.49,USD,106,CUS-237,Customer CUS-237,cus-237@mail.local,ORD-0494,2026-03-28T10:26:00.000Z,Paid,3,SHP-0494,Delivered,TRK100986,Ukraine,Lviv,Soborna 25
SEL-028,Seller SEL-028,sel-028@amazon-demo.local,Books>Technology>Software Engineering,ASIN-003-028,Patterns for Scalable Systems,Physical,76.49,USD,107,CUS-238,Customer CUS-238,cus-238@mail.local,ORD-0494,2026-03-29T11:27:00.000Z,Packed,1,SHP-0494,Preparing,TRK100987,Ukraine,Odesa,Centralna 7
SEL-029,Seller SEL-029,sel-029@amazon-demo.local,Home & Kitchen>Appliances>Coffee Machines,ASIN-004-029,Barista Smart Brewer,Digital,107.49,USD,108,CUS-239,Customer CUS-239,cus-239@mail.local,ORD-0495,2026-03-30T12:28:00.000Z,Shipped,2,SHP-0495,InTransit,TRK100988,Ukraine,Dnipro,Independence 18
SEL-030,Seller SEL-030,sel-030@amazon-demo.local,Toys & Games>Board Games>Strategy,ASIN-005-030,Kingdoms of Logic,Physical,138.49,USD,109,CUS-240,Customer CUS-240,cus-240@mail.local,ORD-0495,2026-03-31T13:29:00.000Z,Delivered,3,SHP-0495,Delivered,TRK100989,Ukraine,Kharkiv,Naukova 12
SEL-031,Seller SEL-031,sel-031@amazon-demo.local,Electronics>Computers>Laptops,ASIN-001-031,Nova Laptop 14,Physical,19.49,USD,110,CUS-241,Customer CUS-241,cus-241@mail.local,ORD-0496,2026-01-01T14:30:00.000Z,Created,1,SHP-0496,Preparing,TRK100990,Ukraine,Kyiv,Shevchenka 10
SEL-032,Seller SEL-032,sel-032@amazon-demo.local,Electronics>Audio>Headphones,ASIN-002-032,EchoSound Pro Headphones,Digital,50.49,USD,111,CUS-242,Customer CUS-242,cus-242@mail.local,ORD-0496,2026-01-02T15:31:00.000Z,Paid,2,SHP-0496,InTransit,TRK100991,Ukraine,Lviv,Soborna 25
SEL-033,Seller SEL-033,sel-033@amazon-demo.local,Books>Technology>Software Engineering,ASIN-003-033,Patterns for Scalable Systems,Physical,81.49,USD,112,CUS-243,Customer CUS-243,cus-243@mail.local,ORD-0497,2026-01-03T16:32:00.000Z,Packed,3,SHP-0497,Delivered,TRK100992,Ukraine,Odesa,Centralna 7
SEL-034,Seller SEL-034,sel-034@amazon-demo.local,Home & Kitchen>Appliances>Coffee Machines,ASIN-004-034,Barista Smart Brewer,Digital,112.49,USD,113,CUS-244,Customer CUS-244,cus-244@mail.local,ORD-0497,2026-01-04T17:33:00.000Z,Shipped,1,SHP-0497,Preparing,TRK100993,Ukraine,Dnipro,Independence 18
SEL-035,Seller SEL-035,sel-035@amazon-demo.local,Toys & Games>Board Games>Strategy,ASIN-005-035,Kingdoms of Logic,Physical,143.49,USD,114,CUS-245,Customer CUS-245,cus-245@mail.local,ORD-0498,2026-01-05T18:34:00.000Z,Delivered,2,SHP-0498,InTransit,TRK100994,Ukraine,Kharkiv,Naukova 12
SEL-036,Seller SEL-036,sel-036@amazon-demo.local,Electronics>Computers>Laptops,ASIN-001-036,Nova Laptop 14,Physical,24.49,USD,115,CUS-246,Customer CUS-246,cus-246@mail.local,ORD-0498,2026-01-06T19:35:00.000Z,Created,3,SHP-0498,Delivered,TRK100995,Ukraine,Kyiv,Shevchenka 10
SEL-037,Seller SEL-037,sel-037@amazon-demo.local,Electronics>Audio>Headphones,ASIN-002-037,EchoSound Pro Headphones,Digital,55.49,USD,116,CUS-247,Customer CUS-247,cus-247@mail.local,ORD-0499,2026-01-07T08:36:00.000Z,Paid,1,SHP-0499,Preparing,TRK100996,Ukraine,Lviv,Soborna 25
SEL-038,Seller SEL-038,sel-038@amazon-demo.local,Books>Technology>Software Engineering,ASIN-003-038,Patterns for Scalable Systems,Physical,86.49,USD,117,CUS-248,Customer CUS-248,cus-248@mail.local,ORD-0499,2026-01-08T09:37:00.000Z,Packed,2,SHP-0499,InTransit,TRK100997,Ukraine,Odesa,Centralna 7
SEL-039,Seller SEL-039,sel-039@amazon-demo.local,Home & Kitchen>Appliances>Coffee Machines,ASIN-004-039,Barista Smart Brewer,Digital,117.49,USD,118,CUS-249,Customer CUS-249,cus-249@mail.local,ORD-0500,2026-01-09T10:38:00.000Z,Shipped,3,SHP-0500,Delivered,TRK100998,Ukraine,Dnipro,Independence 18
SEL-040,Seller SEL-040,sel-040@amazon-demo.local,Toys & Games>Board Games>Strategy,ASIN-005-040,Kingdoms of Logic,Physical,148.49,USD,119,CUS-250,Customer CUS-250,cus-250@mail.local,ORD-0500,2026-01-10T11:39:00.000Z,Delivered,1,SHP-0500,Preparing,TRK100999,Ukraine,Kharkiv,Naukova 12
SEL-041,Seller SEL-041,sel-041@amazon-demo.local,Electronics>Computers>Laptops,ASIN-001-041,Nova Laptop 14,Physical,29.49,USD,120,CUS-001,Customer CUS-001,cus-001@mail.local,ORD-0501,2026-01-11T12:40:00.000Z,Created,2,SHP-0501,InTransit,TRK101000,Ukraine,Kyiv,Shevchenka 10
SEL-042,Seller SEL-042,sel-042@amazon-demo.local,Electronics>Audio>Headphones,ASIN-002-042,EchoSound Pro Headphones,Digital,60.49,USD,121,CUS-002,Customer CUS-002,cus-002@mail.local,ORD-0501,2026-01-12T13:41:00.000Z,Paid,3,SHP-0501,Delivered,TRK101001,Ukraine,Lviv,Soborna 25
SEL-043,Seller SEL-043,sel-043@amazon-demo.local,Books>Technology>Software Engineering,ASIN-003-043,Patterns for Scalable Systems,Physical,91.49,USD,122,CUS-003,Customer CUS-003,cus-003@mail.local,ORD-0502,2026-01-13T14:42:00.000Z,Packed,1,SHP-0502,Preparing,TRK101002,Ukraine,Odesa,Centralna 7
SEL-044,Seller SEL-044,sel-044@amazon-demo.local,Home & Kitchen>Appliances>Coffee Machines,ASIN-004-044,Barista Smart Brewer,Digital,105.49,USD,123,CUS-004,Customer CUS-004,cus-004@mail.local,ORD-0502,2026-01-14T15:43:00.000Z,Shipped,2,SHP-0502,InTransit,TRK101003,Ukraine,Dnipro,Independence 18
SEL-045,Seller SEL-045,sel-045@amazon-demo.local,Toys & Games>Board Games>Strategy,ASIN-005-045,Kingdoms of Logic,Physical,136.49,USD,124,CUS-005,Customer CUS-005,cus-005@mail.local,ORD-0503,2026-01-15T16:44:00.000Z,Delivered,3,SHP-0503,Delivered,TRK101004,Ukraine,Kharkiv,Naukova 12
SEL-046,Seller SEL-046,sel-046@amazon-demo.local,Electronics>Computers>Laptops,ASIN-001-046,Nova Laptop 14,Physical,17.49,USD,125,CUS-006,Customer CUS-006,cus-006@mail.local,ORD-0503,2026-01-16T17:45:00.000Z,Created,1,SHP-0503,Preparing,TRK101005,Ukraine,Kyiv,Shevchenka 10
SEL-047,Seller SEL-047,sel-047@amazon-demo.local,Electronics>Audio>Headphones,ASIN-002-047,EchoSound Pro Headphones,Digital,48.49,USD,126,CUS-007,Customer CUS-007,cus-007@mail.local,ORD-0504,2026-01-17T18:46:00.000Z,Paid,2,SHP-0504,InTransit,TRK101006,Ukraine,Lviv,Soborna 25
SEL-048,Seller SEL-048,sel-048@amazon-demo.local,Books>Technology>Software Engineering,ASIN-003-048,Patterns for Scalable Systems,Physical,79.49,USD,127,CUS-008,Customer CUS-008,cus-008@mail.local,ORD-0504,2026-01-18T19:47:00.000Z,Packed,3,SHP-0504,Delivered,TRK101007,Ukraine,Odesa,Centralna 7
SEL-049,Seller SEL-049,sel-049@amazon-demo.local,Home & Kitchen>Appliances>Coffee Machines,ASIN-004-049,Barista Smart Brewer,Digital,110.49,USD,128,CUS-009,Customer CUS-009,cus-009@mail.local,ORD-0505,2026-01-19T08:48:00.000Z,Shipped,1,SHP-0505,Preparing,TRK101008,Ukraine,Dnipro,Independence 18
SEL-050,Seller SEL-050,sel-050@amazon-demo.local,Toys & Games>Board Games>Strategy,ASIN-005-050,Kingdoms of Logic,Physical,141.49,USD,129,CUS-010,Customer CUS-010,cus-010@mail.local,ORD-0505,2026-01-20T09:49:00.000Z,Delivered,2,SHP-0505,InTransit,TRK101009,Ukraine,Kharkiv,Naukova 12
SEL-051,Seller SEL-051,sel-051@amazon-demo.local,Electronics>Computers>Laptops,ASIN-001-051,Nova Laptop 14,Physical,22.49,USD,130,CUS-011,Customer CUS-011,cus-011@mail.local,ORD-0506,2026-01-21T10:50:00.000Z,Created,3,SHP-0506,Delivered,TRK101010,Ukraine,Kyiv,Shevchenka 10
SEL-052,Seller SEL-052,sel-052@amazon-demo.local,Electronics>Audio>Headphones,ASIN-002-052,EchoSound Pro Headphones,Digital,53.49,USD,131,CUS-012,Customer CUS-012,cus-012@mail.local,ORD-0506,2026-01-22T11:51:00.000Z,Paid,1,SHP-0506,Preparing,TRK101011,Ukraine,Lviv,Soborna 25
SEL-053,Seller SEL-053,sel-053@amazon-demo.local,Books>Technology>Software Engineering,ASIN-003-053,Patterns for Scalable Systems,Physical,84.49,USD,132,CUS-013,Customer CUS-013,cus-013@mail.local,ORD-0507,2026-01-23T12:52:00.000Z,Packed,2,SHP-0507,InTransit,TRK101012,Ukraine,Odesa,Centralna 7
SEL-054,Seller SEL-054,sel-054@amazon-demo.local,Home & Kitchen>Appliances>Coffee Machines,ASIN-004-054,Barista Smart Brewer,Digital,115.49,USD,133,CUS-014,Customer CUS-014,cus-014@mail.local,ORD-0507,2026-01-24T13:53:00.000Z,Shipped,3,SHP-0507,Delivered,TRK101013,Ukraine,Dnipro,Independence 18
SEL-055,Seller SEL-055,sel-055@amazon-demo.local,Toys & Games>Board Games>Strategy,ASIN-005-055,Kingdoms of Logic,Physical,146.49,USD,134,CUS-015,Customer CUS-015,cus-015@mail.local,ORD-0508,2026-01-25T14:54:00.000Z,Delivered,1,SHP-0508,Preparing,TRK101014,Ukraine,Kharkiv,Naukova 12
SEL-056,Seller SEL-056,sel-056@amazon-demo.local,Electronics>Computers>Laptops,ASIN-001-056,Nova Laptop 14,Physical,27.49,USD,135,CUS-016,Customer CUS-016,cus-016@mail.local,ORD-0508,2026-01-26T15:55:00.000Z,Created,2,SHP-0508,InTransit,TRK101015,Ukraine,Kyiv,Shevchenka 10
SEL-057,Seller SEL-057,sel-057@amazon-demo.local,Electronics>Audio>Headphones,ASIN-002-057,EchoSound Pro Headphones,Digital,58.49,USD,136,CUS-017,Customer CUS-017,cus-017@mail.local,ORD-0509,2026-01-27T16:56:00.000Z,Paid,3,SHP-0509,Delivered,TRK101016,Ukraine,Lviv,Soborna 25
SEL-058,Seller SEL-058,sel-058@amazon-demo.local,Books>Technology>Software Engineering,ASIN-003-058,Patterns for Scalable Systems,Physical,89.49,USD,137,CUS-018,Customer CUS-018,cus-018@mail.local,ORD-0509,2026-01-28T17:57:00.000Z,Packed,1,SHP-0509,Preparing,TRK101017,Ukraine,Odesa,Centralna 7
SEL-059,Seller SEL-059,sel-059@amazon-demo.local,Home & Kitchen>Appliances>Coffee Machines,ASIN-004-059,Barista Smart Brewer,Digital,120.49,USD,138,CUS-019,Customer CUS-019,cus-019@mail.local,ORD-0510,2026-01-29T18:58:00.000Z,Shipped,2,SHP-0510,InTransit,TRK101018,Ukraine,Dnipro,Independence 18
SEL-060,Seller SEL-060,sel-060@amazon-demo.local,Toys & Games>Board Games>Strategy,ASIN-005-060,Kingdoms of Logic,Physical,151.49,USD,139,CUS-020,Customer CUS-020,cus-020@mail.local,ORD-0510,2026-01-30T19:59:00.000Z,Delivered,3,SHP-0510,Delivered,TRK101019,Ukraine,Kharkiv,Naukova 12
SEL-001,Seller SEL-001,sel-001@amazon-demo.local,Electronics>Computers>Laptops,ASIN-001-061,Nova Laptop 14,Physical,15.49,USD,140,CUS-021,Customer CUS-021,cus-021@mail.local,ORD-0511,2026-01-31T08:00:00.000Z,Created,1,SHP-0511,Preparing,TRK101020,Ukraine,Kyiv,Shevchenka 10
SEL-002,Seller SEL-002,sel-002@amazon-demo.local,Electronics>Audio>Headphones,ASIN-002-062,EchoSound Pro Headphones,Digital,46.49,USD,141,CUS-022,Customer CUS-022,cus-022@mail.local,ORD-0511,2026-02-01T09:01:00.000Z,Paid,2,SHP-0511,InTransit,TRK101021,Ukraine,Lviv,Soborna 25
SEL-003,Seller SEL-003,sel-003@amazon-demo.local,Books>Technology>Software Engineering,ASIN-003-063,Patterns for Scalable Systems,Physical,77.49,USD,142,CUS-023,Customer CUS-023,cus-023@mail.local,ORD-0512,2026-02-02T10:02:00.000Z,Packed,3,SHP-0512,Delivered,TRK101022,Ukraine,Odesa,Centralna 7
SEL-004,Seller SEL-004,sel-004@amazon-demo.local,Home & Kitchen>Appliances>Coffee Machines,ASIN-004-064,Barista Smart Brewer,Digital,108.49,USD,143,CUS-024,Customer CUS-024,cus-024@mail.local,ORD-0512,2026-02-03T11:03:00.000Z,Shipped,1,SHP-0512,Preparing,TRK101023,Ukraine,Dnipro,Independence 18
SEL-005,Seller SEL-005,sel-005@amazon-demo.local,Toys & Games>Board Games>Strategy,ASIN-005-065,Kingdoms of Logic,Physical,139.49,USD,144,CUS-025,Customer CUS-025,cus-025@mail.local,ORD-0513,2026-02-04T12:04:00.000Z,Delivered,2,SHP-0513,InTransit,TRK101024,Ukraine,Kharkiv,Naukova 12
SEL-006,Seller SEL-006,sel-006@amazon-demo.local,Electronics>Computers>Laptops,ASIN-001-066,Nova Laptop 14,Physical,20.49,USD,145,CUS-026,Customer CUS-026,cus-026@mail.local,ORD-0513,2026-02-05T13:05:00.000Z,Created,3,SHP-0513,Delivered,TRK101025,Ukraine,Kyiv,Shevchenka 10
SEL-007,Seller SEL-007,sel-007@amazon-demo.local,Electronics>Audio>Headphones,ASIN-002-067,EchoSound Pro Headphones,Digital,51.49,USD,146,CUS-027,Customer CUS-027,cus-027@mail.local,ORD-0514,2026-02-06T14:06:00.000Z,Paid,1,SHP-0514,Preparing,TRK101026,Ukraine,Lviv,Soborna 25
SEL-008,Seller SEL-008,sel-008@amazon-demo.local,Books>Technology>Software Engineering,ASIN-003-068,Patterns for Scalable Systems,Physical,82.49,USD,147,CUS-028,Customer CUS-028,cus-028@mail.local,ORD-0514,2026-02-07T15:07:00.000Z,Packed,2,SHP-0514,InTransit,TRK101027,Ukraine,Odesa,Centralna 7
SEL-009,Seller SEL-009,sel-009@amazon-demo.local,Home & Kitchen>Appliances>Coffee Machines,ASIN-004-069,Barista Smart Brewer,Digital,113.49,USD,148,CUS-029,Customer CUS-029,cus-029@mail.local,ORD-0515,2026-02-08T16:08:00.000Z,Shipped,3,SHP-0515,Delivered,TRK101028,Ukraine,Dnipro,Independence 18
SEL-010,Seller SEL-010,sel-010@amazon-demo.local,Toys & Games>Board Games>Strategy,ASIN-005-070,Kingdoms of Logic,Physical,144.49,USD,149,CUS-030,Customer CUS-030,cus-030@mail.local,ORD-0515,2026-02-09T17:09:00.000Z,Delivered,1,SHP-0515,Preparing,TRK101029,Ukraine,Kharkiv,Naukova 12
SEL-011,Seller SEL-011,sel-011@amazon-demo.local,Electronics>Computers>Laptops,ASIN-001-071,Nova Laptop 14,Physical,25.49,USD,150,CUS-031,Customer CUS-031,cus-031@mail.local,ORD-0516,2026-02-10T18:10:00.000Z,Created,2,SHP-0516,InTransit,TRK101030,Ukraine,Kyiv,Shevchenka 10
SEL-012,Seller SEL-012,sel-012@amazon-demo.local,Electronics>Audio>Headphones,ASIN-002-072,EchoSound Pro Headphones,Digital,56.49,USD,151,CUS-032,Customer CUS-032,cus-032@mail.local,ORD-0516,2026-02-11T19:11:00.000Z,Paid,3,SHP-0516,Delivered,TRK101031,Ukraine,Lviv,Soborna 25
SEL-013,Seller SEL-013,sel-013@amazon-demo.local,Books>Technology>Software Engineering,ASIN-003-073,Patterns for Scalable Systems,Physical,87.49,USD,152,CUS-033,Customer CUS-033,cus-033@mail.local,ORD-0517,2026-02-12T08:12:00.000Z,Packed,1,SHP-0517,Preparing,TRK101032,Ukraine,Odesa,Centralna 7
SEL-014,Seller SEL-014,sel-014@amazon-demo.local,Home & Kitchen>Appliances>Coffee Machines,ASIN-004-074,Barista Smart Brewer,Digital,118.49,USD,153,CUS-034,Customer CUS-034,cus-034@mail.local,ORD-0517,2026-02-13T09:13:00.000Z,Shipped,2,SHP-0517,InTransit,TRK101033,Ukraine,Dnipro,Independence 18
SEL-015,Seller SEL-015,sel-015@amazon-demo.local,Toys & Games>Board Games>Strategy,ASIN-005-075,Kingdoms of Logic,Physical,149.49,USD,154,CUS-035,Customer CUS-035,cus-035@mail.local,ORD-0518,2026-02-14T10:14:00.000Z,Delivered,3,SHP-0518,Delivered,TRK101034,Ukraine,Kharkiv,Naukova 12
SEL-016,Seller SEL-016,sel-016@amazon-demo.local,Electronics>Computers>Laptops,ASIN-001-076,Nova Laptop 14,Physical,30.49,USD,155,CUS-036,Customer CUS-036,cus-036@mail.local,ORD-0518,2026-02-15T11:15:00.000Z,Created,1,SHP-0518,Preparing,TRK101035,Ukraine,Kyiv,Shevchenka 10
SEL-017,Seller SEL-017,sel-017@amazon-demo.local,Electronics>Audio>Headphones,ASIN-002-077,EchoSound Pro Headphones,Digital,61.49,USD,156,CUS-037,Customer CUS-037,cus-037@mail.local,ORD-0519,2026-02-16T12:16:00.000Z,Paid,2,SHP-0519,InTransit,TRK101036,Ukraine,Lviv,Soborna 25
SEL-018,Seller SEL-018,sel-018@amazon-demo.local,Books>Technology>Software Engineering,ASIN-003-078,Patterns for Scalable Systems,Physical,75.49,USD,157,CUS-038,Customer CUS-038,cus-038@mail.local,ORD-0519,2026-02-17T13:17:00.000Z,Packed,3,SHP-0519,Delivered,TRK101037,Ukraine,Odesa,Centralna 7
SEL-019,Seller SEL-019,sel-019@amazon-demo.local,Home & Kitchen>Appliances>Coffee Machines,ASIN-004-079,Barista Smart Brewer,Digital,106.49,USD,158,CUS-039,Customer CUS-039,cus-039@mail.local,ORD-0520,2026-02-18T14:18:00.000Z,Shipped,1,SHP-0520,Preparing,TRK101038,Ukraine,Dnipro,Independence 18
SEL-020,Seller SEL-020,sel-020@amazon-demo.local,Toys & Games>Board Games>Strategy,ASIN-005-080,Kingdoms of Logic,Physical,137.49,USD,159,CUS-040,Customer CUS-040,cus-040@mail.local,ORD-0520,2026-02-19T15:19:00.000Z,Delivered,2,SHP-0520,InTransit,TRK101039,Ukraine,Kharkiv,Naukova 12
SEL-021,Seller SEL-021,sel-021@amazon-demo.local,Electronics>Computers>Laptops,ASIN-001-001,Nova Laptop 14,Physical,18.49,USD,160,CUS-041,Customer CUS-041,cus-041@mail.local,ORD-0521,2026-02-20T16:20:00.000Z,Created,3,SHP-0521,Delivered,TRK101040,Ukraine,Kyiv,Shevchenka 10
SEL-022,Seller SEL-022,sel-022@amazon-demo.local,Electronics>Audio>Headphones,ASIN-002-002,EchoSound Pro Headphones,Digital,49.49,USD,161,CUS-042,Customer CUS-042,cus-042@mail.local,ORD-0521,2026-02-21T17:21:00.000Z,Paid,1,SHP-0521,Preparing,TRK101041,Ukraine,Lviv,Soborna 25
SEL-023,Seller SEL-023,sel-023@amazon-demo.local,Books>Technology>Software Engineering,ASIN-003-003,Patterns for Scalable Systems,Physical,80.49,USD,162,CUS-043,Customer CUS-043,cus-043@mail.local,ORD-0522,2026-02-22T18:22:00.000Z,Packed,2,SHP-0522,InTransit,TRK101042,Ukraine,Odesa,Centralna 7
SEL-024,Seller SEL-024,sel-024@amazon-demo.local,Home & Kitchen>Appliances>Coffee Machines,ASIN-004-004,Barista Smart Brewer,Digital,111.49,USD,163,CUS-044,Customer CUS-044,cus-044@mail.local,ORD-0522,2026-02-23T19:23:00.000Z,Shipped,3,SHP-0522,Delivered,TRK101043,Ukraine,Dnipro,Independence 18
SEL-025,Seller SEL-025,sel-025@amazon-demo.local,Toys & Games>Board Games>Strategy,ASIN-005-005,Kingdoms of Logic,Physical,142.49,USD,164,CUS-045,Customer CUS-045,cus-045@mail.local,ORD-0523,2026-02-24T08:24:00.000Z,Delivered,1,SHP-0523,Preparing,TRK101044,Ukraine,Kharkiv,Naukova 12
SEL-026,Seller SEL-026,sel-026@amazon-demo.local,Electronics>Computers>Laptops,ASIN-001-006,Nova Laptop 14,Physical,23.49,USD,165,CUS-046,Customer CUS-046,cus-046@mail.local,ORD-0523,2026-02-25T09:25:00.000Z,Created,2,SHP-0523,InTransit,TRK101045,Ukraine,Kyiv,Shevchenka 10
SEL-027,Seller SEL-027,sel-027@amazon-demo.local,Electronics>Audio>Headphones,ASIN-002-007,EchoSound Pro Headphones,Digital,54.49,USD,166,CUS-047,Customer CUS-047,cus-047@mail.local,ORD-0524,2026-02-26T10:26:00.000Z,Paid,3,SHP-0524,Delivered,TRK101046,Ukraine,Lviv,Soborna 25
SEL-028,Seller SEL-028,sel-028@amazon-demo.local,Books>Technology>Software Engineering,ASIN-003-008,Patterns for Scalable Systems,Physical,85.49,USD,167,CUS-048,Customer CUS-048,cus-048@mail.local,ORD-0524,2026-02-27T11:27:00.000Z,Packed,1,SHP-0524,Preparing,TRK101047,Ukraine,Odesa,Centralna 7
SEL-029,Seller SEL-029,sel-029@amazon-demo.local,Home & Kitchen>Appliances>Coffee Machines,ASIN-004-009,Barista Smart Brewer,Digital,116.49,USD,168,CUS-049,Customer CUS-049,cus-049@mail.local,ORD-0525,2026-02-28T12:28:00.000Z,Shipped,2,SHP-0525,InTransit,TRK101048,Ukraine,Dnipro,Independence 18
SEL-030,Seller SEL-030,sel-030@amazon-demo.local,Toys & Games>Board Games>Strategy,ASIN-005-010,Kingdoms of Logic,Physical,147.49,USD,169,CUS-050,Customer CUS-050,cus-050@mail.local,ORD-0525,2026-03-01T13:29:00.000Z,Delivered,3,SHP-0525,Delivered,TRK101049,Ukraine,Kharkiv,Naukova 12
SEL-031,Seller SEL-031,sel-031@amazon-demo.local,Electronics>Computers>Laptops,ASIN-001-011,Nova Laptop 14,Physical,28.49,USD,20,CUS-051,Customer CUS-051,cus-051@mail.local,ORD-0526,2026-03-02T14:30:00.000Z,Created,1,SHP-0526,Preparing,TRK101050,Ukraine,Kyiv,Shevchenka 10
SEL-032,Seller SEL-032,sel-032@amazon-demo.local,Electronics>Audio>Headphones,ASIN-002-012,EchoSound Pro Headphones,Digital,59.49,USD,21,CUS-052,Customer CUS-052,cus-052@mail.local,ORD-0526,2026-03-03T15:31:00.000Z,Paid,2,SHP-0526,InTransit,TRK101051,Ukraine,Lviv,Soborna 25
SEL-033,Seller SEL-033,sel-033@amazon-demo.local,Books>Technology>Software Engineering,ASIN-003-013,Patterns for Scalable Systems,Physical,90.49,USD,22,CUS-053,Customer CUS-053,cus-053@mail.local,ORD-0527,2026-03-04T16:32:00.000Z,Packed,3,SHP-0527,Delivered,TRK101052,Ukraine,Odesa,Centralna 7
SEL-034,Seller SEL-034,sel-034@amazon-demo.local,Home & Kitchen>Appliances>Coffee Machines,ASIN-004-014,Barista Smart Brewer,Digital,121.49,USD,23,CUS-054,Customer CUS-054,cus-054@mail.local,ORD-0527,2026-03-05T17:33:00.000Z,Shipped,1,SHP-0527,Preparing,TRK101053,Ukraine,Dnipro,Independence 18
SEL-035,Seller SEL-035,sel-035@amazon-demo.local,Toys & Games>Board Games>Strategy,ASIN-005-015,Kingdoms of Logic,Physical,135.49,USD,24,CUS-055,Customer CUS-055,cus-055@mail.local,ORD-0528,2026-03-06T18:34:00.000Z,Delivered,2,SHP-0528,InTransit,TRK101054,Ukraine,Kharkiv,Naukova 12
SEL-036,Seller SEL-036,sel-036@amazon-demo.local,Electronics>Computers>Laptops,ASIN-001-016,Nova Laptop 14,Physical,16.49,USD,25,CUS-056,Customer CUS-056,cus-056@mail.local,ORD-0528,2026-03-07T19:35:00.000Z,Created,3,SHP-0528,Delivered,TRK101055,Ukraine,Kyiv,Shevchenka 10
SEL-037,Seller SEL-037,sel-037@amazon-demo.local,Electronics>Audio>Headphones,ASIN-002-017,EchoSound Pro Headphones,Digital,47.49,USD,26,CUS-057,Customer CUS-057,cus-057@mail.local,ORD-0529,2026-03-08T08:36:00.000Z,Paid,1,SHP-0529,Preparing,TRK101056,Ukraine,Lviv,Soborna 25
SEL-038,Seller SEL-038,sel-038@amazon-demo.local,Books>Technology>Software Engineering,ASIN-003-018,Patterns for Scalable Systems,Physical,78.49,USD,27,CUS-058,Customer CUS-058,cus-058@mail.local,ORD-0529,2026-03-09T09:37:00.000Z,Packed,2,SHP-0529,InTransit,TRK101057,Ukraine,Odesa,Centralna 7
SEL-039,Seller SEL-039,sel-039@amazon-demo.local,Home & Kitchen>Appliances>Coffee Machines,ASIN-004-019,Barista Smart Brewer,Digital,109.49,USD,28,CUS-059,Customer CUS-059,cus-059@mail.local,ORD-0530,2026-03-10T10:38:00.000Z,Shipped,3,SHP-0530,Delivered,TRK101058,Ukraine,Dnipro,Independence 18
SEL-040,Seller SEL-040,sel-040@amazon-demo.local,Toys & Games>Board Games>Strategy,ASIN-005-020,Kingdoms of Logic,Physical,140.49,USD,29,CUS-060,Customer CUS-060,cus-060@mail.local,ORD-0530,2026-03-11T11:39:00.000Z,Delivered,1,SHP-0530,Preparing,TRK101059,Ukraine,Kharkiv,Naukova 12
SEL-041,Seller SEL-041,sel-041@amazon-demo.local,Electronics>Computers>Laptops,ASIN-001-021,Nova Laptop 14,Physical,21.49,USD,30,CUS-061,Customer CUS-061,cus-061@mail.local,ORD-0531,2026-03-12T12:40:00.000Z,Created,2,SHP-0531,InTransit,TRK101060,Ukraine,Kyiv,Shevchenka 10
SEL-042,Seller SEL-042,sel-042@amazon-demo.local,Electronics>Audio>Headphones,ASIN-002-022,EchoSound Pro Headphones,Digital,52.49,USD,31,CUS-062,Customer CUS-062,cus-062@mail.local,ORD-0531,2026-03-13T13:41:00.000Z,Paid,3,SHP-0531,Delivered,TRK101061,Ukraine,Lviv,Soborna 25
SEL-043,Seller SEL-043,sel-043@amazon-demo.local,Books>Technology>Software Engineering,ASIN-003-023,Patterns for Scalable Systems,Physical,83.49,USD,32,CUS-063,Customer CUS-063,cus-063@mail.local,ORD-0532,2026-03-14T14:42:00.000Z,Packed,1,SHP-0532,Preparing,TRK101062,Ukraine,Odesa,Centralna 7
SEL-044,Seller SEL-044,sel-044@amazon-demo.local,Home & Kitchen>Appliances>Coffee Machines,ASIN-004-024,Barista Smart Brewer,Digital,114.49,USD,33,CUS-064,Customer CUS-064,cus-064@mail.local,ORD-0532,2026-03-15T15:43:00.000Z,Shipped,2,SHP-0532,InTransit,TRK101063,Ukraine,Dnipro,Independence 18
SEL-045,Seller SEL-045,sel-045@amazon-demo.local,Toys & Games>Board Games>Strategy,ASIN-005-025,Kingdoms of Logic,Physical,145.49,USD,34,CUS-065,Customer CUS-065,cus-065@mail.local,ORD-0533,2026-03-16T16:44:00.000Z,Delivered,3,SHP-0533,Delivered,TRK101064,Ukraine,Kharkiv,Naukova 12
SEL-046,Seller SEL-046,sel-046@amazon-demo.local,Electronics>Computers>Laptops,ASIN-001-026,Nova Laptop 14,Physical,26.49,USD,35,CUS-066,Customer CUS-066,cus-066@mail.local,ORD-0533,2026-03-17T17:45:00.000Z,Created,1,SHP-0533,Preparing,TRK101065,Ukraine,Kyiv,Shevchenka 10
SEL-047,Seller SEL-047,sel-047@amazon-demo.local,Electronics>Audio>Headphones,ASIN-002-027,EchoSound Pro Headphones,Digital,57.49,USD,36,CUS-067,Customer CUS-067,cus-067@mail.local,ORD-0534,2026-03-18T18:46:00.000Z,Paid,2,SHP-0534,InTransit,TRK101066,Ukraine,Lviv,Soborna 25
SEL-048,Seller SEL-048,sel-048@amazon-demo.local,Books>Technology>Software Engineering,ASIN-003-028,Patterns for Scalable Systems,Physical,88.49,USD,37,CUS-068,Customer CUS-068,cus-068@mail.local,ORD-0534,2026-03-19T19:47:00.000Z,Packed,3,SHP-0534,Delivered,TRK101067,Ukraine,Odesa,Centralna 7
SEL-049,Seller SEL-049,sel-049@amazon-demo.local,Home & Kitchen>Appliances>Coffee Machines,ASIN-004-029,Barista Smart Brewer,Digital,119.49,USD,38,CUS-069,Customer CUS-069,cus-069@mail.local,ORD-0535,2026-03-20T08:48:00.000Z,Shipped,1,SHP-0535,Preparing,TRK101068,Ukraine,Dnipro,Independence 18
SEL-050,Seller SEL-050,sel-050@amazon-demo.local,Toys & Games>Board Games>Strategy,ASIN-005-030,Kingdoms of Logic,Physical,150.49,USD,39,CUS-070,Customer CUS-070,cus-070@mail.local,ORD-0535,2026-03-21T09:49:00.000Z,Delivered,2,SHP-0535,InTransit,TRK101069,Ukraine,Kharkiv,Naukova 12
SEL-051,Seller SEL-051,sel-051@amazon-demo.local,Electronics>Computers>Laptops,ASIN-001-031,Nova Laptop 14,Physical,31.49,USD,40,CUS-071,Customer CUS-071,cus-071@mail.local,ORD-0536,2026-03-22T10:50:00.000Z,Created,3,SHP-0536,Delivered,TRK101070,Ukraine,Kyiv,Shevchenka 10
SEL-052,Seller SEL-052,sel-052@amazon-demo.local,Electronics>Audio>Headphones,ASIN-002-032,EchoSound Pro Headphones,Digital,45.49,USD,41,CUS-072,Customer CUS-072,cus-072@mail.local,ORD-0536,2026-03-23T11:51:00.000Z,Paid,1,SHP-0536,Preparing,TRK101071,Ukraine,Lviv,Soborna 25
SEL-053,Seller SEL-053,sel-053@amazon-demo.local,Books>Technology>Software Engineering,ASIN-003-033,Patterns for Scalable Systems,Physical,76.49,USD,42,CUS-073,Customer CUS-073,cus-073@mail.local,ORD-0537,2026-03-24T12:52:00.000Z,Packed,2,SHP-0537,InTransit,TRK101072,Ukraine,Odesa,Centralna 7
SEL-054,Seller SEL-054,sel-054@amazon-demo.local,Home & Kitchen>Appliances>Coffee Machines,ASIN-004-034,Barista Smart Brewer,Digital,107.49,USD,43,CUS-074,Customer CUS-074,cus-074@mail.local,ORD-0537,2026-03-25T13:53:00.000Z,Shipped,3,SHP-0537,Delivered,TRK101073,Ukraine,Dnipro,Independence 18
SEL-055,Seller SEL-055,sel-055@amazon-demo.local,Toys & Games>Board Games>Strategy,ASIN-005-035,Kingdoms of Logic,Physical,138.49,USD,44,CUS-075,Customer CUS-075,cus-075@mail.local,ORD-0538,2026-03-26T14:54:00.000Z,Delivered,1,SHP-0538,Preparing,TRK101074,Ukraine,Kharkiv,Naukova 12
SEL-056,Seller SEL-056,sel-056@amazon-demo.local,Electronics>Computers>Laptops,ASIN-001-036,Nova Laptop 14,Physical,19.49,USD,45,CUS-076,Customer CUS-076,cus-076@mail.local,ORD-0538,2026-03-27T15:55:00.000Z,Created,2,SHP-0538,InTransit,TRK101075,Ukraine,Kyiv,Shevchenka 10
SEL-057,Seller SEL-057,sel-057@amazon-demo.local,Electronics>Audio>Headphones,ASIN-002-037,EchoSound Pro Headphones,Digital,50.49,USD,46,CUS-077,Customer CUS-077,cus-077@mail.local,ORD-0539,2026-03-28T16:56:00.000Z,Paid,3,SHP-0539,Delivered,TRK101076,Ukraine,Lviv,Soborna 25
SEL-058,Seller SEL-058,sel-058@amazon-demo.local,Books>Technology>Software Engineering,ASIN-003-038,Patterns for Scalable Systems,Physical,81.49,USD,47,CUS-078,Customer CUS-078,cus-078@mail.local,ORD-0539,2026-03-29T17:57:00.000Z,Packed,1,SHP-0539,Preparing,TRK101077,Ukraine,Odesa,Centralna 7
SEL-059,Seller SEL-059,sel-059@amazon-demo.local,Home & Kitchen>Appliances>Coffee Machines,ASIN-004-039,Barista Smart Brewer,Digital,112.49,USD,48,CUS-079,Customer CUS-079,cus-079@mail.local,ORD-0540,2026-03-30T18:58:00.000Z,Shipped,2,SHP-0540,InTransit,TRK101078,Ukraine,Dnipro,Independence 18
SEL-060,Seller SEL-060,sel-060@amazon-demo.local,Toys & Games>Board Games>Strategy,ASIN-005-040,Kingdoms of Logic,Physical,143.49,USD,49,CUS-080,Customer CUS-080,cus-080@mail.local,ORD-0540,2026-03-31T19:59:00.000Z,Delivered,3,SHP-0540,Delivered,TRK101079,Ukraine,Kharkiv,Naukova 12
SEL-001,Seller SEL-001,sel-001@amazon-demo.local,Electronics>Computers>Laptops,ASIN-001-041,Nova Laptop 14,Physical,24.49,USD,50,CUS-081,Customer CUS-081,cus-081@mail.local,ORD-0541,2026-01-01T08:00:00.000Z,Created,1,SHP-0541,Preparing,TRK101080,Ukraine,Kyiv,Shevchenka 10
SEL-002,Seller SEL-002,sel-002@amazon-demo.local,Electronics>Audio>Headphones,ASIN-002-042,EchoSound Pro Headphones,Digital,55.49,USD,51,CUS-082,Customer CUS-082,cus-082@mail.local,ORD-0541,2026-01-02T09:01:00.000Z,Paid,2,SHP-0541,InTransit,TRK101081,Ukraine,Lviv,Soborna 25
SEL-003,Seller SEL-003,sel-003@amazon-demo.local,Books>Technology>Software Engineering,ASIN-003-043,Patterns for Scalable Systems,Physical,86.49,USD,52,CUS-083,Customer CUS-083,cus-083@mail.local,ORD-0542,2026-01-03T10:02:00.000Z,Packed,3,SHP-0542,Delivered,TRK101082,Ukraine,Odesa,Centralna 7
SEL-004,Seller SEL-004,sel-004@amazon-demo.local,Home & Kitchen>Appliances>Coffee Machines,ASIN-004-044,Barista Smart Brewer,Digital,117.49,USD,53,CUS-084,Customer CUS-084,cus-084@mail.local,ORD-0542,2026-01-04T11:03:00.000Z,Shipped,1,SHP-0542,Preparing,TRK101083,Ukraine,Dnipro,Independence 18
SEL-005,Seller SEL-005,sel-005@amazon-demo.local,Toys & Games>Board Games>Strategy,ASIN-005-045,Kingdoms of Logic,Physical,148.49,USD,54,CUS-085,Customer CUS-085,cus-085@mail.local,ORD-0543,2026-01-05T12:04:00.000Z,Delivered,2,SHP-0543,InTransit,TRK101084,Ukraine,Kharkiv,Naukova 12
SEL-006,Seller SEL-006,sel-006@amazon-demo.local,Electronics>Computers>Laptops,ASIN-001-046,Nova Laptop 14,Physical,29.49,USD,55,CUS-086,Customer CUS-086,cus-086@mail.local,ORD-0543,2026-01-06T13:05:00.000Z,Created,3,SHP-0543,Delivered,TRK101085,Ukraine,Kyiv,Shevchenka 10
SEL-007,Seller SEL-007,sel-007@amazon-demo.local,Electronics>Audio>Headphones,ASIN-002-047,EchoSound Pro Headphones,Digital,60.49,USD,56,CUS-087,Customer CUS-087,cus-087@mail.local,ORD-0544,2026-01-07T14:06:00.000Z,Paid,1,SHP-0544,Preparing,TRK101086,Ukraine,Lviv,Soborna 25
SEL-008,Seller SEL-008,sel-008@amazon-demo.local,Books>Technology>Software Engineering,ASIN-003-048,Patterns for Scalable Systems,Physical,91.49,USD,57,CUS-088,Customer CUS-088,cus-088@mail.local,ORD-0544,2026-01-08T15:07:00.000Z,Packed,2,SHP-0544,InTransit,TRK101087,Ukraine,Odesa,Centralna 7
SEL-009,Seller SEL-009,sel-009@amazon-demo.local,Home & Kitchen>Appliances>Coffee Machines,ASIN-004-049,Barista Smart Brewer,Digital,105.49,USD,58,CUS-089,Customer CUS-089,cus-089@mail.local,ORD-0545,2026-01-09T16:08:00.000Z,Shipped,3,SHP-0545,Delivered,TRK101088,Ukraine,Dnipro,Independence 18
SEL-010,Seller SEL-010,sel-010@amazon-demo.local,Toys & Games>Board Games>Strategy,ASIN-005-050,Kingdoms of Logic,Physical,136.49,USD,59,CUS-090,Customer CUS-090,cus-090@mail.local,ORD-0545,2026-01-10T17:09:00.000Z,Delivered,1,SHP-0545,Preparing,TRK101089,Ukraine,Kharkiv,Naukova 12
SEL-011,Seller SEL-011,sel-011@amazon-demo.local,Electronics>Computers>Laptops,ASIN-001-051,Nova Laptop 14,Physical,17.49,USD,60,CUS-091,Customer CUS-091,cus-091@mail.local,ORD-0546,2026-01-11T18:10:00.000Z,Created,2,SHP-0546,InTransit,TRK101090,Ukraine,Kyiv,Shevchenka 10
SEL-012,Seller SEL-012,sel-012@amazon-demo.local,Electronics>Audio>Headphones,ASIN-002-052,EchoSound Pro Headphones,Digital,48.49,USD,61,CUS-092,Customer CUS-092,cus-092@mail.local,ORD-0546,2026-01-12T19:11:00.000Z,Paid,3,SHP-0546,Delivered,TRK101091,Ukraine,Lviv,Soborna 25
SEL-013,Seller SEL-013,sel-013@amazon-demo.local,Books>Technology>Software Engineering,ASIN-003-053,Patterns for Scalable Systems,Physical,79.49,USD,62,CUS-093,Customer CUS-093,cus-093@mail.local,ORD-0547,2026-01-13T08:12:00.000Z,Packed,1,SHP-0547,Preparing,TRK101092,Ukraine,Odesa,Centralna 7
SEL-014,Seller SEL-014,sel-014@amazon-demo.local,Home & Kitchen>Appliances>Coffee Machines,ASIN-004-054,Barista Smart Brewer,Digital,110.49,USD,63,CUS-094,Customer CUS-094,cus-094@mail.local,ORD-0547,2026-01-14T09:13:00.000Z,Shipped,2,SHP-0547,InTransit,TRK101093,Ukraine,Dnipro,Independence 18
SEL-015,Seller SEL-015,sel-015@amazon-demo.local,Toys & Games>Board Games>Strategy,ASIN-005-055,Kingdoms of Logic,Physical,141.49,USD,64,CUS-095,Customer CUS-095,cus-095@mail.local,ORD-0548,2026-01-15T10:14:00.000Z,Delivered,3,SHP-0548,Delivered,TRK101094,Ukraine,Kharkiv,Naukova 12
SEL-016,Seller SEL-016,sel-016@amazon-demo.local,Electronics>Computers>Laptops,ASIN-001-056,Nova Laptop 14,Physical,22.49,USD,65,CUS-096,Customer CUS-096,cus-096@mail.local,ORD-0548,2026-01-16T11:15:00.000Z,Created,1,SHP-0548,Preparing,TRK101095,Ukraine,Kyiv,Shevchenka 10
SEL-017,Seller SEL-017,sel-017@amazon-demo.local,Electronics>Audio>Headphones,ASIN-002-057,EchoSound Pro Headphones,Digital,53.49,USD,66,CUS-097,Customer CUS-097,cus-097@mail.local,ORD-0549,2026-01-17T12:16:00.000Z,Paid,2,SHP-0549,InTransit,TRK101096,Ukraine,Lviv,Soborna 25
SEL-018,Seller SEL-018,sel-018@amazon-demo.local,Books>Technology>Software Engineering,ASIN-003-058,Patterns for Scalable Systems,Physical,84.49,USD,67,CUS-098,Customer CUS-098,cus-098@mail.local,ORD-0549,2026-01-18T13:17:00.000Z,Packed,3,SHP-0549,Delivered,TRK101097,Ukraine,Odesa,Centralna 7
SEL-019,Seller SEL-019,sel-019@amazon-demo.local,Home & Kitchen>Appliances>Coffee Machines,ASIN-004-059,Barista Smart Brewer,Digital,115.49,USD,68,CUS-099,Customer CUS-099,cus-099@mail.local,ORD-0550,2026-01-19T14:18:00.000Z,Shipped,1,SHP-0550,Preparing,TRK101098,Ukraine,Dnipro,Independence 18
SEL-020,Seller SEL-020,sel-020@amazon-demo.local,Toys & Games>Board Games>Strategy,ASIN-005-060,Kingdoms of Logic,Physical,146.49,USD,69,CUS-100,Customer CUS-100,cus-100@mail.local,ORD-0550,2026-01-20T15:19:00.000Z,Delivered,2,SHP-0550,InTransit,TRK101099,Ukraine,Kharkiv,Naukova 12
SEL-021,Seller SEL-021,sel-021@amazon-demo.local,Electronics>Computers>Laptops,ASIN-001-061,Nova Laptop 14,Physical,27.49,USD,70,CUS-101,Customer CUS-101,cus-101@mail.local,ORD-0551,2026-01-21T16:20:00.000Z,Created,3,SHP-0551,Delivered,TRK101100,Ukraine,Kyiv,Shevchenka 10
SEL-022,Seller SEL-022,sel-022@amazon-demo.local,Electronics>Audio>Headphones,ASIN-002-062,EchoSound Pro Headphones,Digital,58.49,USD,71,CUS-102,Customer CUS-102,cus-102@mail.local,ORD-0551,2026-01-22T17:21:00.000Z,Paid,1,SHP-0551,Preparing,TRK101101,Ukraine,Lviv,Soborna 25
SEL-023,Seller SEL-023,sel-023@amazon-demo.local,Books>Technology>Software Engineering,ASIN-003-063,Patterns for Scalable Systems,Physical,89.49,USD,72,CUS-103,Customer CUS-103,cus-103@mail.local,ORD-0552,2026-01-23T18:22:00.000Z,Packed,2,SHP-0552,InTransit,TRK101102,Ukraine,Odesa,Centralna 7
SEL-024,Seller SEL-024,sel-024@amazon-demo.local,Home & Kitchen>Appliances>Coffee Machines,ASIN-004-064,Barista Smart Brewer,Digital,120.49,USD,73,CUS-104,Customer CUS-104,cus-104@mail.local,ORD-0552,2026-01-24T19:23:00.000Z,Shipped,3,SHP-0552,Delivered,TRK101103,Ukraine,Dnipro,Independence 18
SEL-025,Seller SEL-025,sel-025@amazon-demo.local,Toys & Games>Board Games>Strategy,ASIN-005-065,Kingdoms of Logic,Physical,151.49,USD,74,CUS-105,Customer CUS-105,cus-105@mail.local,ORD-0553,2026-01-25T08:24:00.000Z,Delivered,1,SHP-0553,Preparing,TRK101104,Ukraine,Kharkiv,Naukova 12
SEL-026,Seller SEL-026,sel-026@amazon-demo.local,Electronics>Computers>Laptops,ASIN-001-066,Nova Laptop 14,Physical,15.49,USD,75,CUS-106,Customer CUS-106,cus-106@mail.local,ORD-0553,2026-01-26T09:25:00.000Z,Created,2,SHP-0553,InTransit,TRK101105,Ukraine,Kyiv,Shevchenka 10
SEL-027,Seller SEL-027,sel-027@amazon-demo.local,Electronics>Audio>Headphones,ASIN-002-067,EchoSound Pro Headphones,Digital,46.49,USD,76,CUS-107,Customer CUS-107,cus-107@mail.local,ORD-0554,2026-01-27T10:26:00.000Z,Paid,3,SHP-0554,Delivered,TRK101106,Ukraine,Lviv,Soborna 25
SEL-028,Seller SEL-028,sel-028@amazon-demo.local,Books>Technology>Software Engineering,ASIN-003-068,Patterns for Scalable Systems,Physical,77.49,USD,77,CUS-108,Customer CUS-108,cus-108@mail.local,ORD-0554,2026-01-28T11:27:00.000Z,Packed,1,SHP-0554,Preparing,TRK101107,Ukraine,Odesa,Centralna 7
SEL-029,Seller SEL-029,sel-029@amazon-demo.local,Home & Kitchen>Appliances>Coffee Machines,ASIN-004-069,Barista Smart Brewer,Digital,108.49,USD,78,CUS-109,Customer CUS-109,cus-109@mail.local,ORD-0555,2026-01-29T12:28:00.000Z,Shipped,2,SHP-0555,InTransit,TRK101108,Ukraine,Dnipro,Independence 18
SEL-030,Seller SEL-030,sel-030@amazon-demo.local,Toys & Games>Board Games>Strategy,ASIN-005-070,Kingdoms of Logic,Physical,139.49,USD,79,CUS-110,Customer CUS-110,cus-110@mail.local,ORD-0555,2026-01-30T13:29:00.000Z,Delivered,3,SHP-0555,Delivered,TRK101109,Ukraine,Kharkiv,Naukova 12
SEL-031,Seller SEL-031,sel-031@amazon-demo.local,Electronics>Computers>Laptops,ASIN-001-071,Nova Laptop 14,Physical,20.49,USD,80,CUS-111,Customer CUS-111,cus-111@mail.local,ORD-0556,2026-01-31T14:30:00.000Z,Created,1,SHP-0556,Preparing,TRK101110,Ukraine,Kyiv,Shevchenka 10
SEL-032,Seller SEL-032,sel-032@amazon-demo.local,Electronics>Audio>Headphones,ASIN-002-072,EchoSound Pro Headphones,Digital,51.49,USD,81,CUS-112,Customer CUS-112,cus-112@mail.local,ORD-0556,2026-02-01T15:31:00.000Z,Paid,2,SHP-0556,InTransit,TRK101111,Ukraine,Lviv,Soborna 25
SEL-033,Seller SEL-033,sel-033@amazon-demo.local,Books>Technology>Software Engineering,ASIN-003-073,Patterns for Scalable Systems,Physical,82.49,USD,82,CUS-113,Customer CUS-113,cus-113@mail.local,ORD-0557,2026-02-02T16:32:00.000Z,Packed,3,SHP-0557,Delivered,TRK101112,Ukraine,Odesa,Centralna 7
SEL-034,Seller SEL-034,sel-034@amazon-demo.local,Home & Kitchen>Appliances>Coffee Machines,ASIN-004-074,Barista Smart Brewer,Digital,113.49,USD,83,CUS-114,Customer CUS-114,cus-114@mail.local,ORD-0557,2026-02-03T17:33:00.000Z,Shipped,1,SHP-0557,Preparing,TRK101113,Ukraine,Dnipro,Independence 18
SEL-035,Seller SEL-035,sel-035@amazon-demo.local,Toys & Games>Board Games>Strategy,ASIN-005-075,Kingdoms of Logic,Physical,144.49,USD,84,CUS-115,Customer CUS-115,cus-115@mail.local,ORD-0558,2026-02-04T18:34:00.000Z,Delivered,2,SHP-0558,InTransit,TRK101114,Ukraine,Kharkiv,Naukova 12
SEL-036,Seller SEL-036,sel-036@amazon-demo.local,Electronics>Computers>Laptops,ASIN-001-076,Nova Laptop 14,Physical,25.49,USD,85,CUS-116,Customer CUS-116,cus-116@mail.local,ORD-0558,2026-02-05T19:35:00.000Z,Created,3,SHP-0558,Delivered,TRK101115,Ukraine,Kyiv,Shevchenka 10
SEL-037,Seller SEL-037,sel-037@amazon-demo.local,Electronics>Audio>Headphones,ASIN-002-077,EchoSound Pro Headphones,Digital,56.49,USD,86,CUS-117,Customer CUS-117,cus-117@mail.local,ORD-0559,2026-02-06T08:36:00.000Z,Paid,1,SHP-0559,Preparing,TRK101116,Ukraine,Lviv,Soborna 25
SEL-038,Seller SEL-038,sel-038@amazon-demo.local,Books>Technology>Software Engineering,ASIN-003-078,Patterns for Scalable Systems,Physical,87.49,USD,87,CUS-118,Customer CUS-118,cus-118@mail.local,ORD-0559,2026-02-07T09:37:00.000Z,Packed,2,SHP-0559,InTransit,TRK101117,Ukraine,Odesa,Centralna 7
SEL-039,Seller SEL-039,sel-039@amazon-demo.local,Home & Kitchen>Appliances>Coffee Machines,ASIN-004-079,Barista Smart Brewer,Digital,118.49,USD,88,CUS-119,Customer CUS-119,cus-119@mail.local,ORD-0560,2026-02-08T10:38:00.000Z,Shipped,3,SHP-0560,Delivered,TRK101118,Ukraine,Dnipro,Independence 18
SEL-040,Seller SEL-040,sel-040@amazon-demo.local,Toys & Games>Board Games>Strategy,ASIN-005-080,Kingdoms of Logic,Physical,149.49,USD,89,CUS-120,Customer CUS-120,cus-120@mail.local,ORD-0560,2026-02-09T11:39:00.000Z,Delivered,1,SHP-0560,Preparing,TRK101119,Ukraine,Kharkiv,Naukova 12
SEL-041,Seller SEL-041,sel-041@amazon-demo.local,Electronics>Computers>Laptops,ASIN-001-001,Nova Laptop 14,Physical,30.49,USD,90,CUS-121,Customer CUS-121,cus-121@mail.local,ORD-0561,2026-02-10T12:40:00.000Z,Created,2,SHP-0561,InTransit,TRK101120,Ukraine,Kyiv,Shevchenka 10
SEL-042,Seller SEL-042,sel-042@amazon-demo.local,Electronics>Audio>Headphones,ASIN-002-002,EchoSound Pro Headphones,Digital,61.49,USD,91,CUS-122,Customer CUS-122,cus-122@mail.local,ORD-0561,2026-02-11T13:41:00.000Z,Paid,3,SHP-0561,Delivered,TRK101121,Ukraine,Lviv,Soborna 25
SEL-043,Seller SEL-043,sel-043@amazon-demo.local,Books>Technology>Software Engineering,ASIN-003-003,Patterns for Scalable Systems,Physical,75.49,USD,92,CUS-123,Customer CUS-123,cus-123@mail.local,ORD-0562,2026-02-12T14:42:00.000Z,Packed,1,SHP-0562,Preparing,TRK101122,Ukraine,Odesa,Centralna 7
SEL-044,Seller SEL-044,sel-044@amazon-demo.local,Home & Kitchen>Appliances>Coffee Machines,ASIN-004-004,Barista Smart Brewer,Digital,106.49,USD,93,CUS-124,Customer CUS-124,cus-124@mail.local,ORD-0562,2026-02-13T15:43:00.000Z,Shipped,2,SHP-0562,InTransit,TRK101123,Ukraine,Dnipro,Independence 18
SEL-045,Seller SEL-045,sel-045@amazon-demo.local,Toys & Games>Board Games>Strategy,ASIN-005-005,Kingdoms of Logic,Physical,137.49,USD,94,CUS-125,Customer CUS-125,cus-125@mail.local,ORD-0563,2026-02-14T16:44:00.000Z,Delivered,3,SHP-0563,Delivered,TRK101124,Ukraine,Kharkiv,Naukova 12
SEL-046,Seller SEL-046,sel-046@amazon-demo.local,Electronics>Computers>Laptops,ASIN-001-006,Nova Laptop 14,Physical,18.49,USD,95,CUS-126,Customer CUS-126,cus-126@mail.local,ORD-0563,2026-02-15T17:45:00.000Z,Created,1,SHP-0563,Preparing,TRK101125,Ukraine,Kyiv,Shevchenka 10
SEL-047,Seller SEL-047,sel-047@amazon-demo.local,Electronics>Audio>Headphones,ASIN-002-007,EchoSound Pro Headphones,Digital,49.49,USD,96,CUS-127,Customer CUS-127,cus-127@mail.local,ORD-0564,2026-02-16T18:46:00.000Z,Paid,2,SHP-0564,InTransit,TRK101126,Ukraine,Lviv,Soborna 25
SEL-048,Seller SEL-048,sel-048@amazon-demo.local,Books>Technology>Software Engineering,ASIN-003-008,Patterns for Scalable Systems,Physical,80.49,USD,97,CUS-128,Customer CUS-128,cus-128@mail.local,ORD-0564,2026-02-17T19:47:00.000Z,Packed,3,SHP-0564,Delivered,TRK101127,Ukraine,Odesa,Centralna 7
SEL-049,Seller SEL-049,sel-049@amazon-demo.local,Home & Kitchen>Appliances>Coffee Machines,ASIN-004-009,Barista Smart Brewer,Digital,111.49,USD,98,CUS-129,Customer CUS-129,cus-129@mail.local,ORD-0565,2026-02-18T08:48:00.000Z,Shipped,1,SHP-0565,Preparing,TRK101128,Ukraine,Dnipro,Independence 18
SEL-050,Seller SEL-050,sel-050@amazon-demo.local,Toys & Games>Board Games>Strategy,ASIN-005-010,Kingdoms of Logic,Physical,142.49,USD,99,CUS-130,Customer CUS-130,cus-130@mail.local,ORD-0565,2026-02-19T09:49:00.000Z,Delivered,2,SHP-0565,InTransit,TRK101129,Ukraine,Kharkiv,Naukova 12
SEL-051,Seller SEL-051,sel-051@amazon-demo.local,Electronics>Computers>Laptops,ASIN-001-011,Nova Laptop 14,Physical,23.49,USD,100,CUS-131,Customer CUS-131,cus-131@mail.local,ORD-0566,2026-02-20T10:50:00.000Z,Created,3,SHP-0566,Delivered,TRK101130,Ukraine,Kyiv,Shevchenka 10
SEL-052,Seller SEL-052,sel-052@amazon-demo.local,Electronics>Audio>Headphones,ASIN-002-012,EchoSound Pro Headphones,Digital,54.49,USD,101,CUS-132,Customer CUS-132,cus-132@mail.local,ORD-0566,2026-02-21T11:51:00.000Z,Paid,1,SHP-0566,Preparing,TRK101131,Ukraine,Lviv,Soborna 25
SEL-053,Seller SEL-053,sel-053@amazon-demo.local,Books>Technology>Software Engineering,ASIN-003-013,Patterns for Scalable Systems,Physical,85.49,USD,102,CUS-133,Customer CUS-133,cus-133@mail.local,ORD-0567,2026-02-22T12:52:00.000Z,Packed,2,SHP-0567,InTransit,TRK101132,Ukraine,Odesa,Centralna 7
SEL-054,Seller SEL-054,sel-054@amazon-demo.local,Home & Kitchen>Appliances>Coffee Machines,ASIN-004-014,Barista Smart Brewer,Digital,116.49,USD,103,CUS-134,Customer CUS-134,cus-134@mail.local,ORD-0567,2026-02-23T13:53:00.000Z,Shipped,3,SHP-0567,Delivered,TRK101133,Ukraine,Dnipro,Independence 18
SEL-055,Seller SEL-055,sel-055@amazon-demo.local,Toys & Games>Board Games>Strategy,ASIN-005-015,Kingdoms of Logic,Physical,147.49,USD,104,CUS-135,Customer CUS-135,cus-135@mail.local,ORD-0568,2026-02-24T14:54:00.000Z,Delivered,1,SHP-0568,Preparing,TRK101134,Ukraine,Kharkiv,Naukova 12
SEL-056,Seller SEL-056,sel-056@amazon-demo.local,Electronics>Computers>Laptops,ASIN-001-016,Nova Laptop 14,Physical,28.49,USD,105,CUS-136,Customer CUS-136,cus-136@mail.local,ORD-0568,2026-02-25T15:55:00.000Z,Created,2,SHP-0568,InTransit,TRK101135,Ukraine,Kyiv,Shevchenka 10
SEL-057,Seller SEL-057,sel-057@amazon-demo.local,Electronics>Audio>Headphones,ASIN-002-017,EchoSound Pro Headphones,Digital,59.49,USD,106,CUS-137,Customer CUS-137,cus-137@mail.local,ORD-0569,2026-02-26T16:56:00.000Z,Paid,3,SHP-0569,Delivered,TRK101136,Ukraine,Lviv,Soborna 25
SEL-058,Seller SEL-058,sel-058@amazon-demo.local,Books>Technology>Software Engineering,ASIN-003-018,Patterns for Scalable Systems,Physical,90.49,USD,107,CUS-138,Customer CUS-138,cus-138@mail.local,ORD-0569,2026-02-27T17:57:00.000Z,Packed,1,SHP-0569,Preparing,TRK101137,Ukraine,Odesa,Centralna 7
SEL-059,Seller SEL-059,sel-059@amazon-demo.local,Home & Kitchen>Appliances>Coffee Machines,ASIN-004-019,Barista Smart Brewer,Digital,121.49,USD,108,CUS-139,Customer CUS-139,cus-139@mail.local,ORD-0570,2026-02-28T18:58:00.000Z,Shipped,2,SHP-0570,InTransit,TRK101138,Ukraine,Dnipro,Independence 18
SEL-060,Seller SEL-060,sel-060@amazon-demo.local,Toys & Games>Board Games>Strategy,ASIN-005-020,Kingdoms of Logic,Physical,135.49,USD,109,CUS-140,Customer CUS-140,cus-140@mail.local,ORD-0570,2026-03-01T19:59:00.000Z,Delivered,3,SHP-0570,Delivered,TRK101139,Ukraine,Kharkiv,Naukova 12
SEL-001,Seller SEL-001,sel-001@amazon-demo.local,Electronics>Computers>Laptops,ASIN-001-021,Nova Laptop 14,Physical,16.49,USD,110,CUS-141,Customer CUS-141,cus-141@mail.local,ORD-0571,2026-03-02T08:00:00.000Z,Created,1,SHP-0571,Preparing,TRK101140,Ukraine,Kyiv,Shevchenka 10
SEL-002,Seller SEL-002,sel-002@amazon-demo.local,Electronics>Audio>Headphones,ASIN-002-022,EchoSound Pro Headphones,Digital,47.49,USD,111,CUS-142,Customer CUS-142,cus-142@mail.local,ORD-0571,2026-03-03T09:01:00.000Z,Paid,2,SHP-0571,InTransit,TRK101141,Ukraine,Lviv,Soborna 25
SEL-003,Seller SEL-003,sel-003@amazon-demo.local,Books>Technology>Software Engineering,ASIN-003-023,Patterns for Scalable Systems,Physical,78.49,USD,112,CUS-143,Customer CUS-143,cus-143@mail.local,ORD-0572,2026-03-04T10:02:00.000Z,Packed,3,SHP-0572,Delivered,TRK101142,Ukraine,Odesa,Centralna 7
SEL-004,Seller SEL-004,sel-004@amazon-demo.local,Home & Kitchen>Appliances>Coffee Machines,ASIN-004-024,Barista Smart Brewer,Digital,109.49,USD,113,CUS-144,Customer CUS-144,cus-144@mail.local,ORD-0572,2026-03-05T11:03:00.000Z,Shipped,1,SHP-0572,Preparing,TRK101143,Ukraine,Dnipro,Independence 18
SEL-005,Seller SEL-005,sel-005@amazon-demo.local,Toys & Games>Board Games>Strategy,ASIN-005-025,Kingdoms of Logic,Physical,140.49,USD,114,CUS-145,Customer CUS-145,cus-145@mail.local,ORD-0573,2026-03-06T12:04:00.000Z,Delivered,2,SHP-0573,InTransit,TRK101144,Ukraine,Kharkiv,Naukova 12
SEL-006,Seller SEL-006,sel-006@amazon-demo.local,Electronics>Computers>Laptops,ASIN-001-026,Nova Laptop 14,Physical,21.49,USD,115,CUS-146,Customer CUS-146,cus-146@mail.local,ORD-0573,2026-03-07T13:05:00.000Z,Created,3,SHP-0573,Delivered,TRK101145,Ukraine,Kyiv,Shevchenka 10
SEL-007,Seller SEL-007,sel-007@amazon-demo.local,Electronics>Audio>Headphones,ASIN-002-027,EchoSound Pro Headphones,Digital,52.49,USD,116,CUS-147,Customer CUS-147,cus-147@mail.local,ORD-0574,2026-03-08T14:06:00.000Z,Paid,1,SHP-0574,Preparing,TRK101146,Ukraine,Lviv,Soborna 25
SEL-008,Seller SEL-008,sel-008@amazon-demo.local,Books>Technology>Software Engineering,ASIN-003-028,Patterns for Scalable Systems,Physical,83.49,USD,117,CUS-148,Customer CUS-148,cus-148@mail.local,ORD-0574,2026-03-09T15:07:00.000Z,Packed,2,SHP-0574,InTransit,TRK101147,Ukraine,Odesa,Centralna 7
SEL-009,Seller SEL-009,sel-009@amazon-demo.local,Home & Kitchen>Appliances>Coffee Machines,ASIN-004-029,Barista Smart Brewer,Digital,114.49,USD,118,CUS-149,Customer CUS-149,cus-149@mail.local,ORD-0575,2026-03-10T16:08:00.000Z,Shipped,3,SHP-0575,Delivered,TRK101148,Ukraine,Dnipro,Independence 18
SEL-010,Seller SEL-010,sel-010@amazon-demo.local,Toys & Games>Board Games>Strategy,ASIN-005-030,Kingdoms of Logic,Physical,145.49,USD,119,CUS-150,Customer CUS-150,cus-150@mail.local,ORD-0575,2026-03-11T17:09:00.000Z,Delivered,1,SHP-0575,Preparing,TRK101149,Ukraine,Kharkiv,Naukova 12
SEL-011,Seller SEL-011,sel-011@amazon-demo.local,Electronics>Computers>Laptops,ASIN-001-031,Nova Laptop 14,Physical,26.49,USD,120,CUS-151,Customer CUS-151,cus-151@mail.local,ORD-0576,2026-03-12T18:10:00.000Z,Created,2,SHP-0576,InTransit,TRK101150,Ukraine,Kyiv,Shevchenka 10
SEL-012,Seller SEL-012,sel-012@amazon-demo.local,Electronics>Audio>Headphones,ASIN-002-032,EchoSound Pro Headphones,Digital,57.49,USD,121,CUS-152,Customer CUS-152,cus-152@mail.local,ORD-0576,2026-03-13T19:11:00.000Z,Paid,3,SHP-0576,Delivered,TRK101151,Ukraine,Lviv,Soborna 25
SEL-013,Seller SEL-013,sel-013@amazon-demo.local,Books>Technology>Software Engineering,ASIN-003-033,Patterns for Scalable Systems,Physical,88.49,USD,122,CUS-153,Customer CUS-153,cus-153@mail.local,ORD-0577,2026-03-14T08:12:00.000Z,Packed,1,SHP-0577,Preparing,TRK101152,Ukraine,Odesa,Centralna 7
SEL-014,Seller SEL-014,sel-014@amazon-demo.local,Home & Kitchen>Appliances>Coffee Machines,ASIN-004-034,Barista Smart Brewer,Digital,119.49,USD,123,CUS-154,Customer CUS-154,cus-154@mail.local,ORD-0577,2026-03-15T09:13:00.000Z,Shipped,2,SHP-0577,InTransit,TRK101153,Ukraine,Dnipro,Independence 18
SEL-015,Seller SEL-015,sel-015@amazon-demo.local,Toys & Games>Board Games>Strategy,ASIN-005-035,Kingdoms of Logic,Physical,150.49,USD,124,CUS-155,Customer CUS-155,cus-155@mail.local,ORD-0578,2026-03-16T10:14:00.000Z,Delivered,3,SHP-0578,Delivered,TRK101154,Ukraine,Kharkiv,Naukova 12
SEL-016,Seller SEL-016,sel-016@amazon-demo.local,Electronics>Computers>Laptops,ASIN-001-036,Nova Laptop 14,Physical,31.49,USD,125,CUS-156,Customer CUS-156,cus-156@mail.local,ORD-0578,2026-03-17T11:15:00.000Z,Created,1,SHP-0578,Preparing,TRK101155,Ukraine,Kyiv,Shevchenka 10
SEL-017,Seller SEL-017,sel-017@amazon-demo.local,Electronics>Audio>Headphones,ASIN-002-037,EchoSound Pro Headphones,Digital,45.49,USD,126,CUS-157,Customer CUS-157,cus-157@mail.local,ORD-0579,2026-03-18T12:16:00.000Z,Paid,2,SHP-0579,InTransit,TRK101156,Ukraine,Lviv,Soborna 25
SEL-018,Seller SEL-018,sel-018@amazon-demo.local,Books>Technology>Software Engineering,ASIN-003-038,Patterns for Scalable Systems,Physical,76.49,USD,127,CUS-158,Customer CUS-158,cus-158@mail.local,ORD-0579,2026-03-19T13:17:00.000Z,Packed,3,SHP-0579,Delivered,TRK101157,Ukraine,Odesa,Centralna 7
SEL-019,Seller SEL-019,sel-019@amazon-demo.local,Home & Kitchen>Appliances>Coffee Machines,ASIN-004-039,Barista Smart Brewer,Digital,107.49,USD,128,CUS-159,Customer CUS-159,cus-159@mail.local,ORD-0580,2026-03-20T14:18:00.000Z,Shipped,1,SHP-0580,Preparing,TRK101158,Ukraine,Dnipro,Independence 18
SEL-020,Seller SEL-020,sel-020@amazon-demo.local,Toys & Games>Board Games>Strategy,ASIN-005-040,Kingdoms of Logic,Physical,138.49,USD,129,CUS-160,Customer CUS-160,cus-160@mail.local,ORD-0580,2026-03-21T15:19:00.000Z,Delivered,2,SHP-0580,InTransit,TRK101159,Ukraine,Kharkiv,Naukova 12
SEL-021,Seller SEL-021,sel-021@amazon-demo.local,Electronics>Computers>Laptops,ASIN-001-041,Nova Laptop 14,Physical,19.49,USD,130,CUS-161,Customer CUS-161,cus-161@mail.local,ORD-0581,2026-03-22T16:20:00.000Z,Created,3,SHP-0581,Delivered,TRK101160,Ukraine,Kyiv,Shevchenka 10
SEL-022,Seller SEL-022,sel-022@amazon-demo.local,Electronics>Audio>Headphones,ASIN-002-042,EchoSound Pro Headphones,Digital,50.49,USD,131,CUS-162,Customer CUS-162,cus-162@mail.local,ORD-0581,2026-03-23T17:21:00.000Z,Paid,1,SHP-0581,Preparing,TRK101161,Ukraine,Lviv,Soborna 25
SEL-023,Seller SEL-023,sel-023@amazon-demo.local,Books>Technology>Software Engineering,ASIN-003-043,Patterns for Scalable Systems,Physical,81.49,USD,132,CUS-163,Customer CUS-163,cus-163@mail.local,ORD-0582,2026-03-24T18:22:00.000Z,Packed,2,SHP-0582,InTransit,TRK101162,Ukraine,Odesa,Centralna 7
SEL-024,Seller SEL-024,sel-024@amazon-demo.local,Home & Kitchen>Appliances>Coffee Machines,ASIN-004-044,Barista Smart Brewer,Digital,112.49,USD,133,CUS-164,Customer CUS-164,cus-164@mail.local,ORD-0582,2026-03-25T19:23:00.000Z,Shipped,3,SHP-0582,Delivered,TRK101163,Ukraine,Dnipro,Independence 18
SEL-025,Seller SEL-025,sel-025@amazon-demo.local,Toys & Games>Board Games>Strategy,ASIN-005-045,Kingdoms of Logic,Physical,143.49,USD,134,CUS-165,Customer CUS-165,cus-165@mail.local,ORD-0583,2026-03-26T08:24:00.000Z,Delivered,1,SHP-0583,Preparing,TRK101164,Ukraine,Kharkiv,Naukova 12
SEL-026,Seller SEL-026,sel-026@amazon-demo.local,Electronics>Computers>Laptops,ASIN-001-046,Nova Laptop 14,Physical,24.49,USD,135,CUS-166,Customer CUS-166,cus-166@mail.local,ORD-0583,2026-03-27T09:25:00.000Z,Created,2,SHP-0583,InTransit,TRK101165,Ukraine,Kyiv,Shevchenka 10
SEL-027,Seller SEL-027,sel-027@amazon-demo.local,Electronics>Audio>Headphones,ASIN-002-047,EchoSound Pro Headphones,Digital,55.49,USD,136,CUS-167,Customer CUS-167,cus-167@mail.local,ORD-0584,2026-03-28T10:26:00.000Z,Paid,3,SHP-0584,Delivered,TRK101166,Ukraine,Lviv,Soborna 25
SEL-028,Seller SEL-028,sel-028@amazon-demo.local,Books>Technology>Software Engineering,ASIN-003-048,Patterns for Scalable Systems,Physical,86.49,USD,137,CUS-168,Customer CUS-168,cus-168@mail.local,ORD-0584,2026-03-29T11:27:00.000Z,Packed,1,SHP-0584,Preparing,TRK101167,Ukraine,Odesa,Centralna 7
SEL-029,Seller SEL-029,sel-029@amazon-demo.local,Home & Kitchen>Appliances>Coffee Machines,ASIN-004-049,Barista Smart Brewer,Digital,117.49,USD,138,CUS-169,Customer CUS-169,cus-169@mail.local,ORD-0585,2026-03-30T12:28:00.000Z,Shipped,2,SHP-0585,InTransit,TRK101168,Ukraine,Dnipro,Independence 18
SEL-030,Seller SEL-030,sel-030@amazon-demo.local,Toys & Games>Board Games>Strategy,ASIN-005-050,Kingdoms of Logic,Physical,148.49,USD,139,CUS-170,Customer CUS-170,cus-170@mail.local,ORD-0585,2026-03-31T13:29:00.000Z,Delivered,3,SHP-0585,Delivered,TRK101169,Ukraine,Kharkiv,Naukova 12
SEL-031,Seller SEL-031,sel-031@amazon-demo.local,Electronics>Computers>Laptops,ASIN-001-051,Nova Laptop 14,Physical,29.49,USD,140,CUS-171,Customer CUS-171,cus-171@mail.local,ORD-0586,2026-01-01T14:30:00.000Z,Created,1,SHP-0586,Preparing,TRK101170,Ukraine,Kyiv,Shevchenka 10
SEL-032,Seller SEL-032,sel-032@amazon-demo.local,Electronics>Audio>Headphones,ASIN-002-052,EchoSound Pro Headphones,Digital,60.49,USD,141,CUS-172,Customer CUS-172,cus-172@mail.local,ORD-0586,2026-01-02T15:31:00.000Z,Paid,2,SHP-0586,InTransit,TRK101171,Ukraine,Lviv,Soborna 25
SEL-033,Seller SEL-033,sel-033@amazon-demo.local,Books>Technology>Software Engineering,ASIN-003-053,Patterns for Scalable Systems,Physical,91.49,USD,142,CUS-173,Customer CUS-173,cus-173@mail.local,ORD-0587,2026-01-03T16:32:00.000Z,Packed,3,SHP-0587,Delivered,TRK101172,Ukraine,Odesa,Centralna 7
SEL-034,Seller SEL-034,sel-034@amazon-demo.local,Home & Kitchen>Appliances>Coffee Machines,ASIN-004-054,Barista Smart Brewer,Digital,105.49,USD,143,CUS-174,Customer CUS-174,cus-174@mail.local,ORD-0587,2026-01-04T17:33:00.000Z,Shipped,1,SHP-0587,Preparing,TRK101173,Ukraine,Dnipro,Independence 18
SEL-035,Seller SEL-035,sel-035@amazon-demo.local,Toys & Games>Board Games>Strategy,ASIN-005-055,Kingdoms of Logic,Physical,136.49,USD,144,CUS-175,Customer CUS-175,cus-175@mail.local,ORD-0588,2026-01-05T18:34:00.000Z,Delivered,2,SHP-0588,InTransit,TRK101174,Ukraine,Kharkiv,Naukova 12
SEL-036,Seller SEL-036,sel-036@amazon-demo.local,Electronics>Computers>Laptops,ASIN-001-056,Nova Laptop 14,Physical,17.49,USD,145,CUS-176,Customer CUS-176,cus-176@mail.local,ORD-0588,2026-01-06T19:35:00.000Z,Created,3,SHP-0588,Delivered,TRK101175,Ukraine,Kyiv,Shevchenka 10
SEL-037,Seller SEL-037,sel-037@amazon-demo.local,Electronics>Audio>Headphones,ASIN-002-057,EchoSound Pro Headphones,Digital,48.49,USD,146,CUS-177,Customer CUS-177,cus-177@mail.local,ORD-0589,2026-01-07T08:36:00.000Z,Paid,1,SHP-0589,Preparing,TRK101176,Ukraine,Lviv,Soborna 25
SEL-038,Seller SEL-038,sel-038@amazon-demo.local,Books>Technology>Software Engineering,ASIN-003-058,Patterns for Scalable Systems,Physical,79.49,USD,147,CUS-178,Customer CUS-178,cus-178@mail.local,ORD-0589,2026-01-08T09:37:00.000Z,Packed,2,SHP-0589,InTransit,TRK101177,Ukraine,Odesa,Centralna 7
SEL-039,Seller SEL-039,sel-039@amazon-demo.local,Home & Kitchen>Appliances>Coffee Machines,ASIN-004-059,Barista Smart Brewer,Digital,110.49,USD,148,CUS-179,Customer CUS-179,cus-179@mail.local,ORD-0590,2026-01-09T10:38:00.000Z,Shipped,3,SHP-0590,Delivered,TRK101178,Ukraine,Dnipro,Independence 18
SEL-040,Seller SEL-040,sel-040@amazon-demo.local,Toys & Games>Board Games>Strategy,ASIN-005-060,Kingdoms of Logic,Physical,141.49,USD,149,CUS-180,Customer CUS-180,cus-180@mail.local,ORD-0590,2026-01-10T11:39:00.000Z,Delivered,1,SHP-0590,Preparing,TRK101179,Ukraine,Kharkiv,Naukova 12
SEL-041,Seller SEL-041,sel-041@amazon-demo.local,Electronics>Computers>Laptops,ASIN-001-061,Nova Laptop 14,Physical,22.49,USD,150,CUS-181,Customer CUS-181,cus-181@mail.local,ORD-0591,2026-01-11T12:40:00.000Z,Created,2,SHP-0591,InTransit,TRK101180,Ukraine,Kyiv,Shevchenka 10
SEL-042,Seller SEL-042,sel-042@amazon-demo.local,Electronics>Audio>Headphones,ASIN-002-062,EchoSound Pro Headphones,Digital,53.49,USD,151,CUS-182,Customer CUS-182,cus-182@mail.local,ORD-0591,2026-01-12T13:41:00.000Z,Paid,3,SHP-0591,Delivered,TRK101181,Ukraine,Lviv,Soborna 25
SEL-043,Seller SEL-043,sel-043@amazon-demo.local,Books>Technology>Software Engineering,ASIN-003-063,Patterns for Scalable Systems,Physical,84.49,USD,152,CUS-183,Customer CUS-183,cus-183@mail.local,ORD-0592,2026-01-13T14:42:00.000Z,Packed,1,SHP-0592,Preparing,TRK101182,Ukraine,Odesa,Centralna 7
SEL-044,Seller SEL-044,sel-044@amazon-demo.local,Home & Kitchen>Appliances>Coffee Machines,ASIN-004-064,Barista Smart Brewer,Digital,115.49,USD,153,CUS-184,Customer CUS-184,cus-184@mail.local,ORD-0592,2026-01-14T15:43:00.000Z,Shipped,2,SHP-0592,InTransit,TRK101183,Ukraine,Dnipro,Independence 18
SEL-045,Seller SEL-045,sel-045@amazon-demo.local,Toys & Games>Board Games>Strategy,ASIN-005-065,Kingdoms of Logic,Physical,146.49,USD,154,CUS-185,Customer CUS-185,cus-185@mail.local,ORD-0593,2026-01-15T16:44:00.000Z,Delivered,3,SHP-0593,Delivered,TRK101184,Ukraine,Kharkiv,Naukova 12
SEL-046,Seller SEL-046,sel-046@amazon-demo.local,Electronics>Computers>Laptops,ASIN-001-066,Nova Laptop 14,Physical,27.49,USD,155,CUS-186,Customer CUS-186,cus-186@mail.local,ORD-0593,2026-01-16T17:45:00.000Z,Created,1,SHP-0593,Preparing,TRK101185,Ukraine,Kyiv,Shevchenka 10
SEL-047,Seller SEL-047,sel-047@amazon-demo.local,Electronics>Audio>Headphones,ASIN-002-067,EchoSound Pro Headphones,Digital,58.49,USD,156,CUS-187,Customer CUS-187,cus-187@mail.local,ORD-0594,2026-01-17T18:46:00.000Z,Paid,2,SHP-0594,InTransit,TRK101186,Ukraine,Lviv,Soborna 25
SEL-048,Seller SEL-048,sel-048@amazon-demo.local,Books>Technology>Software Engineering,ASIN-003-068,Patterns for Scalable Systems,Physical,89.49,USD,157,CUS-188,Customer CUS-188,cus-188@mail.local,ORD-0594,2026-01-18T19:47:00.000Z,Packed,3,SHP-0594,Delivered,TRK101187,Ukraine,Odesa,Centralna 7
SEL-049,Seller SEL-049,sel-049@amazon-demo.local,Home & Kitchen>Appliances>Coffee Machines,ASIN-004-069,Barista Smart Brewer,Digital,120.49,USD,158,CUS-189,Customer CUS-189,cus-189@mail.local,ORD-0595,2026-01-19T08:48:00.000Z,Shipped,1,SHP-0595,Preparing,TRK101188,Ukraine,Dnipro,Independence 18
SEL-050,Seller SEL-050,sel-050@amazon-demo.local,Toys & Games>Board Games>Strategy,ASIN-005-070,Kingdoms of Logic,Physical,151.49,USD,159,CUS-190,Customer CUS-190,cus-190@mail.local,ORD-0595,2026-01-20T09:49:00.000Z,Delivered,2,SHP-0595,InTransit,TRK101189,Ukraine,Kharkiv,Naukova 12
SEL-051,Seller SEL-051,sel-051@amazon-demo.local,Electronics>Computers>Laptops,ASIN-001-071,Nova Laptop 14,Physical,15.49,USD,160,CUS-191,Customer CUS-191,cus-191@mail.local,ORD-0596,2026-01-21T10:50:00.000Z,Created,3,SHP-0596,Delivered,TRK101190,Ukraine,Kyiv,Shevchenka 10
SEL-052,Seller SEL-052,sel-052@amazon-demo.local,Electronics>Audio>Headphones,ASIN-002-072,EchoSound Pro Headphones,Digital,46.49,USD,161,CUS-192,Customer CUS-192,cus-192@mail.local,ORD-0596,2026-01-22T11:51:00.000Z,Paid,1,SHP-0596,Preparing,TRK101191,Ukraine,Lviv,Soborna 25
SEL-053,Seller SEL-053,sel-053@amazon-demo.local,Books>Technology>Software Engineering,ASIN-003-073,Patterns for Scalable Systems,Physical,77.49,USD,162,CUS-193,Customer CUS-193,cus-193@mail.local,ORD-0597,2026-01-23T12:52:00.000Z,Packed,2,SHP-0597,InTransit,TRK101192,Ukraine,Odesa,Centralna 7
SEL-054,Seller SEL-054,sel-054@amazon-demo.local,Home & Kitchen>Appliances>Coffee Machines,ASIN-004-074,Barista Smart Brewer,Digital,108.49,USD,163,CUS-194,Customer CUS-194,cus-194@mail.local,ORD-0597,2026-01-24T13:53:00.000Z,Shipped,3,SHP-0597,Delivered,TRK101193,Ukraine,Dnipro,Independence 18
SEL-055,Seller SEL-055,sel-055@amazon-demo.local,Toys & Games>Board Games>Strategy,ASIN-005-075,Kingdoms of Logic,Physical,139.49,USD,164,CUS-195,Customer CUS-195,cus-195@mail.local,ORD-0598,2026-01-25T14:54:00.000Z,Delivered,1,SHP-0598,Preparing,TRK101194,Ukraine,Kharkiv,Naukova 12
SEL-056,Seller SEL-056,sel-056@amazon-demo.local,Electronics>Computers>Laptops,ASIN-001-076,Nova Laptop 14,Physical,20.49,USD,165,CUS-196,Customer CUS-196,cus-196@mail.local,ORD-0598,2026-01-26T15:55:00.000Z,Created,2,SHP-0598,InTransit,TRK101195,Ukraine,Kyiv,Shevchenka 10
SEL-057,Seller SEL-057,sel-057@amazon-demo.local,Electronics>Audio>Headphones,ASIN-002-077,EchoSound Pro Headphones,Digital,51.49,USD,166,CUS-197,Customer CUS-197,cus-197@mail.local,ORD-0599,2026-01-27T16:56:00.000Z,Paid,3,SHP-0599,Delivered,TRK101196,Ukraine,Lviv,Soborna 25
SEL-058,Seller SEL-058,sel-058@amazon-demo.local,Books>Technology>Software Engineering,ASIN-003-078,Patterns for Scalable Systems,Physical,82.49,USD,167,CUS-198,Customer CUS-198,cus-198@mail.local,ORD-0599,2026-01-28T17:57:00.000Z,Packed,1,SHP-0599,Preparing,TRK101197,Ukraine,Odesa,Centralna 7
SEL-059,Seller SEL-059,sel-059@amazon-demo.local,Home & Kitchen>Appliances>Coffee Machines,ASIN-004-079,Barista Smart Brewer,Digital,113.49,USD,168,CUS-199,Customer CUS-199,cus-199@mail.local,ORD-0600,2026-01-29T18:58:00.000Z,Shipped,2,SHP-0600,InTransit,TRK101198,Ukraine,Dnipro,Independence 18
SEL-060,Seller SEL-060,sel-060@amazon-demo.local,Toys & Games>Board Games>Strategy,ASIN-005-080,Kingdoms of Logic,Physical,144.49,USD,169,CUS-200,Customer CUS-200,cus-200@mail.local,ORD-0600,2026-01-30T19:59:00.000Z,Delivered,3,SHP-0600,Delivered,TRK101199,Ukraine,Kharkiv,Naukova 12